customer_id,plan,industry,company_size,region,signup_date,experiment_group,ai_adopted,adoption_week,calls_12w,ai_calls_12w,avg_handle_time_sec,resolution_rate,escalation_rate,feature_count,active_weeks,retained_8w,churn_risk,health_score,annual_revenue,signup_month
CUST-00001,Business,SaaS,Mid-Market,North America,2026-01-28,Treatment,0,0,11,3,333,0.7823,0.1668,3,5,0,0.6244,38,10133,2026-01
CUST-00002,Professional,Financial Services,Mid-Market,North America,2026-01-07,Treatment,0,0,13,1,376,0.6415,0.228,3,6,1,0.4954,39,2466,2026-01
CUST-00003,Business,Professional Services,SMB,North America,2026-02-17,Control,0,0,7,0,349,0.6755,0.2049,2,2,0,0.528,33,8741,2026-02
CUST-00004,Professional,SaaS,SMB,APAC,2026-02-10,Control,0,0,10,0,418,0.9784,0.1865,3,6,1,0.441,46,3134,2026-02
CUST-00005,Starter,SaaS,SMB,North America,2025-11-25,Treatment,1,9,5,4,390,0.8483,0.1053,5,4,1,0.2632,59,1183,2025-11
CUST-00006,Enterprise,E-commerce,SMB,North America,2025-11-17,Control,0,0,14,0,422,0.7648,0.1772,2,5,0,0.4499,41,16466,2025-11
CUST-00007,Business,Professional Services,SMB,North America,2026-03-05,Treatment,1,6,10,6,439,0.7903,0.1151,1,5,1,0.4366,54,9189,2026-03
CUST-00008,Business,Financial Services,Enterprise,LATAM,2025-12-17,Treatment,0,0,16,3,379,0.8279,0.2022,3,3,1,0.5482,38,7558,2025-12
CUST-00009,Starter,Financial Services,SMB,North America,2026-02-23,Treatment,0,0,3,0,398,0.6409,0.1385,3,4,0,0.5487,35,1271,2026-02
CUST-00010,Professional,Healthcare,SMB,North America,2025-10-17,Control,0,0,13,3,415,0.683,0.188,3,7,0,0.4395,46,3663,2025-10
CUST-00011,Professional,SaaS,Mid-Market,North America,2025-10-25,Control,0,0,8,0,515,0.8203,0.1652,3,6,1,0.5307,43,3366,2025-10
CUST-00012,Enterprise,E-commerce,SMB,North America,2026-01-22,Treatment,1,7,13,10,386,0.833,0.1149,8,8,1,0.2074,68,13020,2026-01
CUST-00013,Professional,SaaS,SMB,APAC,2026-01-19,Control,0,0,3,1,379,0.7593,0.1609,2,5,0,0.4527,41,2446,2026-01
CUST-00014,Business,Professional Services,SMB,Europe,2025-11-14,Treatment,0,0,17,1,454,0.6795,0.1476,3,2,1,0.5463,37,7696,2025-11
CUST-00015,Professional,SaaS,Enterprise,North America,2025-11-05,Control,0,0,17,4,385,0.7748,0.1481,3,7,1,0.199,56,2717,2025-11
CUST-00016,Starter,Healthcare,SMB,APAC,2025-12-29,Control,1,3,5,3,390,0.7652,0.0919,3,6,1,0.3175,57,1223,2025-12
CUST-00017,Professional,E-commerce,Mid-Market,North America,2025-12-13,Control,1,8,13,11,345,0.679,0.1023,6,6,1,0.3872,59,3122,2025-12
CUST-00018,Starter,E-commerce,Mid-Market,APAC,2025-12-08,Control,0,0,8,2,330,0.807,0.1487,3,6,1,0.1847,54,1476,2025-12
CUST-00019,Business,Financial Services,SMB,North America,2025-11-13,Treatment,0,0,18,1,374,0.6556,0.1226,7,8,1,0.3411,45,7178,2025-11
CUST-00020,Professional,E-commerce,Mid-Market,North America,2026-01-27,Treatment,0,0,21,1,494,0.6263,0.1759,4,6,0,0.2343,50,2925,2026-01
CUST-00021,Business,Education,SMB,APAC,2026-02-19,Treatment,1,2,10,9,369,0.7284,0.0864,6,6,0,0.3018,62,6525,2026-02
CUST-00022,Professional,Professional Services,SMB,APAC,2025-11-14,Treatment,0,0,10,2,408,0.7321,0.1073,4,5,0,0.56,37,2957,2025-11
CUST-00023,Enterprise,Education,SMB,Europe,2026-01-13,Control,0,0,17,4,399,0.6928,0.1192,4,5,0,0.441,41,13942,2026-01
CUST-00024,Business,Financial Services,Enterprise,Europe,2026-02-28,Control,0,0,25,3,389,0.8759,0.1664,3,9,1,0.2353,64,7956,2026-02
CUST-00025,Business,Financial Services,SMB,APAC,2026-02-23,Treatment,0,0,9,2,401,0.8166,0.1757,1,4,1,0.3827,42,7118,2026-02
CUST-00026,Starter,Financial Services,SMB,Europe,2026-01-21,Control,0,0,7,0,393,0.7371,0.1872,3,5,0,0.4393,40,1151,2026-01
CUST-00027,Professional,E-commerce,Enterprise,North America,2025-12-05,Control,0,0,16,2,418,0.6537,0.1465,3,6,1,0.4391,41,3287,2025-12
CUST-00028,Starter,Healthcare,SMB,North America,2026-01-15,Control,1,8,7,4,318,0.8848,0.0734,4,9,1,0.2444,65,1195,2026-01
CUST-00029,Starter,Financial Services,Mid-Market,Europe,2026-03-03,Treatment,0,0,7,1,442,0.7533,0.1732,2,4,1,0.4331,40,1318,2026-03
CUST-00030,Professional,SaaS,Mid-Market,Europe,2025-12-09,Control,0,0,10,1,402,0.6723,0.138,3,3,0,0.3564,39,2758,2025-12
CUST-00031,Business,SaaS,Mid-Market,APAC,2026-02-23,Control,0,0,13,0,343,0.7476,0.1388,3,3,1,0.5067,39,8212,2026-02
CUST-00032,Enterprise,Professional Services,Mid-Market,North America,2025-10-17,Treatment,1,3,16,12,344,0.8505,0.0942,3,4,0,0.432,56,14009,2025-10
CUST-00033,Professional,SaaS,Mid-Market,North America,2025-12-14,Treatment,0,0,15,0,391,0.6677,0.1662,6,7,1,0.3212,49,3321,2025-12
CUST-00034,Professional,E-commerce,SMB,North America,2025-10-28,Control,1,3,14,11,413,0.6969,0.1031,7,9,1,0.2737,67,2756,2025-10
CUST-00035,Professional,Financial Services,Enterprise,APAC,2026-01-18,Treatment,0,0,13,0,404,0.825,0.1622,3,5,1,0.3845,46,2613,2026-01
CUST-00036,Starter,SaaS,Enterprise,North America,2025-11-14,Control,0,0,10,1,363,0.7867,0.1343,4,6,0,0.4108,41,1220,2025-11
CUST-00037,Starter,Education,Enterprise,APAC,2026-02-03,Control,0,0,7,0,303,0.7179,0.1504,5,9,0,0.3164,49,1453,2026-02
CUST-00038,Professional,SaaS,Mid-Market,North America,2025-10-10,Control,0,0,18,1,377,0.771,0.1614,4,8,1,0.3796,50,2998,2025-10
CUST-00039,Starter,Education,SMB,North America,2025-12-17,Control,0,0,8,0,477,0.8003,0.191,4,5,0,0.4882,38,1201,2025-12
CUST-00040,Professional,Professional Services,SMB,APAC,2026-01-11,Control,0,0,8,0,438,0.696,0.1766,3,3,1,0.4117,41,2544,2026-01
CUST-00041,Professional,SaaS,SMB,North America,2026-01-17,Treatment,0,0,11,0,365,0.703,0.1636,2,6,1,0.3703,44,4089,2026-01
CUST-00042,Business,SaaS,SMB,APAC,2025-10-07,Control,0,0,5,0,403,0.8689,0.1756,4,5,0,0.3893,43,6457,2025-10
CUST-00043,Business,Healthcare,Mid-Market,North America,2025-11-30,Treatment,0,0,16,4,399,0.6769,0.1917,1,3,0,0.4566,39,7740,2025-11
CUST-00044,Starter,Healthcare,Mid-Market,North America,2025-12-11,Control,0,0,10,0,499,0.8797,0.1271,3,6,1,0.4819,45,1242,2025-12
CUST-00045,Business,SaaS,SMB,Europe,2025-11-24,Control,1,8,12,9,361,0.98,0.0903,4,5,1,0.4509,56,7363,2025-11
CUST-00046,Business,Education,SMB,APAC,2026-02-11,Treatment,1,8,23,14,340,0.831,0.0489,7,9,1,0.315,69,7991,2026-02
CUST-00047,Professional,SaaS,Mid-Market,North America,2025-12-12,Treatment,0,0,8,2,415,0.5924,0.1599,3,6,0,0.4124,41,3298,2025-12
CUST-00048,Starter,Professional Services,SMB,North America,2025-10-21,Control,1,6,6,4,405,0.802,0.0776,5,6,0,0.2854,61,956,2025-10
CUST-00049,Professional,SaaS,Enterprise,Europe,2025-12-13,Control,0,0,15,3,440,0.736,0.1934,2,2,0,0.5836,31,3659,2025-12
CUST-00050,Starter,Education,Mid-Market,LATAM,2026-02-20,Treatment,1,3,12,8,407,0.8034,0.1185,5,6,1,0.3402,60,1090,2026-02
CUST-00051,Starter,SaaS,SMB,APAC,2025-12-23,Control,1,7,6,5,477,0.9143,0.1409,4,5,0,0.3689,59,1137,2025-12
CUST-00052,Starter,E-commerce,SMB,APAC,2025-12-03,Treatment,0,0,8,1,338,0.6912,0.1529,2,5,0,0.424,41,1089,2025-12
CUST-00053,Business,E-commerce,Mid-Market,North America,2026-01-22,Treatment,0,0,12,1,400,0.7661,0.1662,4,6,0,0.2193,51,6530,2026-01
CUST-00054,Professional,SaaS,SMB,Europe,2026-01-13,Control,1,4,7,5,365,0.8419,0.0886,7,6,0,0.1903,62,3489,2026-01
CUST-00055,Business,Professional Services,Mid-Market,APAC,2025-11-24,Treatment,0,0,10,1,335,0.7645,0.1929,2,3,1,0.4883,38,7221,2025-11
CUST-00056,Business,Healthcare,SMB,APAC,2026-01-06,Control,0,0,13,1,346,0.6548,0.1593,3,2,1,0.4791,37,8298,2026-01
CUST-00057,Professional,E-commerce,SMB,APAC,2025-10-16,Treatment,1,4,17,10,357,0.8844,0.0661,5,10,1,0.1847,76,3335,2025-10
CUST-00058,Professional,E-commerce,SMB,APAC,2025-12-01,Treatment,0,0,13,3,376,0.6494,0.1175,5,5,0,0.5945,34,3587,2025-12
CUST-00059,Starter,Financial Services,Mid-Market,APAC,2025-11-23,Treatment,0,0,5,1,372,0.7615,0.1915,2,5,1,0.3881,46,1026,2025-11
CUST-00060,Starter,SaaS,Enterprise,North America,2025-12-09,Treatment,0,0,17,0,314,0.7704,0.1682,3,5,1,0.4682,40,1116,2025-12
CUST-00061,Professional,SaaS,Mid-Market,North America,2026-03-08,Treatment,1,5,12,11,287,0.7301,0.0949,4,5,1,0.3194,57,3165,2026-03
CUST-00062,Professional,SaaS,SMB,LATAM,2025-10-26,Control,0,0,6,1,370,0.6438,0.1985,5,4,1,0.3856,34,3385,2025-10
CUST-00063,Professional,Healthcare,Mid-Market,Europe,2025-11-17,Control,1,6,15,6,370,0.7817,0.0937,4,5,1,0.3343,59,2674,2025-11
CUST-00064,Business,SaaS,SMB,North America,2026-03-06,Control,0,0,21,0,428,0.8192,0.123,4,7,0,0.4548,48,6564,2026-03
CUST-00065,Professional,Education,Mid-Market,North America,2026-02-15,Control,0,0,17,4,381,0.764,0.1287,4,1,1,0.4986,32,3241,2026-02
CUST-00066,Professional,E-commerce,Enterprise,Europe,2025-11-10,Treatment,0,0,20,2,368,0.8136,0.1752,5,7,1,0.271,53,3017,2025-11
CUST-00067,Professional,Financial Services,SMB,APAC,2025-11-17,Control,0,0,3,0,431,0.8199,0.1779,1,2,0,0.6794,30,2755,2025-11
CUST-00068,Starter,Healthcare,Enterprise,APAC,2025-12-04,Treatment,0,0,10,0,426,0.7898,0.2159,5,5,0,0.4326,40,1006,2025-12
CUST-00069,Starter,Healthcare,SMB,North America,2026-01-09,Control,0,0,4,1,345,0.7271,0.1621,4,5,0,0.5555,37,1057,2026-01
CUST-00070,Professional,E-commerce,SMB,North America,2025-10-21,Control,0,0,19,5,501,0.47,0.2078,4,1,0,0.4602,33,3217,2025-10
CUST-00071,Starter,Healthcare,SMB,North America,2025-10-15,Control,0,0,8,0,286,0.7847,0.1329,3,6,0,0.4795,45,1367,2025-10
CUST-00072,Professional,Healthcare,Enterprise,APAC,2025-10-12,Treatment,0,0,13,6,416,0.9176,0.1427,4,5,1,0.3841,45,3397,2025-10
CUST-00073,Business,E-commerce,SMB,North America,2026-02-23,Control,1,7,13,9,413,0.7507,0.0639,4,6,0,0.4392,57,6672,2026-02
CUST-00074,Starter,E-commerce,Mid-Market,Europe,2025-10-04,Control,1,9,12,7,428,0.8069,0.0968,5,8,1,0.1751,65,1368,2025-10
CUST-00075,Starter,Education,SMB,Europe,2026-02-25,Control,0,0,4,1,414,0.8722,0.1916,3,4,1,0.6563,34,1398,2026-02
CUST-00076,Starter,SaaS,Mid-Market,Europe,2025-12-05,Treatment,1,5,8,5,295,0.8525,0.0872,6,7,1,0.2317,66,1254,2025-12
CUST-00077,Starter,E-commerce,SMB,Europe,2025-11-28,Control,0,0,4,0,519,0.7677,0.1379,2,5,1,0.5139,39,1218,2025-11
CUST-00078,Professional,SaaS,SMB,Europe,2025-10-06,Treatment,1,3,16,9,297,0.7767,0.1074,4,4,1,0.3367,55,3223,2025-10
CUST-00079,Professional,Healthcare,Mid-Market,Europe,2025-10-01,Control,1,4,9,5,315,0.8327,0.0884,4,9,1,0.1443,71,2487,2025-10
CUST-00080,Business,Financial Services,Mid-Market,North America,2025-12-16,Control,0,0,10,4,354,0.7459,0.1778,2,8,0,0.1698,58,6057,2025-12
CUST-00081,Professional,SaaS,SMB,North America,2026-01-01,Treatment,1,4,5,5,279,0.8429,0.0894,4,7,1,0.3709,59,2969,2026-01
CUST-00082,Professional,Financial Services,SMB,Europe,2026-01-15,Treatment,1,3,16,13,285,0.7182,0.0893,6,8,1,0.194,66,2948,2026-01
CUST-00083,Business,Healthcare,SMB,North America,2026-02-17,Treatment,1,8,8,7,304,0.98,0.1423,4,4,0,0.5174,56,5257,2026-02
CUST-00084,Starter,SaaS,Enterprise,Europe,2025-11-12,Control,0,0,21,2,297,0.7314,0.1354,4,7,1,0.4812,43,1229,2025-11
CUST-00085,Starter,Education,Mid-Market,North America,2025-11-24,Treatment,0,0,10,1,410,0.6498,0.1721,4,8,1,0.1559,58,1346,2025-11
CUST-00086,Starter,Healthcare,Mid-Market,APAC,2025-10-12,Treatment,1,8,8,6,337,0.7537,0.1096,6,8,0,0.2325,62,1409,2025-10
CUST-00087,Business,Professional Services,Mid-Market,North America,2025-12-01,Treatment,1,9,6,4,354,0.7215,0.118,2,3,1,0.4434,51,7797,2025-12
CUST-00088,Professional,Healthcare,Mid-Market,Europe,2025-12-30,Control,0,0,11,0,426,0.7097,0.1342,4,7,0,0.2974,48,2815,2025-12
CUST-00089,Starter,Education,SMB,North America,2026-03-06,Control,0,0,11,1,398,0.7043,0.1714,3,5,1,0.3783,43,1385,2026-03
CUST-00090,Professional,Healthcare,SMB,North America,2026-01-28,Control,0,0,10,4,348,0.8087,0.1496,2,6,1,0.2293,58,3457,2026-01
CUST-00091,Starter,Healthcare,Mid-Market,North America,2025-12-09,Treatment,1,3,7,6,380,0.7078,0.0897,2,7,0,0.3015,63,1225,2025-12
CUST-00092,Professional,Professional Services,SMB,Europe,2025-12-29,Treatment,0,0,12,2,384,0.6191,0.1505,3,5,1,0.4377,40,3263,2025-12
CUST-00093,Professional,Healthcare,SMB,North America,2026-01-31,Control,1,9,17,14,308,0.6488,0.0783,5,7,0,0.2383,63,3271,2026-01
CUST-00094,Professional,Healthcare,Mid-Market,APAC,2025-10-08,Control,0,0,8,1,394,0.759,0.2002,2,4,0,0.3961,40,3862,2025-10
CUST-00095,Starter,Education,Mid-Market,Europe,2025-10-24,Control,0,0,8,0,480,0.7843,0.1867,3,5,1,0.2987,46,805,2025-10
CUST-00096,Professional,E-commerce,Mid-Market,LATAM,2026-02-11,Control,0,0,12,0,379,0.4573,0.1265,2,4,1,0.4294,39,3322,2026-02
CUST-00097,Professional,Financial Services,SMB,Europe,2026-01-28,Treatment,0,0,6,0,446,0.7634,0.1543,3,3,0,0.5035,37,2929,2026-01
CUST-00098,Starter,Financial Services,Enterprise,Europe,2025-12-03,Control,0,0,11,0,356,0.6729,0.158,3,5,0,0.3601,43,1208,2025-12
CUST-00099,Starter,Professional Services,SMB,APAC,2026-03-07,Control,0,0,6,0,412,0.813,0.1952,4,5,1,0.2057,47,1319,2026-03
CUST-00100,Enterprise,Education,SMB,North America,2025-10-12,Control,0,0,12,1,420,0.9087,0.1321,5,5,1,0.4154,45,16026,2025-10
CUST-00101,Business,E-commerce,Enterprise,Europe,2025-11-18,Control,0,0,36,3,357,0.5929,0.1437,5,8,0,0.354,55,7740,2025-11
CUST-00102,Professional,Healthcare,Mid-Market,North America,2026-02-07,Treatment,0,0,28,0,391,0.6837,0.1422,4,5,0,0.4788,43,2930,2026-02
CUST-00103,Starter,SaaS,Enterprise,Europe,2025-10-05,Control,0,0,3,0,358,0.8124,0.1117,2,5,1,0.3725,44,1278,2025-10
CUST-00104,Enterprise,Financial Services,Mid-Market,North America,2026-02-20,Treatment,0,0,21,0,363,0.8379,0.1119,3,5,1,0.5179,42,16812,2026-02
CUST-00105,Business,Professional Services,Mid-Market,North America,2025-11-29,Treatment,0,0,21,0,409,0.7181,0.1669,3,6,0,0.4155,43,6690,2025-11
CUST-00106,Business,E-commerce,SMB,Europe,2026-01-15,Treatment,1,6,16,11,450,0.884,0.0717,4,5,1,0.3559,65,7945,2026-01
CUST-00107,Professional,SaaS,SMB,North America,2025-12-30,Control,0,0,5,0,433,0.7678,0.166,1,4,0,0.5042,40,3281,2025-12
CUST-00108,Starter,Healthcare,Enterprise,North America,2026-03-06,Treatment,0,0,17,0,412,0.8086,0.12,3,3,1,0.5364,38,1238,2026-03
CUST-00109,Starter,E-commerce,Mid-Market,North America,2026-01-15,Treatment,0,0,4,1,473,0.8141,0.1317,4,8,1,0.1661,55,1386,2026-01
CUST-00110,Business,Professional Services,SMB,APAC,2025-12-11,Control,0,0,17,4,322,0.7201,0.1494,2,5,0,0.4152,45,7402,2025-12
CUST-00111,Professional,SaaS,SMB,North America,2026-01-09,Treatment,0,0,10,4,457,0.7969,0.1229,4,7,0,0.3657,49,2668,2026-01
CUST-00112,Starter,Financial Services,SMB,North America,2026-02-26,Control,0,0,6,0,390,0.7211,0.1525,2,6,0,0.4374,43,1218,2026-02
CUST-00113,Starter,Professional Services,SMB,LATAM,2025-12-04,Control,0,0,11,1,420,0.8,0.1521,1,5,1,0.4107,45,1193,2025-12
CUST-00114,Professional,Education,Mid-Market,APAC,2025-11-02,Control,1,6,15,8,411,0.7506,0.0799,3,4,0,0.368,57,2526,2025-11
CUST-00115,Starter,SaaS,SMB,North America,2026-01-07,Treatment,0,0,8,0,438,0.7657,0.1257,4,6,0,0.2769,46,1304,2026-01
CUST-00116,Business,Education,SMB,North America,2026-01-12,Control,0,0,4,1,376,0.764,0.1893,2,3,1,0.3723,43,9530,2026-01
CUST-00117,Business,Financial Services,Enterprise,North America,2026-01-12,Control,1,3,30,19,411,0.8859,0.0597,4,7,0,0.3084,65,7457,2026-01
CUST-00118,Business,Professional Services,SMB,LATAM,2025-11-25,Control,0,0,10,5,355,0.721,0.1555,4,5,0,0.3301,43,6961,2025-11
CUST-00119,Professional,SaaS,SMB,North America,2025-10-02,Control,0,0,3,0,389,0.6547,0.1556,2,1,0,0.5345,28,2331,2025-10
CUST-00120,Professional,E-commerce,SMB,North America,2025-10-01,Control,1,3,9,5,371,0.8039,0.0907,5,6,1,0.3528,59,3142,2025-10
CUST-00121,Professional,Financial Services,SMB,North America,2026-02-06,Treatment,0,0,10,1,432,0.6141,0.1253,4,3,0,0.4786,34,3361,2026-02
CUST-00122,Professional,Healthcare,SMB,Europe,2025-12-09,Control,0,0,9,2,342,0.6964,0.1667,2,4,0,0.3616,40,2882,2025-12
CUST-00123,Starter,E-commerce,SMB,North America,2026-01-28,Treatment,1,8,7,6,306,0.6842,0.0724,5,7,0,0.3771,59,1179,2026-01
CUST-00124,Professional,E-commerce,SMB,APAC,2025-12-13,Treatment,0,0,19,1,313,0.7362,0.1731,3,10,1,0.3099,55,2435,2025-12
CUST-00125,Starter,E-commerce,SMB,North America,2026-02-20,Treatment,0,0,7,1,387,0.8178,0.1824,3,5,1,0.6153,36,1238,2026-02
CUST-00126,Professional,SaaS,SMB,Europe,2025-10-01,Treatment,0,0,14,3,455,0.8054,0.1611,3,6,0,0.364,50,2613,2025-10
CUST-00127,Professional,E-commerce,SMB,APAC,2025-11-21,Control,0,0,11,4,563,0.5943,0.1456,3,6,1,0.2938,44,3212,2025-11
CUST-00128,Starter,SaaS,Enterprise,North America,2026-02-11,Treatment,1,8,23,20,363,0.83,0.1299,6,8,0,0.1696,71,1218,2026-02
CUST-00129,Starter,Education,SMB,North America,2025-10-18,Control,1,9,7,7,436,0.98,0.1002,4,6,0,0.3973,60,1169,2025-10
CUST-00130,Professional,Education,SMB,North America,2026-01-14,Control,1,5,6,3,381,0.7653,0.0703,3,5,1,0.3684,58,3450,2026-01
CUST-00131,Starter,Healthcare,Mid-Market,Europe,2026-02-27,Control,0,0,11,3,399,0.7676,0.1313,3,4,1,0.4568,41,1046,2026-02
CUST-00132,Enterprise,SaaS,SMB,North America,2025-10-01,Treatment,1,5,13,9,357,0.9321,0.0993,3,5,1,0.2732,61,19880,2025-10
CUST-00133,Professional,SaaS,SMB,APAC,2026-01-08,Treatment,1,6,15,9,367,0.6905,0.0815,4,6,1,0.3252,58,3172,2026-01
CUST-00134,Professional,E-commerce,Mid-Market,North America,2025-10-12,Control,0,0,18,0,410,0.7596,0.1323,5,9,1,0.3115,52,2992,2025-10
CUST-00135,Professional,Education,SMB,Europe,2025-10-28,Treatment,1,1,12,9,342,0.8865,0.0919,5,10,1,0.0956,75,2806,2025-10
CUST-00136,Starter,E-commerce,SMB,Europe,2025-10-03,Control,1,1,15,9,467,0.7836,0.0585,3,10,1,0.1935,72,1341,2025-10
CUST-00137,Enterprise,SaaS,Mid-Market,North America,2025-11-25,Control,0,0,15,3,428,0.6378,0.1619,3,4,1,0.5075,38,15130,2025-11
CUST-00138,Professional,SaaS,Mid-Market,North America,2025-10-22,Control,0,0,18,2,365,0.831,0.1666,5,7,0,0.4891,48,3469,2025-10
CUST-00139,Business,SaaS,SMB,Europe,2026-03-06,Treatment,0,0,17,3,434,0.5882,0.1386,3,5,0,0.4697,40,8843,2026-03
CUST-00140,Starter,Professional Services,SMB,North America,2025-10-30,Control,0,0,8,0,467,0.5489,0.1683,3,6,1,0.3524,46,1084,2025-10
CUST-00141,Professional,Financial Services,SMB,Europe,2025-12-18,Control,0,0,9,1,336,0.6157,0.1408,3,5,1,0.3288,43,3182,2025-12
CUST-00142,Professional,E-commerce,Mid-Market,LATAM,2025-11-14,Control,0,0,32,0,469,0.6966,0.1589,3,8,1,0.353,54,2512,2025-11
CUST-00143,Enterprise,Healthcare,SMB,North America,2026-02-25,Treatment,0,0,19,0,461,0.6288,0.1208,4,5,1,0.4606,43,18223,2026-02
CUST-00144,Professional,Education,SMB,North America,2025-11-17,Treatment,1,8,11,7,389,0.7135,0.0918,7,8,0,0.3283,60,3146,2025-11
CUST-00145,Professional,Healthcare,SMB,North America,2025-12-19,Control,1,1,11,8,449,0.7534,0.1163,6,9,1,0.0345,75,2942,2025-12
CUST-00146,Starter,Professional Services,Enterprise,North America,2025-12-16,Treatment,0,0,17,2,459,0.8362,0.1221,3,4,1,0.3054,49,952,2025-12
CUST-00147,Professional,Education,SMB,LATAM,2025-10-01,Treatment,0,0,8,2,373,0.7667,0.1779,4,8,0,0.2861,48,3227,2025-10
CUST-00148,Professional,E-commerce,SMB,LATAM,2025-12-17,Control,0,0,5,0,420,0.7484,0.1455,4,5,0,0.4003,41,2998,2025-12
CUST-00149,Professional,Education,SMB,North America,2025-12-18,Control,0,0,14,3,475,0.8626,0.182,5,10,1,0.2007,60,2632,2025-12
CUST-00150,Starter,Healthcare,Mid-Market,LATAM,2026-02-27,Treatment,1,8,12,9,335,0.9472,0.1331,6,8,1,0.2647,70,1240,2026-02
CUST-00151,Business,Financial Services,SMB,North America,2026-01-29,Control,0,0,19,0,391,0.654,0.1619,2,4,1,0.553,38,8909,2026-01
CUST-00152,Business,SaaS,Enterprise,LATAM,2025-10-25,Control,1,8,23,15,382,0.729,0.1033,5,8,1,0.174,68,9024,2025-10
CUST-00153,Starter,E-commerce,SMB,APAC,2025-12-14,Treatment,0,0,9,2,386,0.6782,0.169,5,7,1,0.3612,49,1165,2025-12
CUST-00154,Professional,SaaS,SMB,North America,2026-02-01,Treatment,1,7,12,11,486,0.8306,0.1138,7,9,1,0.3143,67,2603,2026-02
CUST-00155,Starter,SaaS,SMB,Europe,2026-02-22,Treatment,0,0,4,0,488,0.843,0.1542,3,5,0,0.4604,42,1354,2026-02
CUST-00156,Professional,SaaS,SMB,APAC,2026-01-07,Treatment,0,0,11,2,521,0.6433,0.1765,4,5,1,0.4249,44,2540,2026-01
CUST-00157,Starter,Healthcare,SMB,North America,2026-02-05,Control,0,0,3,0,481,0.7235,0.1422,5,5,1,0.4623,45,1069,2026-02
CUST-00158,Professional,Financial Services,Mid-Market,North America,2026-01-04,Treatment,0,0,9,0,425,0.7192,0.1879,1,4,0,0.413,41,3276,2026-01
CUST-00159,Business,E-commerce,SMB,Europe,2026-01-20,Control,0,0,12,2,292,0.8477,0.1333,4,4,0,0.4038,44,8682,2026-01
CUST-00160,Business,Healthcare,Mid-Market,North America,2026-02-28,Treatment,0,0,16,6,406,0.8027,0.1482,2,1,1,0.5926,32,8133,2026-02
CUST-00161,Starter,Education,SMB,North America,2026-01-17,Control,0,0,13,0,351,0.6449,0.1439,2,4,1,0.4676,38,1169,2026-01
CUST-00162,Business,Education,Mid-Market,North America,2026-03-07,Control,0,0,15,2,317,0.7968,0.1694,2,5,0,0.4561,44,8129,2026-03
CUST-00163,Starter,SaaS,SMB,Europe,2026-02-21,Control,0,0,6,0,477,0.7063,0.179,3,5,1,0.4076,39,1379,2026-02
CUST-00164,Starter,Healthcare,SMB,North America,2026-02-14,Treatment,0,0,3,1,333,0.7523,0.1732,6,8,1,0.2305,50,1277,2026-02
CUST-00165,Professional,Financial Services,SMB,North America,2025-11-14,Treatment,0,0,11,1,367,0.6264,0.1466,6,6,0,0.3954,44,2335,2025-11
CUST-00166,Professional,Professional Services,Enterprise,North America,2026-01-03,Treatment,0,0,11,1,380,0.5654,0.1964,1,1,0,0.4922,33,2793,2026-01
CUST-00167,Business,Healthcare,Enterprise,North America,2026-02-04,Control,0,0,13,2,409,0.7056,0.1891,2,2,1,0.4757,40,8423,2026-02
CUST-00168,Business,Professional Services,Mid-Market,Europe,2025-11-16,Control,0,0,13,0,409,0.6495,0.1666,2,4,1,0.266,45,6932,2025-11
CUST-00169,Starter,SaaS,Enterprise,North America,2025-12-05,Treatment,0,0,11,3,434,0.7142,0.1447,5,8,0,0.3482,47,1344,2025-12
CUST-00170,Enterprise,Healthcare,SMB,Europe,2026-02-16,Control,0,0,21,4,430,0.7004,0.1261,5,7,1,0.2248,53,16872,2026-02
CUST-00171,Starter,Financial Services,SMB,North America,2026-01-23,Treatment,0,0,6,0,325,0.7338,0.1774,5,6,0,0.3998,45,1252,2026-01
CUST-00172,Professional,Financial Services,SMB,Europe,2025-10-26,Treatment,0,0,16,1,492,0.75,0.1521,4,8,0,0.3225,50,3479,2025-10
CUST-00173,Starter,Professional Services,Mid-Market,North America,2025-10-30,Treatment,0,0,3,0,349,0.7893,0.1838,2,3,0,0.4919,36,1167,2025-10
CUST-00174,Enterprise,SaaS,SMB,APAC,2025-11-23,Control,0,0,18,5,336,0.8135,0.1857,2,4,0,0.5848,37,17520,2025-11
CUST-00175,Starter,SaaS,SMB,North America,2025-11-02,Treatment,0,0,10,4,481,0.8368,0.1489,2,5,1,0.4264,44,1178,2025-11
CUST-00176,Starter,SaaS,Mid-Market,APAC,2026-02-22,Treatment,0,0,10,0,407,0.738,0.1603,1,2,0,0.4777,36,1259,2026-02
CUST-00177,Professional,SaaS,SMB,North America,2025-11-24,Treatment,0,0,10,1,467,0.6291,0.1592,2,4,1,0.4872,34,3365,2025-11
CUST-00178,Enterprise,SaaS,Mid-Market,North America,2025-10-03,Treatment,0,0,12,1,445,0.8363,0.1961,1,4,1,0.5748,39,14476,2025-10
CUST-00179,Business,E-commerce,SMB,Europe,2025-12-19,Control,1,4,12,5,407,0.8327,0.0808,6,9,1,0.1922,69,7721,2025-12
CUST-00180,Business,E-commerce,Mid-Market,North America,2025-10-20,Treatment,1,1,21,17,314,0.8737,0.1062,4,5,1,0.2589,65,6617,2025-10
CUST-00181,Business,Financial Services,Mid-Market,North America,2025-11-26,Control,0,0,37,5,390,0.7971,0.1617,3,8,1,0.4746,48,7177,2025-11
CUST-00182,Business,Healthcare,Mid-Market,APAC,2025-11-06,Treatment,1,7,22,14,457,0.7879,0.1286,4,7,1,0.1915,67,7109,2025-11
CUST-00183,Professional,SaaS,SMB,APAC,2026-01-20,Treatment,1,2,5,5,310,0.7867,0.0734,4,8,0,0.2437,67,2767,2026-01
CUST-00184,Starter,Financial Services,SMB,Europe,2026-03-04,Treatment,1,6,3,2,377,0.9738,0.0639,3,6,0,0.3244,64,1342,2026-03
CUST-00185,Business,SaaS,SMB,LATAM,2026-01-15,Control,0,0,2,0,439,0.6236,0.1129,1,3,0,0.6309,27,7518,2026-01
CUST-00186,Professional,Education,SMB,North America,2026-01-12,Treatment,1,5,11,8,338,0.7725,0.0941,5,7,1,0.3131,61,4094,2026-01
CUST-00187,Professional,SaaS,Mid-Market,North America,2026-01-12,Control,0,0,13,1,367,0.8004,0.1659,6,7,1,0.3309,48,3025,2026-01
CUST-00188,Starter,E-commerce,SMB,APAC,2026-01-15,Control,0,0,10,2,387,0.7142,0.1545,4,5,1,0.5199,37,1122,2026-01
CUST-00189,Business,Education,SMB,North America,2026-01-04,Treatment,0,0,12,1,393,0.6837,0.1827,3,6,0,0.2758,51,8282,2026-01
CUST-00190,Starter,Financial Services,SMB,North America,2026-02-10,Control,0,0,9,0,328,0.7956,0.198,4,6,1,0.2682,48,1275,2026-02
CUST-00191,Enterprise,Financial Services,Enterprise,North America,2026-01-31,Control,0,0,20,4,411,0.8664,0.1406,1,1,0,0.538,37,18077,2026-01
CUST-00192,Starter,Financial Services,SMB,North America,2026-02-25,Treatment,0,0,10,0,483,0.7444,0.1543,3,4,1,0.4292,42,1140,2026-02
CUST-00193,Starter,SaaS,SMB,North America,2026-02-23,Treatment,1,9,7,5,179,0.6837,0.0477,5,8,0,0.3712,59,1151,2026-02
CUST-00194,Business,Financial Services,SMB,North America,2025-12-12,Treatment,0,0,8,0,420,0.7398,0.1615,2,4,1,0.5212,34,7754,2025-12
CUST-00195,Starter,Education,SMB,Europe,2025-10-05,Treatment,0,0,8,0,245,0.7636,0.144,4,6,1,0.2743,49,1181,2025-10
CUST-00196,Starter,Education,Enterprise,Europe,2025-11-18,Treatment,0,0,16,2,482,0.6468,0.1492,6,8,1,0.3667,47,1382,2025-11
CUST-00197,Professional,E-commerce,SMB,LATAM,2025-12-11,Control,0,0,8,0,377,0.8542,0.1561,3,6,0,0.3134,48,2621,2025-12
CUST-00198,Business,Healthcare,Mid-Market,North America,2025-10-04,Control,0,0,17,2,402,0.7746,0.172,6,8,0,0.2845,49,8367,2025-10
CUST-00199,Starter,Professional Services,Mid-Market,North America,2025-11-02,Treatment,0,0,17,1,350,0.6505,0.1531,1,2,0,0.6791,31,1531,2025-11
CUST-00200,Starter,E-commerce,Mid-Market,Europe,2025-11-04,Treatment,0,0,8,3,494,0.7762,0.2091,3,3,1,0.5059,37,1336,2025-11
CUST-00201,Business,SaaS,Mid-Market,North America,2025-12-31,Control,1,2,7,7,459,0.8546,0.087,4,4,0,0.4857,52,8428,2025-12
CUST-00202,Enterprise,SaaS,Mid-Market,North America,2025-10-06,Control,0,0,15,0,349,0.7049,0.1239,3,7,0,0.5018,41,16155,2025-10
CUST-00203,Professional,SaaS,SMB,Europe,2025-10-08,Treatment,0,0,8,0,342,0.6272,0.1407,2,4,1,0.5285,38,2626,2025-10
CUST-00204,Starter,E-commerce,SMB,Europe,2026-02-07,Treatment,0,0,3,1,437,0.7067,0.1745,3,2,0,0.4326,40,932,2026-02
CUST-00205,Starter,SaaS,Mid-Market,North America,2025-12-02,Treatment,0,0,8,0,457,0.6786,0.1756,3,5,1,0.3932,43,1271,2025-12
CUST-00206,Starter,SaaS,Mid-Market,Europe,2025-10-16,Treatment,1,5,12,12,319,0.8316,0.0886,5,8,1,0.2296,63,1187,2025-10
CUST-00207,Starter,SaaS,SMB,Europe,2025-12-06,Treatment,1,1,8,7,294,0.7874,0.0887,6,7,1,0.4116,61,1035,2025-12
CUST-00208,Professional,Education,SMB,APAC,2026-02-26,Treatment,0,0,10,1,486,0.7706,0.1635,3,4,1,0.4837,39,3687,2026-02
CUST-00209,Starter,SaaS,SMB,North America,2026-02-16,Control,0,0,9,1,388,0.7492,0.1754,6,8,1,0.1881,51,1137,2026-02
CUST-00210,Professional,SaaS,SMB,Europe,2025-12-15,Treatment,0,0,5,0,392,0.792,0.1579,1,3,0,0.6243,34,3048,2025-12
CUST-00211,Professional,E-commerce,SMB,Europe,2026-01-23,Treatment,1,8,13,8,374,0.8585,0.0573,6,6,0,0.1899,66,3068,2026-01
CUST-00212,Professional,SaaS,SMB,North America,2025-11-19,Treatment,0,0,6,0,328,0.8122,0.1409,5,6,1,0.3888,44,3286,2025-11
CUST-00213,Starter,Education,SMB,Europe,2025-10-08,Control,0,0,14,2,365,0.659,0.1439,2,5,0,0.3762,42,1275,2025-10
CUST-00214,Business,Education,Mid-Market,Europe,2025-11-03,Treatment,0,0,12,2,343,0.8166,0.1292,5,5,0,0.1797,49,6691,2025-11
CUST-00215,Business,Healthcare,Mid-Market,North America,2025-10-04,Treatment,0,0,21,0,301,0.8892,0.128,3,2,0,0.5549,37,6296,2025-10
CUST-00216,Business,E-commerce,Mid-Market,North America,2026-02-23,Control,1,2,21,13,318,0.9103,0.0966,4,5,0,0.2695,68,7438,2026-02
CUST-00217,Starter,Healthcare,Mid-Market,North America,2026-01-17,Treatment,1,8,4,3,361,0.6888,0.0871,6,7,0,0.2487,62,1149,2026-01
CUST-00218,Starter,SaaS,SMB,Europe,2025-11-22,Treatment,0,0,8,0,366,0.8648,0.1754,1,5,1,0.4353,42,1315,2025-11
CUST-00219,Enterprise,Healthcare,SMB,North America,2025-12-31,Treatment,1,8,8,7,343,0.8983,0.1317,2,5,1,0.357,58,14693,2025-12
CUST-00220,Professional,SaaS,Mid-Market,North America,2025-10-17,Treatment,1,1,10,5,316,0.8935,0.1073,3,6,1,0.3481,60,3102,2025-10
CUST-00221,Starter,SaaS,Mid-Market,North America,2026-01-19,Control,1,6,12,6,408,0.7444,0.105,5,6,1,0.3717,55,1347,2026-01
CUST-00222,Professional,E-commerce,Mid-Market,Europe,2025-10-13,Treatment,1,8,27,18,415,0.6917,0.0512,7,9,0,0.4696,58,2537,2025-10
CUST-00223,Professional,SaaS,Mid-Market,Europe,2026-02-10,Control,0,0,11,0,446,0.8504,0.1726,2,3,0,0.6205,36,3150,2026-02
CUST-00224,Enterprise,SaaS,Mid-Market,North America,2026-01-13,Treatment,1,4,11,8,368,0.7961,0.0873,3,4,1,0.6098,48,16315,2026-01
CUST-00225,Starter,E-commerce,Mid-Market,Europe,2026-01-04,Treatment,1,9,11,6,417,0.742,0.1175,3,6,1,0.4318,57,1125,2026-01
CUST-00226,Enterprise,E-commerce,Mid-Market,North America,2026-01-23,Treatment,1,9,30,25,315,0.7072,0.0569,4,6,1,0.2672,65,13170,2026-01
CUST-00227,Starter,SaaS,Mid-Market,North America,2026-03-09,Treatment,0,0,5,0,366,0.5887,0.1801,3,5,0,0.4419,38,908,2026-03
CUST-00228,Professional,SaaS,SMB,Europe,2025-10-08,Treatment,0,0,6,0,405,0.73,0.1437,3,5,1,0.339,47,2879,2025-10
CUST-00229,Professional,SaaS,SMB,North America,2025-11-09,Control,0,0,8,1,371,0.8041,0.1332,3,7,1,0.3898,47,3074,2025-11
CUST-00230,Starter,SaaS,SMB,Europe,2026-01-23,Control,0,0,6,0,485,0.7543,0.209,3,6,1,0.2401,48,1262,2026-01
CUST-00231,Starter,Professional Services,SMB,Europe,2025-10-08,Control,0,0,7,0,521,0.7186,0.1602,3,2,0,0.543,33,1123,2025-10
CUST-00232,Professional,Education,Mid-Market,APAC,2025-12-28,Treatment,1,8,6,6,490,0.9192,0.0856,2,4,1,0.467,55,3460,2025-12
CUST-00233,Enterprise,Healthcare,SMB,North America,2025-11-22,Treatment,0,0,13,0,461,0.8755,0.145,4,7,1,0.2485,55,18205,2025-11
CUST-00234,Professional,Healthcare,SMB,North America,2026-01-08,Treatment,0,0,11,0,430,0.655,0.1505,4,5,1,0.2392,48,2848,2026-01
CUST-00235,Enterprise,Financial Services,Mid-Market,North America,2025-11-23,Control,1,6,18,12,254,0.8504,0.0783,7,8,0,0.2507,67,15592,2025-11
CUST-00236,Business,Financial Services,SMB,APAC,2025-11-22,Treatment,0,0,10,1,380,0.7402,0.1522,3,4,0,0.5308,36,7372,2025-11
CUST-00237,Professional,SaaS,Mid-Market,Europe,2025-12-15,Control,0,0,10,2,356,0.705,0.1547,3,3,0,0.5201,36,3047,2025-12
CUST-00238,Business,SaaS,SMB,Europe,2026-01-14,Treatment,1,1,20,15,320,0.8474,0.082,4,7,1,0.3062,67,7914,2026-01
CUST-00239,Starter,E-commerce,SMB,Europe,2025-10-20,Treatment,0,0,4,0,484,0.8493,0.1315,1,4,0,0.5124,42,1459,2025-10
CUST-00240,Starter,E-commerce,SMB,North America,2025-10-31,Treatment,1,9,8,6,440,0.6484,0.0887,7,7,0,0.2925,61,1059,2025-10
CUST-00241,Business,SaaS,SMB,Europe,2025-10-17,Treatment,1,2,6,5,333,0.8287,0.095,6,10,1,0.0985,69,7158,2025-10
CUST-00242,Business,Healthcare,SMB,APAC,2025-11-05,Control,1,3,9,7,324,0.8219,0.1077,4,5,1,0.1775,64,7691,2025-11
CUST-00243,Starter,Healthcare,SMB,North America,2025-12-10,Control,0,0,5,2,373,0.7104,0.1854,2,4,0,0.5286,36,1079,2025-12
CUST-00244,Professional,SaaS,SMB,LATAM,2025-12-21,Treatment,0,0,10,0,309,0.7915,0.1502,5,4,0,0.547,40,2826,2025-12
CUST-00245,Professional,E-commerce,SMB,APAC,2025-11-06,Treatment,0,0,8,1,472,0.7086,0.1668,6,7,1,0.3266,51,3760,2025-11
CUST-00246,Business,Financial Services,Mid-Market,LATAM,2026-01-24,Control,0,0,8,1,447,0.6717,0.1768,3,7,1,0.4708,44,8574,2026-01
CUST-00247,Professional,E-commerce,SMB,APAC,2026-01-27,Control,0,0,7,0,342,0.7937,0.1444,3,6,0,0.3539,46,3161,2026-01
CUST-00248,Professional,SaaS,SMB,North America,2025-10-26,Treatment,0,0,8,0,343,0.6287,0.1636,1,2,0,0.5063,34,2951,2025-10
CUST-00249,Professional,SaaS,SMB,Europe,2026-02-27,Control,0,0,5,0,501,0.674,0.1666,5,10,1,0.2351,56,2698,2026-02
CUST-00250,Professional,Professional Services,Enterprise,North America,2026-01-19,Control,1,7,12,9,405,0.7425,0.0434,4,8,0,0.0866,67,3300,2026-01
CUST-00251,Professional,E-commerce,Mid-Market,Europe,2025-10-23,Control,1,1,12,5,483,0.9458,0.0881,5,5,1,0.356,59,3333,2025-10
CUST-00252,Business,SaaS,Enterprise,North America,2025-12-30,Treatment,0,0,13,2,358,0.7418,0.1618,1,4,0,0.5274,41,6867,2025-12
CUST-00253,Professional,SaaS,Enterprise,APAC,2026-01-23,Control,0,0,20,4,496,0.6193,0.1411,3,5,1,0.4962,40,3213,2026-01
CUST-00254,Starter,Professional Services,SMB,North America,2025-10-28,Control,0,0,8,1,351,0.7503,0.1817,2,4,0,0.5838,34,999,2025-10
CUST-00255,Starter,Professional Services,Mid-Market,North America,2025-10-10,Control,1,2,5,3,383,0.7198,0.1319,5,4,1,0.4752,51,1337,2025-10
CUST-00256,Business,Education,SMB,North America,2026-02-12,Control,0,0,4,0,317,0.7528,0.1673,3,5,1,0.5264,42,6577,2026-02
CUST-00257,Business,Financial Services,Mid-Market,Europe,2025-11-17,Treatment,0,0,22,6,365,0.6229,0.1295,3,7,1,0.3157,50,8407,2025-11
CUST-00258,Starter,E-commerce,SMB,North America,2025-11-06,Control,0,0,4,0,423,0.6074,0.1534,4,4,0,0.431,41,1336,2025-11
CUST-00259,Starter,E-commerce,SMB,North America,2025-11-09,Control,0,0,7,0,390,0.7871,0.1362,3,5,1,0.3695,48,1487,2025-11
CUST-00260,Professional,SaaS,Enterprise,North America,2025-12-17,Treatment,0,0,17,1,443,0.6797,0.2093,5,9,1,0.4869,49,3308,2025-12
CUST-00261,Starter,Financial Services,Mid-Market,North America,2025-12-14,Treatment,0,0,15,1,363,0.8307,0.1455,4,7,0,0.4065,47,1508,2025-12
CUST-00262,Business,Financial Services,Enterprise,LATAM,2025-12-25,Control,0,0,25,6,396,0.5534,0.1632,5,10,1,0.2558,54,6772,2025-12
CUST-00263,Starter,SaaS,SMB,North America,2025-10-29,Control,0,0,7,0,395,0.7762,0.1863,1,4,1,0.4845,41,1047,2025-10
CUST-00264,Starter,Education,SMB,North America,2025-11-19,Treatment,1,4,5,5,331,0.7706,0.068,3,5,0,0.3284,56,1225,2025-11
CUST-00265,Enterprise,Healthcare,SMB,North America,2025-11-16,Treatment,0,0,12,1,451,0.8137,0.1409,4,6,1,0.4206,49,13480,2025-11
CUST-00266,Starter,SaaS,SMB,North America,2026-02-19,Treatment,1,5,5,2,349,0.7763,0.1195,4,8,1,0.1969,66,1640,2026-02
CUST-00267,Starter,Healthcare,SMB,North America,2026-01-13,Control,0,0,5,0,403,0.7789,0.1887,4,6,1,0.286,47,1410,2026-01
CUST-00268,Starter,Education,SMB,North America,2025-10-07,Treatment,0,0,8,1,378,0.7078,0.135,3,5,1,0.5407,37,1098,2025-10
CUST-00269,Starter,Education,Mid-Market,North America,2026-01-12,Control,0,0,6,0,500,0.7378,0.1338,3,4,0,0.3976,39,1058,2026-01
CUST-00270,Starter,E-commerce,SMB,North America,2025-10-28,Control,0,0,3,1,391,0.8349,0.1734,2,5,0,0.3944,44,1198,2025-10
CUST-00271,Starter,Education,Mid-Market,North America,2025-10-17,Treatment,1,3,11,7,367,0.8146,0.1032,4,6,0,0.3304,62,1195,2025-10
CUST-00272,Starter,Education,Mid-Market,Europe,2026-02-27,Treatment,0,0,7,2,378,0.6799,0.1449,5,7,1,0.2536,47,994,2026-02
CUST-00273,Starter,Professional Services,Mid-Market,North America,2025-10-18,Control,0,0,12,0,435,0.6536,0.1661,6,7,1,0.2318,52,1216,2025-10
CUST-00274,Professional,Professional Services,SMB,Europe,2026-01-31,Control,0,0,10,1,381,0.7691,0.1315,3,4,0,0.4097,40,3087,2026-01
CUST-00275,Professional,Healthcare,SMB,Europe,2025-10-08,Treatment,1,7,9,6,341,0.8999,0.102,4,6,1,0.4123,58,3816,2025-10
CUST-00276,Professional,Professional Services,SMB,APAC,2025-12-15,Control,0,0,7,0,386,0.7835,0.1653,2,4,0,0.5598,36,3145,2025-12
CUST-00277,Starter,Financial Services,Mid-Market,North America,2025-10-05,Control,1,6,6,4,371,0.9494,0.0479,4,5,1,0.4069,58,1364,2025-10
CUST-00278,Professional,Financial Services,SMB,APAC,2026-01-17,Control,0,0,8,0,470,0.7536,0.15,2,4,0,0.5483,36,3232,2026-01
CUST-00279,Business,SaaS,SMB,APAC,2025-11-10,Control,0,0,19,3,382,0.6851,0.1512,4,6,1,0.3191,51,7998,2025-11
CUST-00280,Business,Professional Services,Enterprise,LATAM,2026-01-04,Treatment,1,3,23,17,285,0.9191,0.1049,6,6,1,0.1226,69,6923,2026-01
CUST-00281,Starter,Education,Mid-Market,APAC,2026-01-14,Control,0,0,7,1,319,0.6223,0.1334,2,4,0,0.5024,36,1059,2026-01
CUST-00282,Starter,Healthcare,Mid-Market,North America,2025-10-06,Treatment,0,0,10,2,556,0.6655,0.1869,5,3,0,0.5135,37,1250,2025-10
CUST-00283,Starter,Education,SMB,LATAM,2025-12-11,Treatment,0,0,7,1,356,0.7362,0.1605,3,8,1,0.4025,50,1144,2025-12
CUST-00284,Starter,Healthcare,Enterprise,APAC,2025-12-19,Control,0,0,22,2,508,0.6481,0.1854,5,11,0,0.1426,59,1071,2025-12
CUST-00285,Professional,SaaS,SMB,North America,2025-11-21,Treatment,0,0,8,2,380,0.7732,0.125,4,5,0,0.4724,41,3074,2025-11
CUST-00286,Professional,SaaS,SMB,North America,2025-11-26,Control,0,0,8,2,341,0.6954,0.1661,5,5,1,0.4569,43,2641,2025-11
CUST-00287,Starter,Professional Services,Enterprise,LATAM,2026-01-01,Treatment,0,0,11,1,399,0.8146,0.1635,3,6,0,0.383,46,1437,2026-01
CUST-00288,Professional,E-commerce,Enterprise,North America,2025-12-01,Treatment,1,5,8,8,378,0.8491,0.0944,6,4,1,0.4964,54,2814,2025-12
CUST-00289,Professional,Healthcare,SMB,Europe,2025-10-11,Treatment,0,0,19,1,394,0.8816,0.1679,5,10,1,0.2722,59,2178,2025-10
CUST-00290,Starter,Financial Services,SMB,North America,2026-01-04,Control,1,4,9,6,332,0.6688,0.0961,5,7,1,0.2733,65,1357,2026-01
CUST-00291,Business,Healthcare,SMB,Europe,2026-02-02,Treatment,0,0,9,2,309,0.7678,0.1039,3,2,0,0.5909,31,9142,2026-02
CUST-00292,Starter,E-commerce,Mid-Market,North America,2025-10-31,Treatment,1,7,6,4,333,0.8206,0.1309,5,4,1,0.4306,53,1175,2025-10
CUST-00293,Enterprise,Education,Mid-Market,Europe,2025-12-03,Control,1,8,14,9,387,0.8448,0.0736,6,5,1,0.3297,57,15941,2025-12
CUST-00294,Starter,Financial Services,SMB,North America,2025-11-16,Control,1,7,9,7,273,0.7766,0.0751,4,6,1,0.246,62,1141,2025-11
CUST-00295,Business,Professional Services,SMB,APAC,2025-12-04,Control,1,4,21,17,328,0.8361,0.0914,5,5,0,0.2702,65,9423,2025-12
CUST-00296,Business,Financial Services,Mid-Market,North America,2025-10-22,Control,1,7,14,5,400,0.6523,0.1018,3,4,0,0.523,51,7379,2025-10
CUST-00297,Enterprise,Education,Mid-Market,North America,2026-02-14,Control,1,8,18,14,420,0.6747,0.0569,4,5,0,0.2817,62,13862,2026-02
CUST-00298,Business,SaaS,SMB,North America,2025-10-17,Treatment,0,0,9,1,341,0.6635,0.1226,2,4,0,0.4143,42,6936,2025-10
CUST-00299,Business,SaaS,Mid-Market,North America,2025-11-25,Treatment,1,7,15,9,480,0.6491,0.1268,5,6,0,0.3456,56,8303,2025-11
CUST-00300,Professional,SaaS,Enterprise,LATAM,2026-01-20,Control,0,0,20,0,435,0.7607,0.1513,3,6,1,0.2634,48,3444,2026-01
CUST-00301,Business,E-commerce,SMB,North America,2026-01-13,Treatment,1,3,10,8,291,0.7299,0.0974,4,6,0,0.4667,56,8302,2026-01
CUST-00302,Starter,Financial Services,Mid-Market,North America,2025-11-23,Treatment,1,3,7,7,353,0.8036,0.0645,2,5,1,0.4284,56,1146,2025-11
CUST-00303,Professional,Professional Services,Mid-Market,APAC,2025-10-10,Control,0,0,13,0,370,0.7523,0.2002,3,7,0,0.4804,44,3129,2025-10
CUST-00304,Professional,Healthcare,SMB,North America,2025-10-28,Treatment,0,0,6,1,313,0.716,0.1808,4,8,0,0.2426,49,2562,2025-10
CUST-00305,Business,SaaS,Mid-Market,North America,2025-11-10,Treatment,0,0,31,5,389,0.7814,0.146,2,5,1,0.409,45,7237,2025-11
CUST-00306,Professional,Financial Services,Mid-Market,Europe,2025-11-29,Treatment,0,0,11,3,384,0.6904,0.1983,5,8,1,0.3115,47,2717,2025-11
CUST-00307,Professional,Education,SMB,North America,2025-11-11,Control,0,0,12,0,425,0.723,0.1766,2,3,0,0.4681,38,3991,2025-11
CUST-00308,Professional,Healthcare,SMB,APAC,2026-01-04,Control,0,0,13,0,358,0.6872,0.1803,2,2,0,0.5135,37,2805,2026-01
CUST-00309,Starter,SaaS,Mid-Market,Europe,2025-11-19,Treatment,0,0,12,2,350,0.8028,0.1821,4,6,0,0.3886,48,1314,2025-11
CUST-00310,Starter,Healthcare,SMB,North America,2025-11-21,Control,0,0,4,0,462,0.6209,0.1507,5,4,0,0.5906,33,1406,2025-11
CUST-00311,Professional,E-commerce,SMB,Europe,2026-01-10,Control,1,5,14,8,412,0.8379,0.1351,4,8,1,0.1157,71,3353,2026-01
CUST-00312,Professional,SaaS,SMB,APAC,2025-12-06,Control,0,0,10,1,335,0.8507,0.2038,3,6,1,0.3638,48,2790,2025-12
CUST-00313,Starter,Healthcare,Mid-Market,North America,2025-10-12,Control,0,0,19,0,318,0.7658,0.2048,4,5,0,0.5052,41,1556,2025-10
CUST-00314,Professional,Financial Services,Enterprise,Europe,2026-02-13,Control,0,0,25,0,348,0.68,0.1022,3,4,0,0.4198,40,2816,2026-02
CUST-00315,Professional,Healthcare,Mid-Market,North America,2025-10-10,Treatment,0,0,26,3,463,0.7546,0.161,4,7,1,0.2247,54,2913,2025-10
CUST-00316,Professional,Healthcare,Mid-Market,Europe,2026-02-25,Control,0,0,14,0,251,0.6754,0.1691,4,4,0,0.4665,39,3729,2026-02
CUST-00317,Professional,SaaS,SMB,Europe,2026-01-13,Treatment,1,2,9,5,340,0.8949,0.0821,4,3,0,0.5131,52,3204,2026-01
CUST-00318,Professional,Education,SMB,North America,2026-02-02,Treatment,0,0,9,1,453,0.7643,0.1603,3,3,1,0.5433,37,3031,2026-02
CUST-00319,Starter,Healthcare,Enterprise,North America,2025-11-10,Treatment,1,6,20,17,360,0.821,0.0893,4,7,1,0.2966,61,1213,2025-11
CUST-00320,Enterprise,Healthcare,SMB,North America,2026-01-02,Control,0,0,6,1,391,0.8657,0.1937,3,5,1,0.4187,41,12883,2026-01
CUST-00321,Business,SaaS,Mid-Market,Europe,2025-10-14,Control,0,0,9,2,446,0.7335,0.1903,3,4,0,0.3657,41,6002,2025-10
CUST-00322,Professional,Financial Services,SMB,Europe,2025-11-25,Treatment,0,0,5,0,398,0.611,0.1688,3,3,1,0.5633,34,3210,2025-11
CUST-00323,Professional,Education,SMB,North America,2026-03-07,Treatment,0,0,12,3,363,0.7327,0.1711,2,6,1,0.36,44,2903,2026-03
CUST-00324,Professional,SaaS,Mid-Market,North America,2026-02-28,Control,0,0,14,2,441,0.7055,0.1608,1,3,1,0.4859,37,2710,2026-02
CUST-00325,Business,SaaS,SMB,LATAM,2026-01-16,Treatment,0,0,12,0,515,0.7256,0.2103,3,2,1,0.422,36,7952,2026-01
CUST-00326,Professional,SaaS,SMB,North America,2026-02-19,Treatment,1,7,7,5,238,0.8475,0.0996,4,6,1,0.1752,69,2602,2026-02
CUST-00327,Business,Financial Services,SMB,North America,2025-12-28,Control,0,0,18,1,363,0.7837,0.2038,3,5,0,0.6275,35,7521,2025-12
CUST-00328,Professional,Education,SMB,North America,2026-01-18,Treatment,1,7,7,6,337,0.721,0.1145,6,7,1,0.3793,62,2768,2026-01
CUST-00329,Professional,E-commerce,SMB,Europe,2026-01-21,Treatment,0,0,7,1,370,0.7293,0.1749,2,5,0,0.3059,41,3310,2026-01
CUST-00330,Starter,Healthcare,Mid-Market,North America,2025-12-15,Treatment,0,0,6,0,413,0.7119,0.1222,3,6,1,0.225,48,1157,2025-12
CUST-00331,Business,Professional Services,SMB,APAC,2025-12-07,Control,0,0,13,1,403,0.7448,0.191,5,6,0,0.4101,45,8462,2025-12
CUST-00332,Starter,Professional Services,Mid-Market,Europe,2025-10-24,Control,1,7,7,3,315,0.8412,0.047,5,6,0,0.4493,59,1140,2025-10
CUST-00333,Professional,SaaS,SMB,North America,2026-02-19,Control,1,9,6,4,399,0.8023,0.0854,3,9,1,0.1472,68,2670,2026-02
CUST-00334,Business,SaaS,SMB,Europe,2025-11-14,Control,0,0,13,5,377,0.6303,0.126,2,4,1,0.2691,43,7533,2025-11
CUST-00335,Starter,Healthcare,SMB,North America,2025-12-02,Control,0,0,15,1,474,0.7204,0.1846,4,7,1,0.4563,43,1356,2025-12
CUST-00336,Professional,Professional Services,Enterprise,North America,2025-10-21,Treatment,0,0,18,0,469,0.821,0.15,1,5,1,0.3714,45,2647,2025-10
CUST-00337,Starter,Financial Services,Mid-Market,Europe,2026-01-06,Treatment,0,0,18,1,394,0.6387,0.1766,5,9,1,0.2306,55,1054,2026-01
CUST-00338,Business,Financial Services,Enterprise,North America,2025-10-02,Control,0,0,20,2,432,0.8367,0.1077,5,4,0,0.4415,47,6769,2025-10
CUST-00339,Starter,Professional Services,SMB,APAC,2025-11-17,Treatment,1,7,5,4,234,0.6726,0.1126,5,4,1,0.4775,48,1466,2025-11
CUST-00340,Enterprise,Healthcare,Mid-Market,Europe,2025-10-29,Control,0,0,22,4,280,0.7687,0.1811,2,5,1,0.4533,43,14711,2025-10
CUST-00341,Starter,Healthcare,Mid-Market,North America,2025-10-14,Control,1,8,6,4,427,0.7584,0.0646,6,6,1,0.2775,61,1383,2025-10
CUST-00342,Enterprise,SaaS,Enterprise,LATAM,2025-11-12,Treatment,1,7,25,14,362,0.8309,0.0766,5,6,0,0.3804,62,15616,2025-11
CUST-00343,Business,Education,SMB,Europe,2026-02-03,Treatment,0,0,7,1,470,0.7858,0.1937,3,7,0,0.4435,43,7025,2026-02
CUST-00344,Professional,Financial Services,Enterprise,North America,2025-10-14,Control,0,0,19,2,463,0.8025,0.1671,1,4,1,0.3589,45,3267,2025-10
CUST-00345,Business,Healthcare,SMB,North America,2025-10-21,Treatment,0,0,16,1,321,0.8299,0.1815,6,7,1,0.3865,50,7446,2025-10
CUST-00346,Business,SaaS,Mid-Market,LATAM,2025-10-26,Treatment,0,0,17,3,433,0.6034,0.116,4,6,0,0.372,41,8553,2025-10
CUST-00347,Enterprise,Professional Services,SMB,North America,2025-12-14,Treatment,0,0,5,0,367,0.682,0.1561,2,6,0,0.4313,40,14672,2025-12
CUST-00348,Starter,Professional Services,Mid-Market,North America,2026-01-21,Treatment,0,0,17,0,393,0.6814,0.1859,6,10,1,0.1641,58,1233,2026-01
CUST-00349,Professional,Financial Services,SMB,North America,2025-10-21,Control,0,0,15,0,340,0.6669,0.142,5,3,1,0.5343,32,2621,2025-10
CUST-00350,Starter,SaaS,Mid-Market,North America,2026-01-13,Control,0,0,10,1,458,0.7612,0.144,3,5,1,0.4524,44,996,2026-01
CUST-00351,Professional,Education,SMB,North America,2025-10-19,Treatment,0,0,30,3,430,0.7907,0.16,4,8,1,0.0485,64,2803,2025-10
CUST-00352,Starter,Professional Services,SMB,Europe,2026-01-06,Control,0,0,6,1,366,0.5785,0.1411,2,3,1,0.5491,30,1165,2026-01
CUST-00353,Professional,Financial Services,Mid-Market,APAC,2026-02-14,Control,1,2,19,13,318,0.7196,0.1259,5,8,1,0.1911,72,2861,2026-02
CUST-00354,Professional,Financial Services,Mid-Market,Europe,2025-12-28,Control,0,0,23,1,449,0.7136,0.1783,6,5,1,0.3497,48,2559,2025-12
CUST-00355,Professional,Education,SMB,North America,2025-10-31,Control,0,0,11,0,367,0.7262,0.1602,3,5,0,0.4301,41,2887,2025-10
CUST-00356,Professional,Education,Mid-Market,North America,2025-11-08,Control,0,0,19,0,377,0.8533,0.213,2,4,1,0.4863,41,2881,2025-11
CUST-00357,Business,Financial Services,SMB,North America,2026-01-03,Control,0,0,8,0,370,0.6282,0.1574,5,10,1,0.2419,53,8995,2026-01
CUST-00358,Business,Healthcare,Mid-Market,North America,2025-10-29,Treatment,0,0,20,2,362,0.6831,0.1729,4,7,1,0.3153,50,7963,2025-10
CUST-00359,Professional,Healthcare,Mid-Market,Europe,2025-10-12,Control,0,0,16,3,434,0.8309,0.1375,3,4,1,0.4839,42,2411,2025-10
CUST-00360,Professional,Professional Services,Mid-Market,North America,2025-10-23,Treatment,1,7,21,14,375,0.7653,0.0895,2,4,1,0.4463,55,2767,2025-10
CUST-00361,Enterprise,Financial Services,Mid-Market,APAC,2025-12-15,Control,0,0,19,4,364,0.8096,0.1779,3,6,1,0.5134,45,17135,2025-12
CUST-00362,Starter,SaaS,SMB,North America,2026-01-03,Control,1,2,7,4,315,0.7687,0.107,5,7,0,0.3506,60,1128,2026-01
CUST-00363,Starter,SaaS,SMB,Europe,2026-02-02,Treatment,0,0,4,0,409,0.7052,0.1379,5,6,1,0.3417,47,1091,2026-02
CUST-00364,Starter,Education,Mid-Market,APAC,2025-10-20,Control,0,0,3,0,395,0.7717,0.1279,1,3,1,0.5285,33,1044,2025-10
CUST-00365,Professional,Education,SMB,Europe,2026-02-17,Control,1,2,9,6,408,0.7842,0.0924,5,6,1,0.3687,58,3017,2026-02
CUST-00366,Professional,Education,SMB,APAC,2025-12-31,Treatment,1,8,10,8,316,0.7467,0.1003,3,6,0,0.1985,62,3717,2025-12
CUST-00367,Business,E-commerce,Mid-Market,APAC,2025-10-05,Control,0,0,17,0,434,0.7822,0.1112,3,5,0,0.4902,43,6713,2025-10
CUST-00368,Professional,Professional Services,SMB,Europe,2026-01-14,Control,0,0,9,2,381,0.6538,0.2144,4,6,0,0.4412,42,3449,2026-01
CUST-00369,Professional,Professional Services,SMB,North America,2025-12-09,Treatment,0,0,4,1,411,0.7864,0.1682,2,2,0,0.5969,32,3157,2025-12
CUST-00370,Business,Healthcare,Enterprise,North America,2025-12-18,Control,1,8,11,5,468,0.7779,0.0397,3,7,1,0.197,69,6999,2025-12
CUST-00371,Business,SaaS,SMB,APAC,2025-12-07,Treatment,0,0,10,1,389,0.6528,0.1709,4,5,1,0.5563,38,7956,2025-12
CUST-00372,Starter,Education,SMB,North America,2025-10-19,Control,0,0,7,0,530,0.7935,0.1201,3,4,0,0.3018,44,997,2025-10
CUST-00373,Professional,SaaS,SMB,LATAM,2025-12-25,Control,0,0,26,3,390,0.6907,0.1347,3,7,1,0.3538,47,3248,2025-12
CUST-00374,Starter,Financial Services,SMB,North America,2025-10-03,Control,0,0,9,0,353,0.7102,0.172,1,2,1,0.5384,34,1173,2025-10
CUST-00375,Starter,Financial Services,Mid-Market,Europe,2026-02-12,Treatment,0,0,7,1,487,0.5674,0.1289,3,4,1,0.4517,35,1188,2026-02
CUST-00376,Starter,Financial Services,Mid-Market,North America,2026-02-13,Control,0,0,10,2,496,0.6321,0.1366,2,2,0,0.5223,35,1204,2026-02
CUST-00377,Enterprise,SaaS,Mid-Market,LATAM,2025-10-11,Treatment,1,4,21,17,301,0.9234,0.1116,4,5,0,0.4949,57,17885,2025-10
CUST-00378,Professional,Professional Services,SMB,North America,2026-01-26,Treatment,1,2,9,7,314,0.8211,0.0875,5,9,1,0.2301,67,2715,2026-01
CUST-00379,Professional,SaaS,SMB,North America,2026-01-09,Treatment,0,0,9,1,448,0.8178,0.149,2,5,1,0.5042,41,2288,2026-01
CUST-00380,Business,Professional Services,SMB,APAC,2026-02-04,Control,0,0,6,0,441,0.7183,0.156,3,5,0,0.4043,42,5610,2026-02
CUST-00381,Professional,SaaS,Mid-Market,North America,2025-10-29,Treatment,0,0,12,0,365,0.7322,0.2028,5,3,1,0.4619,37,2866,2025-10
CUST-00382,Enterprise,Financial Services,Mid-Market,North America,2025-11-11,Treatment,1,3,28,24,299,0.9642,0.1114,3,6,1,0.4395,60,20934,2025-11
CUST-00383,Business,Professional Services,SMB,APAC,2026-01-04,Control,1,9,13,11,367,0.8402,0.0557,3,6,0,0.3204,58,7155,2026-01
CUST-00384,Professional,SaaS,Mid-Market,APAC,2026-01-09,Treatment,0,0,12,3,385,0.8579,0.1978,2,4,1,0.3498,47,3567,2026-01
CUST-00385,Professional,SaaS,Mid-Market,North America,2025-10-09,Control,0,0,6,0,442,0.6898,0.1496,2,3,0,0.5468,35,2751,2025-10
CUST-00386,Enterprise,Professional Services,SMB,Europe,2025-11-30,Treatment,1,4,13,10,388,0.8114,0.0881,5,7,0,0.4565,58,17519,2025-11
CUST-00387,Business,SaaS,Mid-Market,North America,2025-10-09,Treatment,0,0,12,0,460,0.6649,0.1359,2,3,0,0.4603,38,6961,2025-10
CUST-00388,Enterprise,SaaS,Mid-Market,North America,2025-12-16,Control,1,7,15,12,241,0.8756,0.0786,6,5,1,0.3526,60,13566,2025-12
CUST-00389,Starter,E-commerce,SMB,Europe,2025-11-21,Control,0,0,6,0,513,0.6544,0.165,4,8,1,0.3109,50,1202,2025-11
CUST-00390,Business,Education,SMB,North America,2025-12-19,Treatment,0,0,15,1,434,0.8616,0.162,3,4,1,0.4001,44,7695,2025-12
CUST-00391,Professional,E-commerce,Mid-Market,North America,2026-02-14,Treatment,0,0,16,3,373,0.5963,0.2033,5,6,0,0.4015,41,3081,2026-02
CUST-00392,Starter,Healthcare,Enterprise,North America,2025-12-08,Treatment,0,0,16,2,395,0.7264,0.1317,3,6,1,0.4324,47,1366,2025-12
CUST-00393,Professional,Education,Mid-Market,APAC,2026-02-01,Control,1,8,20,12,403,0.7602,0.0864,5,7,1,0.1853,67,3202,2026-02
CUST-00394,Professional,E-commerce,Mid-Market,Europe,2025-11-08,Treatment,1,7,15,10,376,0.8275,0.0378,3,4,1,0.3784,55,3504,2025-11
CUST-00395,Starter,E-commerce,Mid-Market,North America,2026-01-05,Treatment,0,0,9,2,409,0.6661,0.1458,3,6,0,0.3157,48,1399,2026-01
CUST-00396,Professional,Healthcare,SMB,LATAM,2025-11-15,Treatment,0,0,22,0,405,0.7446,0.1861,4,4,0,0.5408,36,2986,2025-11
CUST-00397,Business,Healthcare,SMB,APAC,2025-10-29,Control,0,0,6,0,502,0.7593,0.1978,2,5,1,0.4328,44,6035,2025-10
CUST-00398,Starter,Healthcare,SMB,North America,2025-10-21,Treatment,1,1,8,6,379,0.8509,0.1299,5,5,0,0.4237,55,1136,2025-10
CUST-00399,Professional,Financial Services,Enterprise,LATAM,2025-10-21,Control,0,0,15,3,459,0.8682,0.1505,2,3,1,0.651,32,3182,2025-10
CUST-00400,Professional,SaaS,Mid-Market,North America,2025-12-27,Treatment,0,0,15,2,521,0.7231,0.1523,1,8,1,0.4044,47,3044,2025-12
CUST-00401,Starter,Financial Services,Enterprise,North America,2026-02-06,Control,0,0,13,0,463,0.7049,0.1358,5,7,1,0.5468,42,1476,2026-02
CUST-00402,Business,SaaS,SMB,North America,2026-03-06,Treatment,0,0,10,2,413,0.712,0.1552,2,5,1,0.3429,46,8793,2026-03
CUST-00403,Business,Healthcare,SMB,North America,2025-11-22,Control,0,0,13,2,298,0.6111,0.1895,3,3,1,0.5848,33,8095,2025-11
CUST-00404,Starter,SaaS,Mid-Market,Europe,2025-12-06,Control,1,1,9,5,350,0.8842,0.1108,6,9,1,0.1584,72,1238,2025-12
CUST-00405,Enterprise,E-commerce,SMB,Europe,2026-01-14,Control,1,5,23,17,474,0.7542,0.0773,6,8,1,0.3732,65,15433,2026-01
CUST-00406,Business,Professional Services,SMB,APAC,2026-01-26,Treatment,1,1,8,4,395,0.892,0.0819,6,8,1,0.1453,73,8207,2026-01
CUST-00407,Starter,Healthcare,Mid-Market,North America,2025-10-12,Treatment,0,0,8,1,328,0.6569,0.1528,3,5,1,0.4135,39,1193,2025-10
CUST-00408,Business,SaaS,Mid-Market,North America,2025-11-10,Treatment,0,0,16,2,389,0.5943,0.1463,4,5,1,0.3468,42,6559,2025-11
CUST-00409,Starter,SaaS,Mid-Market,North America,2026-01-12,Treatment,1,6,8,4,312,0.6149,0.0958,2,2,0,0.589,44,1378,2026-01
CUST-00410,Enterprise,Professional Services,SMB,North America,2026-03-01,Control,0,0,32,9,364,0.823,0.1785,5,5,1,0.3942,49,12681,2026-03
CUST-00411,Professional,SaaS,SMB,LATAM,2025-10-17,Control,1,2,9,5,350,0.9107,0.1475,4,10,1,0.1455,73,2757,2025-10
CUST-00412,Professional,Professional Services,SMB,Europe,2025-11-27,Control,0,0,13,2,367,0.7578,0.1603,2,4,1,0.3589,42,2856,2025-11
CUST-00413,Starter,Healthcare,SMB,APAC,2025-10-24,Control,1,8,4,3,369,0.7253,0.1074,4,8,1,0.3593,60,1070,2025-10
CUST-00414,Business,SaaS,SMB,Europe,2025-11-24,Treatment,1,9,11,8,248,0.7138,0.0647,4,3,1,0.3988,52,6712,2025-11
CUST-00415,Starter,Professional Services,SMB,North America,2025-12-24,Control,0,0,5,0,446,0.6912,0.1627,3,5,0,0.3783,41,1224,2025-12
CUST-00416,Starter,E-commerce,Enterprise,North America,2025-11-15,Treatment,1,1,9,8,429,0.8808,0.0861,3,6,1,0.4933,56,1132,2025-11
CUST-00417,Starter,SaaS,SMB,North America,2025-11-01,Treatment,0,0,3,0,309,0.7058,0.1767,1,2,1,0.6877,26,1272,2025-11
CUST-00418,Business,Education,SMB,APAC,2025-11-11,Treatment,0,0,4,0,468,0.61,0.1723,4,3,0,0.3865,38,7578,2025-11
CUST-00419,Starter,SaaS,SMB,North America,2025-10-30,Control,0,0,8,2,429,0.6566,0.1772,1,7,1,0.2965,48,1209,2025-10
CUST-00420,Business,Healthcare,Mid-Market,North America,2025-10-26,Treatment,1,2,27,18,382,0.8235,0.0865,4,7,1,0.2327,68,8068,2025-10
CUST-00421,Professional,Healthcare,SMB,Europe,2025-12-28,Treatment,0,0,14,2,403,0.8247,0.1514,2,7,1,0.2582,55,2670,2025-12
CUST-00422,Starter,E-commerce,SMB,North America,2026-03-02,Treatment,0,0,4,0,422,0.7787,0.1299,3,5,0,0.3598,45,943,2026-03
CUST-00423,Starter,Professional Services,SMB,Europe,2025-12-22,Treatment,0,0,2,1,433,0.6602,0.1652,3,7,1,0.2251,50,1308,2025-12
CUST-00424,Starter,SaaS,SMB,North America,2025-12-04,Control,1,1,11,8,372,0.8057,0.0875,6,7,1,0.4255,60,1172,2025-12
CUST-00425,Professional,Education,Mid-Market,North America,2026-01-19,Treatment,1,9,13,9,510,0.8894,0.1242,6,8,1,0.258,68,3177,2026-01
CUST-00426,Business,Financial Services,SMB,North America,2026-02-04,Treatment,1,4,8,8,308,0.8041,0.0859,3,7,1,0.1373,72,5432,2026-02
CUST-00427,Starter,Education,SMB,APAC,2026-02-18,Treatment,0,0,8,0,500,0.5995,0.1465,3,7,0,0.3313,48,1116,2026-02
CUST-00428,Business,Professional Services,Mid-Market,Europe,2026-02-02,Treatment,1,2,15,14,337,0.7534,0.1042,3,7,1,0.4749,54,7334,2026-02
CUST-00429,Starter,Education,SMB,North America,2025-11-09,Treatment,0,0,7,0,388,0.4691,0.1257,1,4,0,0.4516,36,1220,2025-11
CUST-00430,Business,Financial Services,Mid-Market,Europe,2025-11-17,Control,1,7,15,10,419,0.8328,0.0972,4,5,1,0.414,57,8482,2025-11
CUST-00431,Enterprise,Healthcare,SMB,APAC,2026-01-12,Control,1,1,12,10,335,0.9386,0.0744,5,4,0,0.567,54,14822,2026-01
CUST-00432,Business,E-commerce,Mid-Market,Europe,2025-10-29,Treatment,0,0,18,2,498,0.8467,0.1296,6,7,1,0.1656,54,5825,2025-10
CUST-00433,Professional,Financial Services,SMB,LATAM,2026-03-06,Treatment,0,0,4,0,369,0.7234,0.1633,3,5,1,0.4515,40,2677,2026-03
CUST-00434,Business,E-commerce,SMB,APAC,2025-10-09,Treatment,0,0,15,0,480,0.6577,0.1003,3,9,0,0.2333,54,7194,2025-10
CUST-00435,Starter,Professional Services,SMB,North America,2025-10-30,Control,0,0,11,2,431,0.7113,0.1744,2,7,0,0.3222,45,1259,2025-10
CUST-00436,Starter,SaaS,Enterprise,North America,2026-02-15,Treatment,0,0,21,0,401,0.7404,0.1622,2,5,1,0.3176,45,1250,2026-02
CUST-00437,Starter,Professional Services,SMB,North America,2026-02-09,Treatment,0,0,5,0,356,0.8282,0.145,4,6,1,0.3049,48,1042,2026-02
CUST-00438,Professional,SaaS,Enterprise,North America,2026-01-08,Treatment,0,0,17,1,352,0.758,0.1837,3,9,1,0.2385,56,3379,2026-01
CUST-00439,Business,Education,Enterprise,LATAM,2026-03-03,Control,0,0,23,2,357,0.5946,0.1727,3,4,1,0.532,38,6231,2026-03
CUST-00440,Professional,SaaS,SMB,Europe,2026-01-07,Control,0,0,6,1,460,0.7932,0.1282,4,4,1,0.5089,41,4044,2026-01
CUST-00441,Business,SaaS,SMB,North America,2025-12-06,Treatment,1,5,20,13,366,0.656,0.1048,5,8,1,0.1116,72,7301,2025-12
CUST-00442,Starter,Professional Services,SMB,LATAM,2025-10-25,Treatment,1,2,5,3,416,0.8244,0.1027,3,6,1,0.2363,63,1040,2025-10
CUST-00443,Business,Professional Services,Enterprise,Europe,2026-01-26,Control,0,0,14,4,398,0.8634,0.1489,3,3,1,0.536,38,7099,2026-01
CUST-00444,Starter,Professional Services,Mid-Market,North America,2025-10-21,Treatment,1,3,7,5,303,0.6788,0.0844,3,4,0,0.4653,49,1063,2025-10
CUST-00445,Starter,Education,SMB,APAC,2025-11-24,Control,1,2,5,3,392,0.7992,0.131,5,7,0,0.4213,57,1072,2025-11
CUST-00446,Business,Healthcare,SMB,North America,2026-01-30,Control,0,0,18,1,440,0.7238,0.1703,6,7,1,0.4314,44,8182,2026-01
CUST-00447,Enterprise,Professional Services,Mid-Market,North America,2025-10-02,Control,1,3,15,11,262,0.8344,0.0592,5,9,1,0.3018,65,18128,2025-10
CUST-00448,Professional,Healthcare,SMB,North America,2025-12-26,Control,1,1,9,2,362,0.8749,0.0932,5,8,1,0.3786,62,2869,2025-12
CUST-00449,Starter,E-commerce,SMB,LATAM,2025-12-29,Treatment,1,4,6,3,333,0.755,0.0518,5,7,1,0.2103,64,1170,2025-12
CUST-00450,Professional,E-commerce,SMB,North America,2026-01-08,Control,0,0,4,0,341,0.7832,0.1729,2,1,1,0.5877,34,2585,2026-01
CUST-00451,Starter,SaaS,SMB,North America,2026-01-20,Treatment,0,0,15,0,418,0.7078,0.146,6,9,0,0.2176,52,1360,2026-01
CUST-00452,Business,Financial Services,Enterprise,Europe,2025-12-10,Control,0,0,15,0,425,0.7395,0.1484,5,5,0,0.4327,43,7026,2025-12
CUST-00453,Business,Professional Services,Mid-Market,APAC,2025-11-16,Control,0,0,9,2,467,0.6172,0.137,2,7,1,0.2436,48,8416,2025-11
CUST-00454,Starter,SaaS,SMB,North America,2026-02-07,Control,0,0,5,1,442,0.8152,0.1518,3,7,0,0.3564,50,1226,2026-02
CUST-00455,Starter,Education,SMB,North America,2025-12-25,Control,0,0,4,0,393,0.7424,0.166,1,7,0,0.2945,49,1126,2025-12
CUST-00456,Starter,E-commerce,Mid-Market,LATAM,2026-01-13,Treatment,0,0,4,0,393,0.7768,0.144,4,5,1,0.3539,46,1049,2026-01
CUST-00457,Enterprise,SaaS,SMB,Europe,2025-11-22,Treatment,0,0,15,0,507,0.8445,0.1412,4,6,1,0.3273,49,19632,2025-11
CUST-00458,Professional,Financial Services,SMB,North America,2026-01-18,Treatment,0,0,8,0,438,0.7069,0.162,1,4,0,0.5515,36,3184,2026-01
CUST-00459,Business,SaaS,SMB,North America,2025-10-31,Treatment,0,0,8,1,465,0.7097,0.1524,3,3,1,0.4862,37,7455,2025-10
CUST-00460,Professional,SaaS,Mid-Market,North America,2026-01-28,Treatment,0,0,9,0,332,0.5869,0.154,1,6,1,0.1739,49,3404,2026-01
CUST-00461,Professional,Financial Services,Enterprise,Europe,2025-11-19,Treatment,0,0,15,3,309,0.7438,0.143,3,2,1,0.5639,34,3066,2025-11
CUST-00462,Starter,SaaS,Mid-Market,Europe,2026-01-24,Treatment,0,0,3,0,387,0.8394,0.1363,3,7,1,0.3309,51,1143,2026-01
CUST-00463,Enterprise,SaaS,SMB,Europe,2025-10-22,Treatment,1,8,22,13,421,0.8303,0.0868,5,10,1,0.0138,80,13376,2025-10
CUST-00464,Starter,Professional Services,Mid-Market,North America,2025-10-22,Control,0,0,7,0,498,0.6634,0.1781,4,5,0,0.3683,39,1024,2025-10
CUST-00465,Professional,SaaS,SMB,APAC,2025-12-31,Control,0,0,13,3,352,0.8008,0.1582,3,5,0,0.5229,40,3309,2025-12
CUST-00466,Professional,Professional Services,Mid-Market,North America,2026-03-09,Treatment,1,3,6,4,396,0.695,0.0825,4,3,1,0.4615,50,2791,2026-03
CUST-00467,Professional,Professional Services,SMB,APAC,2026-01-30,Treatment,0,0,11,0,433,0.6811,0.1243,5,7,1,0.4049,46,2672,2026-01
CUST-00468,Enterprise,SaaS,SMB,North America,2025-11-06,Control,0,0,19,2,339,0.7012,0.1481,3,6,1,0.4179,46,17395,2025-11
CUST-00469,Starter,E-commerce,SMB,North America,2026-02-01,Treatment,1,8,3,3,307,0.8811,0.0766,4,2,0,0.5522,46,1147,2026-02
CUST-00470,Professional,SaaS,SMB,North America,2026-01-28,Control,0,0,7,1,395,0.7482,0.1621,3,4,0,0.54,36,2829,2026-01
CUST-00471,Professional,Financial Services,SMB,North America,2026-01-30,Treatment,0,0,9,2,325,0.6828,0.1612,5,4,0,0.4368,38,2530,2026-01
CUST-00472,Professional,SaaS,Mid-Market,North America,2025-12-23,Treatment,1,3,14,9,504,0.769,0.1482,5,7,1,0.307,62,2596,2025-12
CUST-00473,Starter,Education,Mid-Market,Europe,2025-10-05,Control,0,0,13,2,341,0.7437,0.151,3,4,0,0.3336,45,1196,2025-10
CUST-00474,Starter,SaaS,Mid-Market,APAC,2026-01-02,Treatment,0,0,10,0,385,0.746,0.1801,2,4,0,0.5095,37,1182,2026-01
CUST-00475,Starter,Financial Services,SMB,North America,2026-02-26,Treatment,1,3,7,7,365,0.8219,0.1108,5,6,0,0.3329,59,1143,2026-02
CUST-00476,Starter,SaaS,SMB,North America,2026-01-10,Treatment,0,0,7,1,414,0.6765,0.1757,4,7,0,0.3287,48,1442,2026-01
CUST-00477,Professional,SaaS,SMB,North America,2025-10-15,Treatment,1,5,12,9,392,0.8961,0.0902,6,5,1,0.2721,68,2981,2025-10
CUST-00478,Professional,E-commerce,SMB,APAC,2025-11-07,Treatment,0,0,6,0,354,0.8577,0.2233,2,6,0,0.379,46,3120,2025-11
CUST-00479,Professional,Financial Services,SMB,North America,2026-01-22,Control,0,0,5,1,323,0.8433,0.1388,3,5,1,0.3873,46,2567,2026-01
CUST-00480,Professional,Education,Enterprise,North America,2026-03-01,Treatment,0,0,13,3,399,0.8278,0.1721,3,3,1,0.5164,37,2927,2026-03
CUST-00481,Professional,SaaS,Enterprise,North America,2025-11-18,Control,1,5,18,9,325,0.98,0.1081,4,5,0,0.2908,57,2904,2025-11
CUST-00482,Starter,SaaS,SMB,North America,2026-02-23,Control,0,0,11,1,364,0.6741,0.1189,4,6,1,0.4441,42,1118,2026-02
CUST-00483,Professional,Healthcare,Mid-Market,Europe,2026-02-24,Control,1,6,18,13,315,0.7591,0.0547,3,1,1,0.5802,46,3847,2026-02
CUST-00484,Starter,Healthcare,Mid-Market,North America,2026-03-06,Control,0,0,13,3,350,0.6188,0.1909,4,6,1,0.3493,49,1166,2026-03
CUST-00485,Starter,Education,SMB,North America,2025-10-12,Treatment,0,0,6,1,319,0.7111,0.1675,4,4,1,0.4377,41,1233,2025-10
CUST-00486,Professional,Education,Mid-Market,APAC,2025-12-24,Treatment,1,5,17,12,301,0.7109,0.0613,5,6,1,0.2532,63,3201,2025-12
CUST-00487,Professional,Education,SMB,North America,2025-12-13,Treatment,0,0,4,1,375,0.836,0.1904,3,2,0,0.5034,33,2933,2025-12
CUST-00488,Starter,SaaS,SMB,Europe,2026-03-06,Control,1,2,15,13,411,0.8279,0.0856,5,8,1,0.2888,66,1191,2026-03
CUST-00489,Professional,Healthcare,Enterprise,North America,2025-10-12,Treatment,0,0,13,1,516,0.704,0.1836,3,4,0,0.5792,37,3291,2025-10
CUST-00490,Professional,Professional Services,Mid-Market,APAC,2025-12-30,Treatment,1,4,24,15,416,0.7232,0.1324,5,6,1,0.4008,64,2539,2025-12
CUST-00491,Business,Healthcare,SMB,Europe,2025-11-21,Control,0,0,13,0,423,0.628,0.1552,3,4,1,0.4047,41,9012,2025-11
CUST-00492,Professional,Financial Services,SMB,North America,2025-10-12,Treatment,0,0,3,0,466,0.6886,0.1117,4,1,1,0.5777,32,3127,2025-10
CUST-00493,Professional,SaaS,Enterprise,APAC,2025-10-15,Control,0,0,14,3,386,0.8601,0.1406,2,5,1,0.52,41,3580,2025-10
CUST-00494,Starter,Healthcare,SMB,North America,2026-01-31,Treatment,1,4,11,5,393,0.9021,0.0398,5,5,1,0.462,57,1294,2026-01
CUST-00495,Business,Education,Enterprise,North America,2025-10-22,Control,0,0,16,2,441,0.791,0.1373,3,6,1,0.251,53,6045,2025-10
CUST-00496,Professional,SaaS,Mid-Market,Europe,2026-01-29,Treatment,1,5,13,12,376,0.6363,0.1245,4,5,1,0.2532,58,2692,2026-01
CUST-00497,Professional,Education,SMB,Europe,2026-03-02,Treatment,1,3,22,14,417,0.8026,0.0716,7,10,1,0.07,77,2850,2026-03
CUST-00498,Professional,Healthcare,Mid-Market,North America,2025-12-25,Treatment,1,9,9,5,410,0.7906,0.0622,3,8,0,0.2313,66,2504,2025-12
CUST-00499,Professional,SaaS,Mid-Market,North America,2025-10-22,Control,1,9,16,11,321,0.7545,0.1287,4,6,1,0.2728,63,2925,2025-10
CUST-00500,Professional,SaaS,Mid-Market,North America,2025-11-22,Control,1,8,11,5,414,0.8147,0.085,7,10,1,0.216,71,2590,2025-11
CUST-00501,Business,SaaS,SMB,Europe,2026-01-10,Treatment,0,0,10,0,369,0.6581,0.1656,3,2,1,0.5554,35,7199,2026-01
CUST-00502,Business,E-commerce,SMB,LATAM,2026-01-17,Control,1,9,19,12,405,0.7672,0.0625,5,7,0,0.2674,64,6729,2026-01
CUST-00503,Enterprise,SaaS,SMB,North America,2026-03-08,Control,0,0,23,0,387,0.6858,0.1906,2,5,0,0.441,43,15571,2026-03
CUST-00504,Professional,Financial Services,Mid-Market,LATAM,2026-01-19,Treatment,0,0,14,3,324,0.6792,0.1608,3,4,1,0.4339,39,3444,2026-01
CUST-00505,Professional,Education,Mid-Market,North America,2025-11-13,Treatment,0,0,7,0,333,0.4663,0.1795,4,5,1,0.5191,31,2729,2025-11
CUST-00506,Business,Healthcare,Mid-Market,APAC,2025-10-31,Treatment,1,5,15,12,472,0.8162,0.0535,6,8,1,0.2887,63,7662,2025-10
CUST-00507,Starter,SaaS,Mid-Market,LATAM,2025-12-01,Control,0,0,9,0,352,0.7803,0.1922,4,3,1,0.4228,41,1072,2025-12
CUST-00508,Business,Healthcare,SMB,Europe,2026-02-13,Control,1,8,24,20,402,0.7459,0.0978,4,7,1,0.2569,66,7969,2026-02
CUST-00509,Professional,Professional Services,SMB,North America,2025-11-19,Treatment,0,0,16,0,447,0.8197,0.1414,3,4,1,0.5738,43,2762,2025-11
CUST-00510,Starter,Financial Services,Mid-Market,North America,2025-12-16,Control,0,0,20,0,461,0.6606,0.1491,3,6,0,0.4937,41,1255,2025-12
CUST-00511,Starter,SaaS,SMB,North America,2026-03-09,Control,0,0,8,0,355,0.6324,0.1465,3,7,1,0.3161,45,949,2026-03
CUST-00512,Business,E-commerce,Mid-Market,Europe,2025-11-24,Control,0,0,24,2,381,0.8142,0.1661,3,7,1,0.266,55,6361,2025-11
CUST-00513,Starter,E-commerce,SMB,LATAM,2026-02-08,Treatment,1,1,5,3,319,0.7679,0.0927,5,8,1,0.3258,61,1269,2026-02
CUST-00514,Starter,Healthcare,SMB,North America,2025-10-29,Control,1,9,9,5,427,0.8288,0.1295,5,6,1,0.4376,59,1389,2025-10
CUST-00515,Professional,SaaS,Enterprise,North America,2026-02-18,Treatment,0,0,13,3,475,0.6131,0.1089,2,5,1,0.5003,36,3357,2026-02
CUST-00516,Starter,Education,SMB,North America,2025-12-22,Control,0,0,12,1,402,0.7174,0.1749,3,6,1,0.3558,47,1229,2025-12
CUST-00517,Starter,SaaS,SMB,Europe,2025-10-30,Control,1,8,4,2,498,0.7843,0.0492,5,9,1,0.293,66,1105,2025-10
CUST-00518,Business,SaaS,Mid-Market,Europe,2026-03-03,Treatment,0,0,17,0,424,0.6997,0.2228,4,5,1,0.3348,47,6427,2026-03
CUST-00519,Starter,SaaS,Mid-Market,North America,2025-11-15,Treatment,0,0,12,0,398,0.7012,0.1972,4,8,0,0.2478,51,1171,2025-11
CUST-00520,Business,Financial Services,Enterprise,Europe,2025-11-08,Treatment,1,5,25,18,363,0.8249,0.0887,4,5,1,0.3875,61,6563,2025-11
CUST-00521,Business,E-commerce,Enterprise,North America,2026-01-26,Treatment,0,0,21,4,423,0.7394,0.1703,3,9,1,0.1987,57,7056,2026-01
CUST-00522,Professional,SaaS,Mid-Market,Europe,2025-11-21,Control,0,0,10,3,308,0.7714,0.1615,2,2,0,0.5364,39,3151,2025-11
CUST-00523,Starter,E-commerce,SMB,North America,2026-02-02,Control,0,0,6,0,424,0.5713,0.1443,1,3,0,0.4633,36,1111,2026-02
CUST-00524,Professional,Financial Services,SMB,North America,2025-11-24,Control,0,0,9,0,401,0.85,0.1414,4,6,1,0.2943,50,2831,2025-11
CUST-00525,Starter,Healthcare,Enterprise,Europe,2026-01-21,Control,0,0,8,0,395,0.7125,0.1588,2,4,1,0.5431,37,1163,2026-01
CUST-00526,Professional,Education,SMB,Europe,2026-02-13,Treatment,0,0,11,2,390,0.6884,0.0931,3,5,0,0.4854,40,3146,2026-02
CUST-00527,Enterprise,Healthcare,Enterprise,North America,2026-01-02,Treatment,1,3,24,15,419,0.8625,0.1226,3,5,1,0.4184,56,15303,2026-01
CUST-00528,Enterprise,SaaS,Mid-Market,APAC,2026-02-23,Control,1,6,22,14,364,0.8205,0.1325,5,7,1,0.2121,67,18412,2026-02
CUST-00529,Business,Education,SMB,North America,2026-02-14,Control,1,5,18,5,328,0.8193,0.0833,5,7,1,0.279,64,8196,2026-02
CUST-00530,Starter,Professional Services,SMB,North America,2025-12-14,Treatment,1,5,10,6,373,0.78,0.1258,3,7,1,0.2212,63,1383,2025-12
CUST-00531,Professional,Healthcare,Mid-Market,LATAM,2025-12-28,Treatment,0,0,27,5,383,0.7757,0.147,4,6,1,0.3397,48,3125,2025-12
CUST-00532,Business,Professional Services,SMB,LATAM,2026-01-04,Control,0,0,12,1,404,0.6013,0.1457,4,7,1,0.3133,48,9002,2026-01
CUST-00533,Professional,E-commerce,SMB,North America,2025-10-19,Control,0,0,4,0,405,0.7491,0.1649,2,5,1,0.4976,40,3056,2025-10
CUST-00534,Professional,Healthcare,Mid-Market,LATAM,2025-11-09,Control,0,0,15,1,424,0.6892,0.1728,3,2,0,0.5306,35,3176,2025-11
CUST-00535,Starter,Professional Services,SMB,Europe,2026-02-16,Control,0,0,12,2,322,0.5846,0.1387,4,6,0,0.5088,39,984,2026-02
CUST-00536,Starter,Professional Services,SMB,North America,2026-02-14,Control,0,0,6,1,324,0.8184,0.1682,2,5,0,0.2993,47,1250,2026-02
CUST-00537,Professional,Healthcare,Mid-Market,North America,2026-02-26,Treatment,0,0,5,1,392,0.6999,0.1669,2,4,0,0.7181,31,3215,2026-02
CUST-00538,Starter,Financial Services,Mid-Market,North America,2026-01-18,Control,0,0,14,0,395,0.8111,0.1034,4,9,1,0.386,52,1254,2026-01
CUST-00539,Starter,Healthcare,SMB,Europe,2025-10-21,Treatment,1,2,6,5,303,0.8682,0.0829,5,8,1,0.2248,69,1323,2025-10
CUST-00540,Business,SaaS,Enterprise,LATAM,2026-01-28,Control,1,3,12,8,251,0.7508,0.0842,3,6,1,0.3013,62,7770,2026-01
CUST-00541,Enterprise,Education,Enterprise,North America,2025-11-11,Control,0,0,33,4,414,0.8483,0.1445,5,6,1,0.2522,52,15748,2025-11
CUST-00542,Professional,E-commerce,SMB,North America,2025-12-03,Control,0,0,7,0,385,0.7113,0.1446,3,7,1,0.5,43,3497,2025-12
CUST-00543,Business,Financial Services,SMB,North America,2025-10-27,Treatment,0,0,23,3,418,0.6763,0.1719,1,4,0,0.6434,31,6556,2025-10
CUST-00544,Enterprise,Financial Services,Mid-Market,Europe,2026-03-05,Treatment,1,4,35,18,387,0.7556,0.0499,6,7,1,0.1773,70,17491,2026-03
CUST-00545,Starter,E-commerce,SMB,APAC,2026-01-26,Control,0,0,9,0,449,0.6659,0.1869,2,4,1,0.4446,38,1190,2026-01
CUST-00546,Professional,Healthcare,Mid-Market,North America,2025-12-15,Control,1,9,21,12,310,0.8396,0.0866,6,8,1,0.1838,70,3143,2025-12
CUST-00547,Professional,Education,Mid-Market,Europe,2025-10-24,Treatment,0,0,15,0,411,0.6711,0.1909,5,5,0,0.4861,39,2805,2025-10
CUST-00548,Starter,Financial Services,SMB,North America,2026-01-22,Control,1,9,3,3,468,0.8443,0.0741,5,5,0,0.4823,57,1284,2026-01
CUST-00549,Business,Financial Services,SMB,Europe,2026-02-04,Treatment,1,6,10,6,382,0.769,0.1141,6,12,1,0.159,72,6645,2026-02
CUST-00550,Professional,E-commerce,SMB,Europe,2025-10-27,Treatment,0,0,9,0,492,0.8061,0.1736,6,6,1,0.393,45,2851,2025-10
CUST-00551,Professional,Healthcare,Enterprise,Europe,2025-11-13,Control,1,5,16,8,413,0.7792,0.0453,8,10,1,0.1139,75,3084,2025-11
CUST-00552,Starter,SaaS,SMB,North America,2026-02-03,Treatment,0,0,9,0,361,0.715,0.1553,3,4,0,0.6328,32,1085,2026-02
CUST-00553,Starter,Healthcare,Enterprise,Europe,2025-10-18,Treatment,0,0,27,0,542,0.719,0.2233,4,5,0,0.3071,51,1358,2025-10
CUST-00554,Business,SaaS,SMB,Europe,2025-10-07,Treatment,1,8,22,14,441,0.8247,0.1111,7,8,1,0.4065,64,8464,2025-10
CUST-00555,Starter,Financial Services,Mid-Market,Europe,2026-03-06,Control,0,0,11,0,339,0.7329,0.1324,2,5,0,0.4502,40,1114,2026-03
CUST-00556,Starter,Education,Enterprise,Europe,2026-02-14,Treatment,1,2,14,12,341,0.7334,0.0782,4,5,1,0.4606,56,1301,2026-02
CUST-00557,Starter,Healthcare,SMB,APAC,2026-02-22,Control,0,0,9,2,493,0.8823,0.1807,5,10,1,0.0505,65,1122,2026-02
CUST-00558,Professional,Healthcare,SMB,North America,2025-11-10,Treatment,1,5,4,4,385,0.8623,0.0985,5,6,1,0.312,60,3590,2025-11
CUST-00559,Professional,Financial Services,Mid-Market,North America,2026-02-25,Treatment,1,7,10,7,261,0.8841,0.0521,4,5,1,0.2874,61,2290,2026-02
CUST-00560,Professional,SaaS,Mid-Market,LATAM,2025-10-06,Control,0,0,18,3,360,0.8242,0.116,3,4,0,0.5805,38,3294,2025-10
CUST-00561,Starter,Education,SMB,North America,2026-03-05,Treatment,0,0,4,1,351,0.713,0.1778,4,2,1,0.6192,31,1326,2026-03
CUST-00562,Starter,Healthcare,SMB,APAC,2026-02-14,Treatment,0,0,6,0,491,0.7961,0.1529,4,5,1,0.4131,43,1106,2026-02
CUST-00563,Business,SaaS,Mid-Market,Europe,2026-02-06,Treatment,1,8,9,7,386,0.918,0.1167,4,5,1,0.5242,54,7865,2026-02
CUST-00564,Professional,SaaS,SMB,APAC,2026-02-23,Treatment,0,0,14,0,393,0.8441,0.1686,4,3,1,0.5745,35,2780,2026-02
CUST-00565,Professional,Education,Mid-Market,Europe,2026-02-06,Treatment,1,7,11,6,330,0.8849,0.0695,5,4,1,0.5361,55,2770,2026-02
CUST-00566,Professional,SaaS,SMB,APAC,2026-02-05,Control,0,0,3,0,447,0.7124,0.159,3,4,1,0.4034,40,3374,2026-02
CUST-00567,Business,Financial Services,SMB,Europe,2026-01-26,Treatment,0,0,13,2,392,0.8379,0.1493,4,4,0,0.475,41,8956,2026-01
CUST-00568,Starter,SaaS,Mid-Market,North America,2026-02-15,Treatment,1,5,16,4,402,0.7078,0.0972,5,10,1,0.01,74,1078,2026-02
CUST-00569,Professional,SaaS,SMB,North America,2025-10-05,Treatment,0,0,7,0,443,0.6788,0.1375,2,5,0,0.5573,38,3391,2025-10
CUST-00570,Professional,Education,Enterprise,North America,2026-01-30,Treatment,0,0,26,0,420,0.5453,0.122,5,6,0,0.3626,48,3349,2026-01
CUST-00571,Professional,SaaS,Mid-Market,North America,2026-01-28,Control,1,8,10,5,301,0.7903,0.086,4,7,1,0.2234,66,2494,2026-01
CUST-00572,Business,SaaS,SMB,LATAM,2025-12-09,Control,0,0,11,0,457,0.6967,0.1386,4,6,1,0.4039,44,6931,2025-12
CUST-00573,Professional,E-commerce,SMB,North America,2026-01-16,Control,0,0,5,0,467,0.6922,0.1836,3,6,1,0.3493,42,2670,2026-01
CUST-00574,Business,Education,SMB,Europe,2026-03-06,Treatment,0,0,14,1,521,0.7125,0.154,2,6,0,0.392,44,7575,2026-03
CUST-00575,Business,Healthcare,Mid-Market,North America,2025-10-30,Control,1,4,10,4,348,0.7222,0.0965,5,8,1,0.2998,62,6861,2025-10
CUST-00576,Professional,SaaS,Mid-Market,North America,2026-02-11,Control,1,4,11,6,443,0.86,0.0806,5,7,1,0.3095,63,2999,2026-02
CUST-00577,Business,Education,Mid-Market,LATAM,2026-02-26,Control,1,6,15,9,438,0.7922,0.094,5,7,1,0.1906,64,8364,2026-02
CUST-00578,Professional,Financial Services,SMB,North America,2025-11-11,Treatment,0,0,5,0,469,0.7039,0.1752,2,2,0,0.5439,33,3178,2025-11
CUST-00579,Business,Professional Services,SMB,Europe,2026-02-15,Control,1,5,14,9,374,0.7027,0.096,4,8,1,0.1499,68,6932,2026-02
CUST-00580,Professional,Professional Services,SMB,North America,2025-10-04,Control,0,0,7,0,360,0.6483,0.1191,3,8,0,0.2127,50,3345,2025-10
CUST-00581,Professional,Financial Services,Mid-Market,North America,2025-10-02,Control,0,0,4,0,394,0.655,0.1489,2,7,0,0.3714,42,3350,2025-10
CUST-00582,Professional,Healthcare,SMB,North America,2025-12-02,Control,1,3,7,4,311,0.8479,0.1411,6,7,0,0.2315,63,3370,2025-12
CUST-00583,Starter,Healthcare,SMB,Europe,2025-10-06,Control,0,0,9,0,327,0.9509,0.1693,3,4,0,0.4527,45,1330,2025-10
CUST-00584,Professional,Financial Services,SMB,North America,2026-01-24,Control,0,0,11,2,439,0.7492,0.1488,6,10,1,0.1611,63,2601,2026-01
CUST-00585,Business,Financial Services,SMB,APAC,2025-10-20,Treatment,1,8,11,6,326,0.8726,0.0772,3,7,0,0.4531,65,8271,2025-10
CUST-00586,Professional,Education,Mid-Market,Europe,2026-01-14,Control,1,7,17,11,255,0.8785,0.1251,6,10,1,0.1191,74,2882,2026-01
CUST-00587,Starter,E-commerce,Mid-Market,North America,2026-01-30,Control,0,0,12,1,411,0.5998,0.1732,4,8,1,0.2201,49,1149,2026-01
CUST-00588,Professional,Healthcare,Enterprise,North America,2025-10-28,Treatment,0,0,11,1,448,0.822,0.1284,1,5,0,0.3766,45,2994,2025-10
CUST-00589,Starter,E-commerce,SMB,North America,2026-01-03,Control,1,1,7,5,398,0.8302,0.14,4,9,0,0.1879,67,1206,2026-01
CUST-00590,Starter,Financial Services,Mid-Market,APAC,2025-10-27,Control,0,0,4,0,356,0.8156,0.1671,2,3,1,0.3211,40,963,2025-10
CUST-00591,Enterprise,E-commerce,SMB,North America,2025-10-11,Control,1,1,28,18,330,0.7529,0.0965,4,8,1,0.2416,69,16947,2025-10
CUST-00592,Professional,Professional Services,Mid-Market,North America,2026-03-09,Control,0,0,20,1,429,0.7519,0.197,4,4,1,0.2769,48,3039,2026-03
CUST-00593,Starter,Financial Services,Mid-Market,Europe,2026-01-31,Treatment,0,0,6,1,449,0.7855,0.1641,1,1,1,0.6076,31,1227,2026-01
CUST-00594,Professional,SaaS,SMB,North America,2025-10-15,Treatment,0,0,7,1,425,0.7229,0.1706,5,7,1,0.272,50,2520,2025-10
CUST-00595,Starter,E-commerce,Mid-Market,Europe,2025-10-11,Control,0,0,8,1,450,0.6377,0.122,3,2,1,0.5599,31,1085,2025-10
CUST-00596,Starter,Financial Services,SMB,North America,2025-10-03,Treatment,1,4,24,18,347,0.6704,0.0878,5,11,1,0.01,76,1143,2025-10
CUST-00597,Business,Education,SMB,North America,2026-01-17,Treatment,0,0,18,0,432,0.7865,0.1284,2,7,1,0.2401,52,7826,2026-01
CUST-00598,Professional,Healthcare,SMB,North America,2025-12-26,Control,0,0,8,3,397,0.7761,0.147,1,6,1,0.1824,51,3312,2025-12
CUST-00599,Enterprise,Financial Services,SMB,Europe,2026-01-26,Treatment,0,0,15,3,336,0.6995,0.1662,5,6,1,0.3563,44,14722,2026-01
CUST-00600,Professional,E-commerce,Enterprise,Europe,2025-11-05,Treatment,1,6,11,9,257,0.8749,0.034,4,5,0,0.3657,58,3297,2025-11
CUST-00601,Professional,E-commerce,Mid-Market,North America,2025-10-27,Treatment,0,0,11,1,357,0.6851,0.1681,1,2,1,0.5722,33,2775,2025-10
CUST-00602,Business,SaaS,Mid-Market,North America,2026-02-22,Treatment,0,0,15,3,355,0.6508,0.181,3,4,1,0.5758,33,7078,2026-02
CUST-00603,Business,Education,Mid-Market,Europe,2025-11-28,Control,1,4,17,10,442,0.8436,0.0442,4,6,1,0.2278,65,7359,2025-11
CUST-00604,Business,Education,Mid-Market,North America,2026-02-04,Treatment,0,0,9,1,396,0.5906,0.143,2,3,1,0.5136,34,7046,2026-02
CUST-00605,Enterprise,E-commerce,SMB,Europe,2026-02-12,Control,1,9,12,6,329,0.8512,0.0521,4,7,1,0.2421,66,16622,2026-02
CUST-00606,Business,E-commerce,SMB,North America,2026-01-19,Treatment,0,0,11,1,393,0.5942,0.173,5,8,1,0.38,47,6891,2026-01
CUST-00607,Business,SaaS,SMB,North America,2026-01-31,Control,0,0,13,1,416,0.6362,0.1474,4,6,1,0.5251,44,7943,2026-01
CUST-00608,Starter,Financial Services,Enterprise,North America,2025-10-04,Control,0,0,12,1,380,0.6988,0.1881,4,8,1,0.1558,53,1209,2025-10
CUST-00609,Business,E-commerce,Enterprise,North America,2026-03-03,Control,1,1,26,18,328,0.8658,0.0572,6,7,1,0.2746,68,6431,2026-03
CUST-00610,Professional,Financial Services,Mid-Market,Europe,2025-11-23,Treatment,1,8,18,10,348,0.6459,0.0949,4,7,0,0.2625,59,3331,2025-11
CUST-00611,Professional,SaaS,SMB,North America,2025-10-05,Treatment,0,0,5,1,409,0.7881,0.1391,3,6,1,0.3447,48,3140,2025-10
CUST-00612,Professional,Financial Services,SMB,North America,2026-01-31,Treatment,1,1,6,6,336,0.9044,0.0904,7,8,0,0.1254,68,3079,2026-01
CUST-00613,Enterprise,Healthcare,Mid-Market,North America,2025-10-23,Control,1,5,20,9,352,0.854,0.0818,5,7,1,0.2758,65,14955,2025-10
CUST-00614,Enterprise,Financial Services,SMB,North America,2025-11-20,Control,0,0,33,0,368,0.7405,0.1776,6,9,1,0.2206,55,13332,2025-11
CUST-00615,Starter,Financial Services,Mid-Market,Europe,2026-03-06,Control,0,0,11,3,409,0.7276,0.1672,3,4,1,0.4262,41,1250,2026-03
CUST-00616,Business,SaaS,SMB,Europe,2026-01-05,Control,0,0,10,1,382,0.6147,0.1887,4,7,1,0.3664,43,10316,2026-01
CUST-00617,Business,E-commerce,SMB,LATAM,2026-02-20,Control,0,0,9,0,441,0.7255,0.1576,4,5,1,0.4969,38,5497,2026-02
CUST-00618,Professional,Professional Services,Mid-Market,North America,2025-10-11,Treatment,1,5,19,14,444,0.8344,0.0672,4,6,1,0.2304,66,3350,2025-10
CUST-00619,Starter,Financial Services,Enterprise,North America,2025-10-31,Treatment,1,1,16,9,309,0.98,0.1053,6,7,1,0.297,68,1050,2025-10
CUST-00620,Starter,SaaS,Mid-Market,North America,2026-01-09,Control,1,2,9,5,359,0.9124,0.0881,3,4,1,0.3664,58,1288,2026-01
CUST-00621,Business,E-commerce,SMB,APAC,2026-02-24,Control,1,7,3,1,303,0.7964,0.0833,2,7,0,0.388,62,6619,2026-02
CUST-00622,Professional,Healthcare,SMB,North America,2026-01-08,Treatment,1,1,10,8,342,0.7296,0.0985,5,5,1,0.3055,58,3234,2026-01
CUST-00623,Enterprise,Financial Services,Enterprise,North America,2025-10-22,Treatment,1,9,23,13,473,0.8619,0.071,4,7,1,0.347,64,18448,2025-10
CUST-00624,Professional,Financial Services,Mid-Market,Europe,2025-12-25,Treatment,1,1,16,14,381,0.8051,0.1345,4,6,1,0.2234,63,3017,2025-12
CUST-00625,Enterprise,SaaS,SMB,North America,2025-10-07,Treatment,1,6,14,12,313,0.8638,0.1163,7,6,0,0.3921,59,16954,2025-10
CUST-00626,Professional,Financial Services,Mid-Market,Europe,2025-12-21,Control,1,4,6,3,403,0.7265,0.0991,5,6,1,0.2171,62,3086,2025-12
CUST-00627,Business,Professional Services,SMB,North America,2026-01-11,Control,1,6,7,4,310,0.6765,0.0964,4,7,1,0.2503,64,6851,2026-01
CUST-00628,Starter,Professional Services,SMB,Europe,2025-10-11,Treatment,0,0,9,0,348,0.7607,0.161,2,4,0,0.5087,39,1181,2025-10
CUST-00629,Professional,SaaS,Mid-Market,Europe,2025-12-05,Treatment,0,0,21,1,443,0.6906,0.147,5,5,0,0.458,42,3194,2025-12
CUST-00630,Business,Healthcare,Mid-Market,North America,2025-11-18,Treatment,1,6,6,5,339,0.8082,0.1026,4,8,1,0.1542,68,8761,2025-11
CUST-00631,Enterprise,E-commerce,SMB,Europe,2026-02-08,Control,0,0,17,6,373,0.668,0.1494,4,8,0,0.3929,48,14930,2026-02
CUST-00632,Business,SaaS,SMB,North America,2026-01-04,Treatment,0,0,7,0,407,0.8172,0.201,4,4,1,0.5324,38,7936,2026-01
CUST-00633,Starter,E-commerce,Enterprise,North America,2025-10-04,Control,0,0,17,0,396,0.6268,0.1959,3,3,0,0.5037,40,1150,2025-10
CUST-00634,Professional,SaaS,Mid-Market,APAC,2025-10-01,Treatment,0,0,6,0,482,0.7969,0.1655,2,2,1,0.4035,33,3230,2025-10
CUST-00635,Starter,SaaS,Mid-Market,Europe,2025-12-22,Control,0,0,24,3,321,0.7244,0.1831,6,7,1,0.3469,51,1306,2025-12
CUST-00636,Starter,Financial Services,SMB,LATAM,2026-02-02,Treatment,0,0,8,0,366,0.7106,0.1224,3,7,1,0.4487,43,1182,2026-02
CUST-00637,Professional,SaaS,Enterprise,Europe,2026-02-27,Control,1,4,18,12,375,0.8229,0.0942,5,11,1,0.0562,78,3155,2026-02
CUST-00638,Business,Financial Services,Enterprise,North America,2025-10-21,Control,0,0,15,0,346,0.7123,0.1162,3,7,1,0.2748,53,6275,2025-10
CUST-00639,Business,SaaS,SMB,North America,2025-12-06,Control,0,0,10,1,361,0.7047,0.1626,3,3,0,0.5277,37,8026,2025-12
CUST-00640,Business,E-commerce,SMB,North America,2025-10-14,Treatment,0,0,19,0,457,0.7268,0.1399,5,6,1,0.2597,50,7845,2025-10
CUST-00641,Business,Healthcare,Mid-Market,North America,2025-12-10,Treatment,0,0,9,1,356,0.6896,0.1826,1,4,0,0.4513,37,8494,2025-12
CUST-00642,Business,Professional Services,Mid-Market,North America,2025-12-11,Treatment,0,0,11,3,436,0.7541,0.162,4,7,0,0.2029,55,6016,2025-12
CUST-00643,Starter,Professional Services,Mid-Market,North America,2026-01-26,Treatment,1,8,7,6,280,0.9128,0.0807,4,5,1,0.4115,59,1184,2026-01
CUST-00644,Starter,Healthcare,Enterprise,North America,2026-03-01,Treatment,0,0,15,1,518,0.932,0.1511,2,5,1,0.4218,43,1037,2026-03
CUST-00645,Professional,Financial Services,Mid-Market,APAC,2026-02-14,Treatment,0,0,6,1,437,0.8099,0.1051,1,5,1,0.5311,38,2607,2026-02
CUST-00646,Business,SaaS,SMB,North America,2025-10-10,Control,0,0,15,0,449,0.7838,0.1821,6,7,1,0.2373,52,5897,2025-10
CUST-00647,Starter,Financial Services,SMB,North America,2026-02-14,Treatment,1,6,7,6,332,0.6435,0.1245,7,8,0,0.1977,67,1236,2026-02
CUST-00648,Professional,SaaS,Mid-Market,Europe,2025-12-22,Treatment,1,8,18,12,363,0.7975,0.1095,4,8,1,0.3923,62,2792,2025-12
CUST-00649,Professional,E-commerce,SMB,Europe,2026-01-15,Treatment,1,9,11,9,502,0.7555,0.0776,6,8,1,0.1815,68,3039,2026-01
CUST-00650,Starter,SaaS,SMB,North America,2026-02-10,Control,0,0,6,0,350,0.6073,0.1383,2,1,1,0.5982,28,1218,2026-02
CUST-00651,Professional,Education,Mid-Market,Europe,2026-02-26,Control,0,0,21,6,358,0.8123,0.1181,3,7,1,0.283,54,3155,2026-02
CUST-00652,Business,E-commerce,SMB,Europe,2025-10-28,Control,0,0,16,2,383,0.5973,0.1503,3,7,1,0.3869,44,8083,2025-10
CUST-00653,Professional,Financial Services,Mid-Market,APAC,2025-11-24,Treatment,0,0,10,2,406,0.6642,0.1023,4,2,0,0.4891,35,3507,2025-11
CUST-00654,Starter,Healthcare,SMB,North America,2025-11-10,Treatment,0,0,5,0,448,0.5901,0.1066,1,5,0,0.1902,46,1190,2025-11
CUST-00655,Business,Healthcare,SMB,North America,2025-12-11,Treatment,0,0,27,0,437,0.7187,0.1842,2,2,0,0.5488,34,7189,2025-12
CUST-00656,Professional,SaaS,SMB,Europe,2026-01-14,Control,1,5,5,5,288,0.9009,0.13,4,6,1,0.4452,59,2610,2026-01
CUST-00657,Business,Education,Mid-Market,North America,2025-12-24,Treatment,1,4,18,10,413,0.7121,0.0744,7,5,0,0.317,64,7958,2025-12
CUST-00658,Starter,Professional Services,Mid-Market,Europe,2025-12-26,Control,1,3,4,3,407,0.7674,0.1018,5,7,1,0.2536,63,1089,2025-12
CUST-00659,Professional,SaaS,SMB,Europe,2025-11-17,Control,1,9,10,8,359,0.8741,0.0777,4,8,1,0.2571,67,3067,2025-11
CUST-00660,Professional,Professional Services,SMB,Europe,2026-01-15,Treatment,0,0,4,0,376,0.8306,0.1894,2,3,0,0.5478,35,3809,2026-01
CUST-00661,Starter,Healthcare,SMB,LATAM,2026-02-14,Control,0,0,8,0,426,0.7313,0.1657,2,5,1,0.3126,46,997,2026-02
CUST-00662,Business,SaaS,Mid-Market,Europe,2025-12-07,Control,1,4,14,10,345,0.7108,0.1054,4,7,1,0.263,62,6547,2025-12
CUST-00663,Starter,E-commerce,Enterprise,APAC,2025-11-09,Control,0,0,18,0,407,0.7044,0.1146,2,9,1,0.1727,54,1213,2025-11
CUST-00664,Starter,SaaS,Mid-Market,Europe,2025-12-22,Control,0,0,8,3,386,0.6959,0.1577,4,5,0,0.4589,40,1048,2025-12
CUST-00665,Professional,SaaS,SMB,North America,2025-10-06,Treatment,0,0,11,2,349,0.6815,0.1468,3,6,1,0.3913,45,3465,2025-10
CUST-00666,Business,Financial Services,Mid-Market,APAC,2026-02-20,Treatment,0,0,16,1,408,0.6243,0.1943,3,3,0,0.4714,37,6653,2026-02
CUST-00667,Business,SaaS,SMB,Europe,2026-03-07,Treatment,1,8,17,16,402,0.8673,0.0764,7,10,1,0.1124,78,7430,2026-03
CUST-00668,Enterprise,Education,SMB,LATAM,2026-02-20,Treatment,0,0,26,4,436,0.7272,0.1538,3,5,1,0.4571,41,16849,2026-02
CUST-00669,Starter,Financial Services,SMB,North America,2025-10-26,Control,0,0,7,3,371,0.5841,0.1135,6,10,0,0.1868,53,1020,2025-10
CUST-00670,Professional,Professional Services,SMB,North America,2025-10-26,Control,0,0,16,0,397,0.7759,0.1638,7,6,1,0.1903,52,3014,2025-10
CUST-00671,Starter,Financial Services,SMB,APAC,2025-10-08,Treatment,1,6,7,5,460,0.9438,0.0926,4,6,0,0.3935,63,1410,2025-10
CUST-00672,Professional,Education,Mid-Market,North America,2026-02-12,Control,0,0,8,2,346,0.7521,0.1528,4,7,0,0.2487,50,3184,2026-02
CUST-00673,Enterprise,Healthcare,SMB,Europe,2025-10-11,Treatment,0,0,23,5,430,0.6729,0.1919,5,8,1,0.3062,51,15271,2025-10
CUST-00674,Business,E-commerce,Mid-Market,North America,2025-10-08,Control,1,1,13,7,440,0.9789,0.0905,6,7,1,0.2544,66,8142,2025-10
CUST-00675,Professional,E-commerce,Enterprise,North America,2026-02-17,Treatment,0,0,14,1,345,0.7277,0.1443,3,7,0,0.3152,51,2273,2026-02
CUST-00676,Professional,Education,Mid-Market,North America,2026-01-29,Treatment,0,0,20,0,401,0.7916,0.14,4,8,1,0.3461,52,2798,2026-01
CUST-00677,Business,SaaS,SMB,APAC,2025-11-23,Treatment,0,0,14,2,461,0.6986,0.1787,3,6,0,0.3333,47,6252,2025-11
CUST-00678,Professional,Financial Services,Mid-Market,North America,2025-12-13,Treatment,1,3,17,10,328,0.7577,0.0495,4,6,1,0.2508,64,3080,2025-12
CUST-00679,Starter,Professional Services,SMB,Europe,2025-11-16,Treatment,1,6,10,8,364,0.8683,0.0734,5,5,1,0.4897,54,1209,2025-11
CUST-00680,Professional,Healthcare,SMB,Europe,2026-02-02,Control,0,0,10,0,333,0.6524,0.1568,3,5,0,0.4324,41,2687,2026-02
CUST-00681,Starter,Education,SMB,Europe,2026-02-19,Treatment,1,2,11,7,344,0.7751,0.0797,3,5,0,0.414,57,1355,2026-02
CUST-00682,Starter,Healthcare,Mid-Market,North America,2026-01-22,Treatment,0,0,17,3,474,0.7204,0.1582,6,7,1,0.2417,50,943,2026-01
CUST-00683,Starter,SaaS,Mid-Market,North America,2025-10-16,Treatment,1,3,10,8,287,0.9114,0.1183,6,8,1,0.1938,72,1455,2025-10
CUST-00684,Professional,Financial Services,Mid-Market,APAC,2026-02-01,Treatment,0,0,7,0,320,0.6173,0.1532,7,5,0,0.4113,39,3377,2026-02
CUST-00685,Professional,E-commerce,Mid-Market,North America,2026-01-03,Control,0,0,24,2,402,0.8148,0.1351,5,6,1,0.3136,51,3031,2026-01
CUST-00686,Professional,SaaS,SMB,North America,2026-01-23,Control,1,3,7,3,411,0.8718,0.1285,3,3,1,0.3547,56,2808,2026-01
CUST-00687,Professional,SaaS,Mid-Market,LATAM,2025-12-27,Treatment,1,3,15,14,318,0.8568,0.0831,6,8,1,0.2214,68,2900,2025-12
CUST-00688,Enterprise,SaaS,Mid-Market,North America,2026-03-02,Control,0,0,12,0,393,0.8108,0.1706,3,5,1,0.4161,45,16570,2026-03
CUST-00689,Business,Professional Services,SMB,North America,2026-02-23,Treatment,1,8,8,4,418,0.7195,0.127,5,6,0,0.3749,59,6917,2026-02
CUST-00690,Professional,Education,Enterprise,LATAM,2025-12-13,Treatment,0,0,19,2,470,0.6176,0.142,4,3,1,0.6369,33,2940,2025-12
CUST-00691,Starter,E-commerce,Mid-Market,North America,2025-10-20,Treatment,1,6,7,5,392,0.6646,0.1346,3,8,1,0.1941,66,1243,2025-10
CUST-00692,Business,SaaS,SMB,North America,2026-01-12,Control,0,0,15,2,453,0.6986,0.2046,2,5,1,0.3461,43,8019,2026-01
CUST-00693,Starter,E-commerce,SMB,North America,2025-11-10,Control,0,0,10,1,402,0.7541,0.1417,2,6,1,0.3237,46,1406,2025-11
CUST-00694,Professional,Professional Services,SMB,Europe,2026-02-15,Treatment,0,0,8,1,367,0.6506,0.1457,3,3,0,0.385,39,3567,2026-02
CUST-00695,Business,Professional Services,Mid-Market,APAC,2025-10-30,Treatment,0,0,28,0,328,0.7754,0.1784,4,7,0,0.4229,49,7407,2025-10
CUST-00696,Professional,Healthcare,SMB,Europe,2026-01-25,Treatment,0,0,10,0,334,0.7161,0.1962,3,4,1,0.3819,38,2477,2026-01
CUST-00697,Business,SaaS,SMB,LATAM,2025-12-15,Control,0,0,7,0,403,0.7293,0.1807,3,3,1,0.6765,29,7465,2025-12
CUST-00698,Professional,Education,Mid-Market,North America,2026-02-01,Control,0,0,17,1,477,0.7782,0.159,4,3,0,0.4758,40,3506,2026-02
CUST-00699,Professional,Professional Services,Mid-Market,Europe,2026-03-08,Treatment,0,0,13,0,358,0.7299,0.1734,4,8,1,0.4084,48,2954,2026-03
CUST-00700,Starter,SaaS,Mid-Market,North America,2026-03-03,Treatment,1,5,9,5,542,0.7142,0.1078,5,5,1,0.3401,57,1449,2026-03
CUST-00701,Starter,Professional Services,Mid-Market,APAC,2025-12-31,Treatment,0,0,8,0,400,0.8539,0.1679,2,9,1,0.3306,50,1032,2025-12
CUST-00702,Professional,SaaS,SMB,LATAM,2026-03-01,Treatment,1,7,9,3,332,0.8526,0.0787,5,5,0,0.3953,59,3148,2026-03
CUST-00703,Starter,SaaS,SMB,North America,2026-03-04,Treatment,1,5,9,5,342,0.7199,0.1104,6,8,1,0.2381,66,1258,2026-03
CUST-00704,Business,Professional Services,Mid-Market,APAC,2026-01-19,Treatment,1,8,4,3,361,0.7919,0.0835,4,5,0,0.4495,56,9207,2026-01
CUST-00705,Starter,E-commerce,SMB,Europe,2025-12-03,Treatment,0,0,13,0,485,0.7427,0.1128,5,6,1,0.3823,45,1206,2025-12
CUST-00706,Professional,Healthcare,Mid-Market,North America,2026-02-10,Treatment,1,3,21,11,379,0.7135,0.0559,3,8,0,0.2526,65,3156,2026-02
CUST-00707,Business,Education,Enterprise,Europe,2025-12-18,Treatment,1,3,15,10,295,0.8715,0.1224,3,6,0,0.1897,67,8132,2025-12
CUST-00708,Business,Professional Services,SMB,LATAM,2026-02-22,Control,1,8,12,8,461,0.7196,0.0633,3,7,0,0.3758,59,6583,2026-02
CUST-00709,Professional,SaaS,Mid-Market,North America,2026-02-24,Treatment,0,0,10,0,376,0.8651,0.1627,3,6,1,0.3321,53,2792,2026-02
CUST-00710,Professional,Financial Services,Mid-Market,North America,2025-10-14,Treatment,1,3,19,10,328,0.884,0.122,6,8,0,0.1662,68,3117,2025-10
CUST-00711,Enterprise,Professional Services,Mid-Market,LATAM,2025-11-27,Treatment,0,0,11,0,436,0.6998,0.1645,3,4,1,0.3893,44,16326,2025-11
CUST-00712,Professional,E-commerce,SMB,North America,2025-12-29,Control,1,8,20,15,411,0.7239,0.1476,4,5,1,0.3568,58,2894,2025-12
CUST-00713,Business,Education,SMB,North America,2026-02-26,Control,0,0,13,0,463,0.7406,0.1577,4,7,1,0.2795,51,7860,2026-02
CUST-00714,Business,Financial Services,SMB,Europe,2025-12-03,Treatment,0,0,8,1,306,0.6174,0.1395,4,5,1,0.5692,37,7639,2025-12
CUST-00715,Business,SaaS,Mid-Market,Europe,2026-02-01,Treatment,1,2,19,12,455,0.7954,0.054,5,8,0,0.4009,62,8404,2026-02
CUST-00716,Starter,SaaS,SMB,North America,2025-10-19,Control,0,0,3,1,334,0.7275,0.1138,4,6,1,0.3386,48,1123,2025-10
CUST-00717,Professional,Professional Services,SMB,North America,2025-12-01,Control,1,7,13,8,402,0.8393,0.1287,7,8,1,0.1484,72,3108,2025-12
CUST-00718,Starter,Education,Mid-Market,APAC,2025-11-26,Treatment,0,0,14,1,430,0.8077,0.1322,6,11,1,0.2207,59,1144,2025-11
CUST-00719,Professional,SaaS,SMB,North America,2026-01-29,Treatment,1,8,4,4,383,0.8769,0.0498,3,7,0,0.1874,70,2816,2026-01
CUST-00720,Enterprise,SaaS,Mid-Market,Europe,2025-12-27,Control,0,0,12,0,398,0.8314,0.1511,4,4,1,0.7287,35,18639,2025-12
CUST-00721,Professional,Professional Services,SMB,APAC,2025-11-04,Control,0,0,10,0,474,0.7594,0.1454,5,5,1,0.4309,43,3361,2025-11
CUST-00722,Professional,SaaS,SMB,North America,2025-10-21,Control,1,3,9,8,352,0.822,0.0734,4,6,1,0.3787,59,3036,2025-10
CUST-00723,Starter,SaaS,SMB,APAC,2026-03-01,Control,0,0,9,0,487,0.6764,0.1924,3,5,1,0.4003,41,1122,2026-03
CUST-00724,Enterprise,Education,SMB,Europe,2025-10-10,Control,0,0,11,1,342,0.5965,0.1657,4,9,1,0.0691,56,18716,2025-10
CUST-00725,Starter,Professional Services,Enterprise,LATAM,2025-10-07,Treatment,1,6,8,6,458,0.8206,0.1119,5,4,0,0.595,50,1490,2025-10
CUST-00726,Starter,Education,Enterprise,North America,2025-12-28,Treatment,0,0,8,2,298,0.632,0.2174,4,6,0,0.3528,44,1008,2025-12
CUST-00727,Starter,Financial Services,Mid-Market,North America,2025-10-30,Control,0,0,4,0,505,0.7386,0.1402,3,4,0,0.6127,34,1113,2025-10
CUST-00728,Starter,Healthcare,Mid-Market,Europe,2025-10-21,Control,0,0,9,3,360,0.5487,0.1658,2,3,0,0.589,31,1122,2025-10
CUST-00729,Professional,Education,Mid-Market,LATAM,2026-02-09,Treatment,0,0,14,1,429,0.6321,0.1253,2,5,0,0.4661,43,2917,2026-02
CUST-00730,Professional,Healthcare,Enterprise,LATAM,2025-11-24,Control,1,4,13,6,354,0.7485,0.1285,4,9,0,0.1727,69,2858,2025-11
CUST-00731,Starter,Healthcare,SMB,North America,2026-01-02,Treatment,1,8,8,7,302,0.98,0.0849,6,8,0,0.1543,69,1177,2026-01
CUST-00732,Starter,Education,SMB,North America,2025-11-18,Control,1,4,9,6,342,0.7497,0.02,3,3,0,0.6206,47,1297,2025-11
CUST-00733,Starter,Financial Services,Mid-Market,North America,2025-11-17,Treatment,1,2,15,12,399,0.7743,0.0567,7,10,0,0.0756,76,1155,2025-11
CUST-00734,Professional,Education,Enterprise,Europe,2025-10-05,Treatment,1,8,12,11,369,0.814,0.1273,6,4,1,0.476,53,2847,2025-10
CUST-00735,Starter,SaaS,SMB,APAC,2026-02-18,Control,0,0,6,0,480,0.7924,0.1144,3,2,1,0.386,37,1182,2026-02
CUST-00736,Professional,Education,SMB,APAC,2025-10-03,Treatment,1,4,11,8,391,0.7512,0.0875,4,5,1,0.408,57,3084,2025-10
CUST-00737,Starter,Financial Services,SMB,North America,2026-01-09,Treatment,1,2,4,3,387,0.6529,0.1024,5,6,0,0.1721,61,1213,2026-01
CUST-00738,Starter,Financial Services,SMB,LATAM,2025-10-18,Control,1,6,6,3,472,0.6848,0.1041,6,6,1,0.243,64,1244,2025-10
CUST-00739,Professional,Education,Mid-Market,North America,2026-01-03,Treatment,1,3,8,8,371,0.7824,0.154,3,9,1,0.185,68,2982,2026-01
CUST-00740,Professional,Healthcare,SMB,North America,2025-11-23,Control,1,9,7,4,320,0.9311,0.088,4,7,1,0.1707,71,2796,2025-11
CUST-00741,Starter,Financial Services,Enterprise,Europe,2026-02-03,Control,0,0,19,0,344,0.6486,0.1359,4,6,0,0.3339,47,1244,2026-02
CUST-00742,Starter,Financial Services,Mid-Market,North America,2026-03-01,Treatment,0,0,11,0,514,0.7913,0.1381,4,8,1,0.2537,53,994,2026-03
CUST-00743,Business,Professional Services,SMB,Europe,2026-02-28,Control,0,0,13,1,401,0.6888,0.1891,5,4,1,0.5129,35,8017,2026-02
CUST-00744,Starter,Education,Mid-Market,Europe,2025-12-12,Control,1,2,6,5,361,0.7937,0.0286,7,11,0,0.0329,73,1334,2025-12
CUST-00745,Professional,Financial Services,Mid-Market,North America,2025-12-09,Control,1,4,16,10,335,0.7169,0.0959,4,5,1,0.3332,59,2631,2025-12
CUST-00746,Professional,SaaS,SMB,North America,2026-03-01,Treatment,0,0,8,0,325,0.7598,0.2011,2,3,1,0.5483,36,3350,2026-03
CUST-00747,Professional,SaaS,SMB,North America,2026-02-14,Control,0,0,6,1,509,0.7753,0.1623,1,5,1,0.4168,44,3572,2026-02
CUST-00748,Professional,Education,Mid-Market,Europe,2025-11-01,Control,0,0,9,0,343,0.5946,0.1929,3,4,1,0.4851,38,2701,2025-11
CUST-00749,Business,Education,SMB,North America,2025-12-09,Treatment,0,0,19,2,350,0.6627,0.1065,6,8,1,0.3867,48,7739,2025-12
CUST-00750,Business,Education,SMB,North America,2025-10-28,Treatment,0,0,13,4,373,0.7197,0.1919,2,3,1,0.6484,35,7158,2025-10
CUST-00751,Starter,SaaS,SMB,North America,2025-11-07,Treatment,1,4,6,4,343,0.851,0.0951,4,7,1,0.1596,68,1174,2025-11
CUST-00752,Professional,Healthcare,SMB,Europe,2025-11-26,Treatment,0,0,6,1,369,0.9195,0.1465,4,7,1,0.4581,49,2814,2025-11
CUST-00753,Starter,Professional Services,Mid-Market,North America,2025-12-14,Control,1,5,10,5,415,0.7566,0.0769,4,7,1,0.3777,59,1033,2025-12
CUST-00754,Professional,Professional Services,SMB,North America,2025-10-30,Treatment,1,5,8,8,406,0.5948,0.1336,3,6,0,0.4157,55,3556,2025-10
CUST-00755,Professional,SaaS,Mid-Market,North America,2025-11-06,Treatment,1,6,10,9,348,0.7627,0.0692,4,5,1,0.3631,60,2977,2025-11
CUST-00756,Starter,Financial Services,SMB,North America,2026-02-21,Control,0,0,6,1,417,0.7574,0.1405,3,5,1,0.2913,41,1215,2026-02
CUST-00757,Professional,SaaS,Mid-Market,North America,2025-10-22,Treatment,0,0,17,2,353,0.7679,0.2004,7,8,0,0.4681,48,3261,2025-10
CUST-00758,Enterprise,E-commerce,SMB,North America,2026-03-05,Treatment,0,0,19,5,425,0.738,0.1675,6,8,1,0.3411,51,17034,2026-03
CUST-00759,Starter,SaaS,Enterprise,Europe,2025-12-18,Control,0,0,18,0,397,0.6433,0.1724,1,4,1,0.3944,41,1130,2025-12
CUST-00760,Professional,SaaS,Enterprise,North America,2025-12-11,Control,0,0,18,3,379,0.7591,0.1342,5,5,1,0.4546,41,2836,2025-12
CUST-00761,Business,SaaS,SMB,North America,2025-12-21,Control,0,0,10,0,465,0.7373,0.1339,5,7,1,0.3421,50,7271,2025-12
CUST-00762,Starter,Education,Mid-Market,LATAM,2025-11-26,Treatment,1,3,8,6,283,0.8288,0.134,3,4,1,0.3748,56,1362,2025-11
CUST-00763,Starter,Professional Services,SMB,North America,2026-02-03,Control,0,0,7,0,469,0.6709,0.1684,2,6,0,0.3331,44,1141,2026-02
CUST-00764,Starter,Education,Mid-Market,North America,2025-10-02,Treatment,1,5,11,11,340,0.8775,0.0893,6,8,1,0.2886,65,1119,2025-10
CUST-00765,Business,E-commerce,Mid-Market,North America,2025-11-12,Control,0,0,16,5,364,0.745,0.1516,3,5,1,0.4609,40,6998,2025-11
CUST-00766,Starter,Healthcare,SMB,North America,2025-11-13,Treatment,0,0,5,0,509,0.7214,0.156,2,4,0,0.3277,42,1205,2025-11
CUST-00767,Starter,Healthcare,SMB,North America,2026-02-03,Treatment,0,0,7,1,447,0.813,0.1402,3,6,1,0.3296,48,1247,2026-02
CUST-00768,Starter,Financial Services,SMB,APAC,2025-11-06,Control,0,0,6,1,308,0.7014,0.1696,2,3,0,0.3591,37,1655,2025-11
CUST-00769,Starter,Healthcare,Mid-Market,North America,2025-11-07,Control,0,0,11,4,440,0.8007,0.1431,3,4,0,0.4663,42,1045,2025-11
CUST-00770,Professional,Professional Services,Mid-Market,Europe,2025-11-22,Treatment,0,0,13,0,445,0.6837,0.1493,2,6,1,0.2756,47,2626,2025-11
CUST-00771,Starter,Professional Services,SMB,LATAM,2025-10-09,Control,0,0,9,1,335,0.6385,0.1714,3,5,0,0.5654,39,1446,2025-10
CUST-00772,Professional,Education,SMB,North America,2025-11-20,Control,0,0,7,0,408,0.7284,0.1951,1,3,1,0.4734,39,2303,2025-11
CUST-00773,Professional,SaaS,SMB,Europe,2026-01-17,Treatment,0,0,13,0,457,0.5654,0.1906,3,2,0,0.6238,31,3372,2026-01
CUST-00774,Business,E-commerce,Mid-Market,North America,2026-02-24,Treatment,0,0,29,1,309,0.7574,0.1434,5,8,0,0.2292,53,6874,2026-02
CUST-00775,Starter,SaaS,SMB,North America,2025-12-23,Treatment,1,3,6,3,423,0.8923,0.0844,7,7,1,0.2169,69,1179,2025-12
CUST-00776,Business,SaaS,SMB,APAC,2025-12-06,Treatment,1,3,19,17,327,0.98,0.0472,5,6,0,0.1932,67,7369,2025-12
CUST-00777,Professional,Financial Services,Mid-Market,North America,2025-12-02,Treatment,0,0,9,2,388,0.8117,0.1752,2,2,0,0.5904,33,3580,2025-12
CUST-00778,Starter,E-commerce,SMB,LATAM,2026-02-15,Treatment,0,0,9,1,467,0.8743,0.178,2,3,1,0.3945,40,1150,2026-02
CUST-00779,Business,Professional Services,Mid-Market,Europe,2026-01-07,Control,0,0,22,0,370,0.7539,0.1597,4,6,1,0.3917,46,8265,2026-01
CUST-00780,Business,SaaS,SMB,North America,2026-02-01,Treatment,0,0,13,0,352,0.8417,0.1912,3,3,1,0.5302,39,7099,2026-02
CUST-00781,Starter,Education,SMB,North America,2025-11-24,Treatment,0,0,4,0,451,0.7451,0.1445,2,5,1,0.3904,43,1092,2025-11
CUST-00782,Business,Education,Mid-Market,Europe,2026-01-29,Treatment,1,5,13,10,364,0.9234,0.0917,4,7,0,0.3581,60,6947,2026-01
CUST-00783,Professional,E-commerce,SMB,North America,2025-10-07,Treatment,1,7,6,4,345,0.6371,0.0603,5,8,1,0.2999,62,2838,2025-10
CUST-00784,Professional,Education,SMB,North America,2025-12-17,Control,1,9,5,5,275,0.7208,0.0859,4,6,1,0.3476,58,2561,2025-12
CUST-00785,Enterprise,SaaS,Enterprise,North America,2025-12-20,Treatment,0,0,21,0,390,0.7252,0.1473,1,1,1,0.5866,33,15453,2025-12
CUST-00786,Professional,Professional Services,Mid-Market,North America,2025-10-01,Treatment,1,2,21,19,314,0.8806,0.1044,5,7,1,0.3923,62,3516,2025-10
CUST-00787,Business,Education,Mid-Market,LATAM,2025-10-11,Control,1,4,15,7,365,0.8679,0.0798,2,5,0,0.4223,55,8201,2025-10
CUST-00788,Starter,Professional Services,SMB,North America,2025-10-19,Control,1,3,6,4,281,0.7347,0.1192,4,7,0,0.3113,63,1193,2025-10
CUST-00789,Business,Professional Services,SMB,North America,2026-02-18,Treatment,0,0,9,0,373,0.6166,0.1168,3,6,1,0.3404,47,7863,2026-02
CUST-00790,Professional,E-commerce,SMB,Europe,2025-11-30,Control,0,0,9,1,426,0.7194,0.1735,3,5,1,0.385,43,2873,2025-11
CUST-00791,Starter,Professional Services,Enterprise,Europe,2026-03-07,Treatment,1,1,22,18,347,0.7723,0.0204,6,11,1,0.0243,80,1211,2026-03
CUST-00792,Professional,Financial Services,Mid-Market,APAC,2026-03-09,Treatment,0,0,7,0,400,0.6975,0.1565,4,5,0,0.4448,41,3135,2026-03
CUST-00793,Starter,SaaS,SMB,LATAM,2026-01-13,Treatment,0,0,4,0,358,0.7078,0.189,2,6,0,0.4397,44,1020,2026-01
CUST-00794,Starter,SaaS,Enterprise,North America,2025-10-04,Treatment,1,2,11,8,310,0.7914,0.0867,3,4,1,0.5944,53,1270,2025-10
CUST-00795,Starter,Professional Services,SMB,North America,2026-02-06,Control,0,0,22,1,392,0.8074,0.1898,5,6,1,0.3511,52,1267,2026-02
CUST-00796,Professional,Financial Services,SMB,Europe,2025-12-27,Control,0,0,9,1,401,0.8018,0.1345,2,5,1,0.4154,41,2771,2025-12
CUST-00797,Starter,E-commerce,SMB,North America,2026-03-02,Treatment,0,0,6,0,364,0.6948,0.1639,2,5,0,0.4616,42,1127,2026-03
CUST-00798,Starter,Education,SMB,Europe,2025-11-27,Control,0,0,7,1,411,0.699,0.1388,2,6,0,0.6806,37,1348,2025-11
CUST-00799,Business,Financial Services,Enterprise,North America,2025-12-02,Treatment,0,0,14,4,400,0.7936,0.1963,2,5,1,0.2814,48,8601,2025-12
CUST-00800,Business,Healthcare,Mid-Market,APAC,2026-01-16,Control,0,0,10,0,353,0.7518,0.1381,1,5,0,0.4416,45,7158,2026-01
CUST-00801,Business,Healthcare,SMB,Europe,2025-12-04,Control,0,0,9,0,477,0.8044,0.1349,5,4,0,0.5182,40,8088,2025-12
CUST-00802,Starter,Financial Services,SMB,Europe,2026-03-04,Treatment,0,0,13,0,365,0.7701,0.1911,1,4,1,0.493,40,1435,2026-03
CUST-00803,Business,Professional Services,Mid-Market,North America,2025-12-19,Treatment,1,9,16,11,312,0.8075,0.0579,5,8,0,0.227,68,7686,2025-12
CUST-00804,Professional,E-commerce,SMB,LATAM,2026-01-14,Treatment,0,0,5,0,375,0.7463,0.1386,2,6,1,0.2191,51,2579,2026-01
CUST-00805,Starter,E-commerce,SMB,Europe,2025-11-25,Control,0,0,28,4,325,0.5784,0.1731,6,10,1,0.1579,55,1134,2025-11
CUST-00806,Starter,Professional Services,Mid-Market,APAC,2025-10-23,Treatment,0,0,18,1,310,0.6798,0.1649,3,4,0,0.4959,41,1006,2025-10
CUST-00807,Professional,Financial Services,SMB,APAC,2026-01-15,Treatment,0,0,12,0,469,0.8479,0.1417,3,4,0,0.4732,37,3486,2026-01
CUST-00808,Starter,Professional Services,SMB,North America,2025-11-01,Treatment,1,5,10,7,413,0.8933,0.0865,5,9,1,0.1107,74,1533,2025-11
CUST-00809,Professional,SaaS,SMB,North America,2025-12-28,Control,0,0,6,0,362,0.7097,0.2041,4,7,1,0.2511,51,3145,2025-12
CUST-00810,Enterprise,Professional Services,Enterprise,North America,2026-01-27,Control,0,0,26,3,437,0.6662,0.134,2,7,1,0.3781,46,14397,2026-01
CUST-00811,Starter,E-commerce,SMB,Europe,2026-01-14,Treatment,1,6,7,7,309,0.8626,0.0893,3,5,1,0.4024,57,1335,2026-01
CUST-00812,Starter,SaaS,Mid-Market,Europe,2025-12-13,Treatment,0,0,9,0,354,0.5752,0.152,5,3,0,0.5207,38,1079,2025-12
CUST-00813,Enterprise,Financial Services,SMB,North America,2026-02-01,Control,0,0,12,2,385,0.7933,0.1844,3,3,1,0.5107,38,20106,2026-02
CUST-00814,Professional,Financial Services,Mid-Market,LATAM,2026-01-08,Control,1,9,14,9,351,0.814,0.0585,4,7,1,0.3969,60,2721,2026-01
CUST-00815,Starter,E-commerce,SMB,North America,2025-12-23,Treatment,0,0,2,0,464,0.7081,0.1424,5,10,1,0.173,59,1224,2025-12
CUST-00816,Business,Professional Services,SMB,Europe,2025-10-29,Treatment,0,0,14,0,280,0.8146,0.1509,4,5,0,0.4767,43,8357,2025-10
CUST-00817,Business,Healthcare,Mid-Market,North America,2026-02-26,Treatment,0,0,16,3,381,0.8023,0.1421,2,4,0,0.5525,38,7652,2026-02
CUST-00818,Professional,SaaS,Mid-Market,North America,2025-10-29,Treatment,1,8,12,7,494,0.8717,0.1001,4,3,0,0.3947,56,2423,2025-10
CUST-00819,Professional,Healthcare,SMB,North America,2025-10-26,Treatment,1,5,12,11,224,0.9346,0.1067,6,7,1,0.1241,73,3174,2025-10
CUST-00820,Starter,Healthcare,SMB,Europe,2026-03-04,Treatment,0,0,4,0,379,0.6856,0.1698,2,1,0,0.6245,30,1088,2026-03
CUST-00821,Starter,Financial Services,Enterprise,Europe,2025-12-17,Treatment,0,0,11,1,387,0.6872,0.115,2,2,0,0.6002,33,1234,2025-12
CUST-00822,Professional,Professional Services,SMB,North America,2025-11-09,Control,0,0,8,0,418,0.7353,0.1509,3,4,1,0.535,34,2587,2025-11
CUST-00823,Starter,Professional Services,SMB,North America,2025-11-02,Treatment,0,0,4,1,435,0.8744,0.153,4,4,1,0.4925,37,1232,2025-11
CUST-00824,Professional,SaaS,SMB,Europe,2025-11-22,Treatment,1,6,12,8,372,0.6785,0.0606,6,6,1,0.4994,52,3236,2025-11
CUST-00825,Business,Healthcare,SMB,North America,2025-12-23,Control,0,0,16,2,488,0.6877,0.1371,4,6,1,0.4023,42,8509,2025-12
CUST-00826,Starter,SaaS,Mid-Market,Europe,2025-11-22,Control,0,0,21,1,386,0.6806,0.2035,4,9,1,0.3056,52,1327,2025-11
CUST-00827,Professional,Financial Services,Mid-Market,North America,2026-01-03,Treatment,0,0,16,1,464,0.7697,0.1794,4,4,1,0.5167,38,3594,2026-01
CUST-00828,Starter,SaaS,SMB,APAC,2025-11-13,Treatment,1,1,14,10,352,0.7185,0.0589,5,7,0,0.2748,62,1295,2025-11
CUST-00829,Business,E-commerce,Mid-Market,Europe,2025-10-09,Control,1,3,12,8,407,0.8154,0.1055,4,6,1,0.3568,61,7261,2025-10
CUST-00830,Starter,Professional Services,SMB,North America,2026-02-27,Treatment,1,4,8,6,325,0.947,0.1037,5,9,1,0.2716,68,1219,2026-02
CUST-00831,Professional,Financial Services,Mid-Market,APAC,2025-10-20,Control,1,2,22,16,309,0.7111,0.0696,5,7,1,0.3503,63,3281,2025-10
CUST-00832,Professional,Healthcare,SMB,North America,2025-10-08,Control,1,2,8,6,288,0.741,0.1015,5,5,0,0.3661,59,2479,2025-10
CUST-00833,Professional,Healthcare,SMB,LATAM,2025-10-17,Control,1,5,11,7,352,0.8201,0.0776,4,5,1,0.2555,61,2363,2025-10
CUST-00834,Professional,Financial Services,Mid-Market,Europe,2025-11-11,Control,0,0,13,1,366,0.8033,0.1137,3,4,1,0.4165,42,3114,2025-11
CUST-00835,Business,E-commerce,SMB,North America,2026-01-22,Control,0,0,11,1,422,0.7452,0.148,4,5,1,0.3177,47,9696,2026-01
CUST-00836,Professional,SaaS,SMB,Europe,2025-10-10,Treatment,1,1,6,5,394,0.8867,0.0622,6,8,1,0.3073,62,3429,2025-10
CUST-00837,Business,Education,SMB,North America,2025-10-16,Treatment,0,0,11,2,454,0.8055,0.144,5,5,1,0.6918,34,7239,2025-10
CUST-00838,Enterprise,E-commerce,Mid-Market,APAC,2026-01-05,Treatment,0,0,26,4,444,0.6643,0.1721,4,7,0,0.2734,51,18047,2026-01
CUST-00839,Professional,E-commerce,SMB,LATAM,2026-02-15,Treatment,1,9,15,12,414,0.7987,0.1022,4,7,1,0.1703,69,2901,2026-02
CUST-00840,Professional,SaaS,Mid-Market,Europe,2025-10-15,Treatment,1,4,9,6,403,0.6496,0.099,4,2,1,0.6298,42,2726,2025-10
CUST-00841,Starter,Healthcare,Mid-Market,North America,2026-01-16,Control,0,0,6,0,348,0.7722,0.1672,4,6,1,0.341,44,1028,2026-01
CUST-00842,Business,Healthcare,Mid-Market,Europe,2025-11-16,Control,0,0,11,0,425,0.9004,0.133,1,2,1,0.5935,35,7394,2025-11
CUST-00843,Professional,Healthcare,SMB,North America,2025-12-08,Control,1,2,10,6,329,0.7628,0.0698,5,8,0,0.1976,71,2732,2025-12
CUST-00844,Professional,E-commerce,Mid-Market,North America,2026-03-02,Treatment,0,0,13,1,397,0.7048,0.1887,4,8,1,0.2581,52,3330,2026-03
CUST-00845,Starter,E-commerce,SMB,LATAM,2025-11-15,Control,0,0,6,2,386,0.6737,0.2043,2,5,0,0.4211,40,997,2025-11
CUST-00846,Business,Education,Enterprise,North America,2025-10-23,Treatment,0,0,23,1,270,0.8492,0.1596,4,6,0,0.3429,52,8131,2025-10
CUST-00847,Professional,Education,Mid-Market,North America,2025-11-24,Treatment,0,0,15,5,329,0.7815,0.1673,4,8,0,0.3175,53,2711,2025-11
CUST-00848,Professional,SaaS,SMB,North America,2025-12-28,Treatment,0,0,8,0,382,0.7063,0.213,2,5,1,0.3642,39,3069,2025-12
CUST-00849,Starter,SaaS,Mid-Market,LATAM,2026-01-01,Control,0,0,10,2,243,0.6202,0.1492,5,4,1,0.3834,41,1109,2026-01
CUST-00850,Enterprise,Professional Services,SMB,LATAM,2025-10-28,Control,1,8,18,11,439,0.8126,0.094,5,1,0,0.6769,43,17982,2025-10
CUST-00851,Starter,Education,SMB,North America,2025-11-05,Control,0,0,4,0,417,0.645,0.1434,2,5,1,0.486,39,1163,2025-11
CUST-00852,Starter,Education,SMB,North America,2025-10-14,Treatment,0,0,5,1,404,0.7217,0.1069,3,5,0,0.5069,40,1315,2025-10
CUST-00853,Business,SaaS,Mid-Market,APAC,2026-03-07,Treatment,0,0,17,0,466,0.7416,0.1451,3,5,1,0.2422,51,7742,2026-03
CUST-00854,Business,SaaS,Mid-Market,North America,2025-10-18,Treatment,0,0,29,0,449,0.6612,0.1693,4,7,1,0.4489,44,8412,2025-10
CUST-00855,Starter,SaaS,Enterprise,LATAM,2026-03-06,Treatment,1,2,9,5,412,0.7788,0.0504,3,8,1,0.2762,63,1130,2026-03
CUST-00856,Professional,Professional Services,SMB,APAC,2026-02-23,Treatment,0,0,11,3,448,0.8087,0.1724,4,8,0,0.2918,55,3565,2026-02
CUST-00857,Business,Financial Services,Mid-Market,Europe,2026-01-12,Control,1,9,29,21,374,0.7594,0.0575,7,6,0,0.2747,60,7054,2026-01
CUST-00858,Business,E-commerce,Mid-Market,North America,2025-11-13,Control,0,0,20,5,410,0.8567,0.1444,3,7,1,0.2422,52,7594,2025-11
CUST-00859,Professional,E-commerce,Mid-Market,Europe,2026-02-17,Control,1,6,14,10,385,0.8517,0.085,5,5,0,0.4702,58,2970,2026-02
CUST-00860,Professional,SaaS,SMB,LATAM,2026-01-23,Control,0,0,3,0,337,0.7579,0.1368,3,1,0,0.6541,28,3283,2026-01
CUST-00861,Business,Financial Services,SMB,North America,2025-12-20,Control,1,6,14,8,254,0.8481,0.0906,5,6,0,0.2948,62,8953,2025-12
CUST-00862,Business,SaaS,Mid-Market,APAC,2025-11-26,Treatment,0,0,32,4,287,0.5519,0.1571,5,8,0,0.2987,53,7456,2025-11
CUST-00863,Business,Financial Services,SMB,North America,2025-12-17,Control,1,3,12,10,391,0.8852,0.0916,7,9,1,0.1675,68,8426,2025-12
CUST-00864,Professional,Professional Services,SMB,LATAM,2025-10-26,Control,0,0,11,0,381,0.8238,0.1967,5,7,1,0.4315,46,2634,2025-10
CUST-00865,Starter,Financial Services,SMB,Europe,2026-02-20,Control,0,0,7,1,386,0.7739,0.1394,3,5,1,0.4822,42,1241,2026-02
CUST-00866,Business,Healthcare,SMB,North America,2025-11-04,Control,0,0,9,1,411,0.619,0.1718,3,4,0,0.5141,36,9121,2025-11
CUST-00867,Business,Professional Services,SMB,North America,2026-02-11,Control,1,4,16,7,457,0.8466,0.0712,6,8,1,0.0269,70,7580,2026-02
CUST-00868,Business,Financial Services,SMB,North America,2026-01-23,Control,0,0,12,0,446,0.6474,0.1603,1,1,1,0.578,30,7857,2026-01
CUST-00869,Starter,SaaS,Mid-Market,North America,2025-10-07,Control,0,0,8,0,421,0.7871,0.184,3,5,1,0.3503,44,1371,2025-10
CUST-00870,Starter,SaaS,Enterprise,APAC,2025-11-18,Treatment,0,0,15,2,423,0.779,0.1847,3,6,1,0.4744,46,1126,2025-11
CUST-00871,Business,Financial Services,SMB,North America,2026-02-13,Control,0,0,13,1,528,0.7008,0.1484,3,4,0,0.5665,37,9651,2026-02
CUST-00872,Starter,Healthcare,SMB,LATAM,2025-11-15,Control,1,2,8,7,297,0.8302,0.1127,4,5,1,0.2511,63,1165,2025-11
CUST-00873,Enterprise,SaaS,Mid-Market,North America,2025-11-22,Control,0,0,22,1,483,0.7796,0.1671,3,7,1,0.2258,51,16732,2025-11
CUST-00874,Professional,SaaS,SMB,Europe,2026-02-10,Control,0,0,10,4,384,0.8325,0.163,3,5,0,0.5384,39,2471,2026-02
CUST-00875,Business,SaaS,Enterprise,LATAM,2025-11-25,Treatment,1,4,17,12,356,0.8492,0.0969,4,6,0,0.2367,64,8569,2025-11
CUST-00876,Business,E-commerce,Mid-Market,Europe,2025-11-02,Control,0,0,8,1,436,0.6527,0.1594,1,6,1,0.5035,39,7773,2025-11
CUST-00877,Professional,Financial Services,SMB,APAC,2026-01-02,Treatment,1,8,6,3,277,0.6694,0.0682,6,6,0,0.3133,59,2954,2026-01
CUST-00878,Starter,SaaS,SMB,LATAM,2025-11-28,Treatment,0,0,9,0,351,0.8407,0.1565,4,5,1,0.3124,48,1067,2025-11
CUST-00879,Professional,Financial Services,SMB,Europe,2025-12-08,Treatment,1,9,11,8,382,0.7052,0.1258,5,5,1,0.3769,57,3804,2025-12
CUST-00880,Professional,Healthcare,Mid-Market,Europe,2026-02-18,Control,0,0,7,0,435,0.6378,0.1445,4,4,1,0.4483,44,3199,2026-02
CUST-00881,Professional,Healthcare,SMB,North America,2025-11-24,Control,1,7,5,3,404,0.7737,0.1709,6,4,1,0.4296,50,3689,2025-11
CUST-00882,Professional,SaaS,Mid-Market,North America,2025-12-07,Control,1,9,10,7,401,0.7751,0.0712,5,6,0,0.2077,63,3110,2025-12
CUST-00883,Enterprise,Professional Services,Mid-Market,North America,2026-03-05,Treatment,0,0,31,10,497,0.6294,0.1818,4,7,1,0.369,48,16639,2026-03
CUST-00884,Professional,Education,Mid-Market,APAC,2025-10-26,Control,0,0,13,1,369,0.7353,0.1235,3,6,1,0.4136,42,3107,2025-10
CUST-00885,Starter,E-commerce,Enterprise,Europe,2025-10-18,Treatment,0,0,11,1,425,0.6306,0.1704,4,8,1,0.2019,54,1116,2025-10
CUST-00886,Professional,SaaS,SMB,Europe,2026-02-15,Control,0,0,8,0,451,0.7617,0.1185,2,4,1,0.4213,39,2841,2026-02
CUST-00887,Professional,SaaS,SMB,LATAM,2025-11-19,Control,0,0,11,1,424,0.7695,0.1822,3,5,1,0.4271,43,3034,2025-11
CUST-00888,Starter,SaaS,Mid-Market,North America,2025-11-11,Control,0,0,8,0,404,0.8183,0.1608,4,5,0,0.4265,43,1490,2025-11
CUST-00889,Starter,Professional Services,SMB,LATAM,2026-01-17,Control,0,0,5,0,367,0.7667,0.1849,4,6,1,0.2329,53,919,2026-01
CUST-00890,Professional,SaaS,SMB,North America,2025-11-09,Treatment,0,0,5,1,386,0.782,0.1299,4,6,1,0.321,47,3488,2025-11
CUST-00891,Professional,Education,SMB,North America,2025-10-22,Treatment,0,0,10,0,481,0.6119,0.165,2,3,1,0.4833,38,2680,2025-10
CUST-00892,Enterprise,Financial Services,SMB,Europe,2026-02-09,Control,1,8,22,7,508,0.7692,0.1054,5,5,1,0.3798,56,15838,2026-02
CUST-00893,Starter,E-commerce,Mid-Market,North America,2025-10-28,Control,1,8,6,6,250,0.7978,0.1052,3,5,0,0.4523,54,1128,2025-10
CUST-00894,Starter,Professional Services,SMB,Europe,2025-12-19,Treatment,0,0,8,1,403,0.7988,0.1378,2,7,0,0.2964,47,1300,2025-12
CUST-00895,Business,SaaS,Mid-Market,Europe,2026-01-14,Control,1,5,22,9,283,0.8061,0.0937,5,6,1,0.2412,61,8945,2026-01
CUST-00896,Business,Professional Services,Enterprise,APAC,2026-01-31,Treatment,1,7,19,15,314,0.7882,0.0772,5,5,1,0.3748,55,8190,2026-01
CUST-00897,Starter,SaaS,SMB,North America,2025-10-14,Control,0,0,6,0,423,0.7768,0.165,5,6,0,0.5036,44,1088,2025-10
CUST-00898,Starter,Professional Services,Mid-Market,North America,2025-12-11,Treatment,0,0,15,0,345,0.5767,0.1183,4,3,1,0.4996,39,1235,2025-12
CUST-00899,Starter,E-commerce,SMB,North America,2025-12-31,Treatment,0,0,9,1,378,0.6482,0.1971,4,4,1,0.4837,38,1331,2025-12
CUST-00900,Professional,SaaS,SMB,North America,2026-01-09,Control,1,5,8,6,327,0.8242,0.0749,4,5,0,0.4649,52,3133,2026-01
CUST-00901,Professional,Professional Services,SMB,North America,2025-11-05,Treatment,1,3,7,5,374,0.8127,0.1021,3,5,1,0.314,62,3290,2025-11
CUST-00902,Starter,SaaS,SMB,North America,2025-11-25,Treatment,0,0,4,2,357,0.7678,0.131,2,4,0,0.5001,34,1369,2025-11
CUST-00903,Starter,SaaS,SMB,APAC,2025-10-28,Control,0,0,6,0,474,0.7512,0.1184,4,6,1,0.1945,49,1129,2025-10
CUST-00904,Professional,Professional Services,SMB,LATAM,2025-11-24,Treatment,1,3,8,8,340,0.8418,0.1068,3,4,0,0.4143,55,3009,2025-11
CUST-00905,Enterprise,E-commerce,SMB,APAC,2025-11-19,Control,0,0,18,3,350,0.7085,0.1762,2,4,0,0.283,48,16810,2025-11
CUST-00906,Professional,Education,SMB,North America,2025-11-29,Control,0,0,14,2,313,0.8367,0.1813,6,7,1,0.2402,55,3307,2025-11
CUST-00907,Professional,Financial Services,Mid-Market,Europe,2026-02-27,Treatment,0,0,13,2,352,0.6454,0.169,1,4,1,0.3907,41,3057,2026-02
CUST-00908,Starter,Financial Services,SMB,North America,2026-01-03,Treatment,1,8,3,3,342,0.7909,0.1195,4,5,0,0.342,57,1000,2026-01
CUST-00909,Starter,Healthcare,Mid-Market,North America,2026-01-28,Control,0,0,7,1,428,0.7326,0.1686,3,6,1,0.3655,49,1208,2026-01
CUST-00910,Starter,SaaS,Enterprise,North America,2025-12-16,Treatment,0,0,25,3,440,0.781,0.137,2,2,0,0.5414,37,1174,2025-12
CUST-00911,Business,Education,Mid-Market,LATAM,2025-12-11,Control,0,0,11,1,453,0.6554,0.2201,5,9,1,0.1776,55,6985,2025-12
CUST-00912,Business,SaaS,Mid-Market,Europe,2025-10-07,Treatment,1,8,23,12,403,0.8033,0.0691,7,10,1,0.1506,74,6687,2025-10
CUST-00913,Business,E-commerce,Mid-Market,North America,2025-12-06,Control,0,0,15,5,439,0.8133,0.1811,1,4,0,0.4927,39,6587,2025-12
CUST-00914,Enterprise,Healthcare,Mid-Market,Europe,2025-10-23,Treatment,0,0,16,2,382,0.7546,0.1725,3,5,0,0.4899,45,15177,2025-10
CUST-00915,Enterprise,SaaS,Enterprise,LATAM,2025-12-25,Control,0,0,16,0,399,0.7682,0.1865,4,2,1,0.6321,33,14835,2025-12
CUST-00916,Enterprise,Financial Services,Enterprise,North America,2025-10-30,Control,1,8,32,15,342,0.8044,0.0877,4,8,1,0.1638,72,15472,2025-10
CUST-00917,Starter,Professional Services,SMB,APAC,2025-12-31,Treatment,1,4,6,5,312,0.8102,0.0984,5,5,0,0.3293,57,1157,2025-12
CUST-00918,Starter,Professional Services,Mid-Market,North America,2026-01-27,Control,0,0,19,2,477,0.7277,0.1443,5,7,1,0.2739,47,1044,2026-01
CUST-00919,Starter,Education,Mid-Market,North America,2026-02-02,Control,1,9,13,11,340,0.8429,0.1045,5,8,1,0.294,65,917,2026-02
CUST-00920,Professional,Healthcare,SMB,APAC,2025-12-09,Control,0,0,12,0,347,0.6314,0.1279,4,6,1,0.2185,49,3509,2025-12
CUST-00921,Starter,E-commerce,SMB,North America,2025-11-07,Treatment,0,0,7,0,362,0.719,0.1917,2,8,1,0.2769,47,1244,2025-11
CUST-00922,Business,SaaS,Mid-Market,Europe,2025-10-26,Control,0,0,12,1,519,0.7412,0.2188,2,7,0,0.2523,49,6895,2025-10
CUST-00923,Professional,Professional Services,Mid-Market,North America,2025-12-30,Treatment,0,0,14,0,423,0.794,0.1875,4,6,0,0.5263,43,3001,2025-12
CUST-00924,Professional,Healthcare,SMB,Europe,2025-12-17,Control,0,0,17,0,435,0.7835,0.1082,2,6,1,0.338,48,3624,2025-12
CUST-00925,Starter,E-commerce,SMB,Europe,2025-11-27,Treatment,0,0,4,1,365,0.8417,0.1467,3,3,0,0.5482,36,1419,2025-11
CUST-00926,Starter,SaaS,SMB,APAC,2026-01-25,Treatment,1,5,6,3,255,0.8118,0.1146,4,6,1,0.3297,61,988,2026-01
CUST-00927,Starter,Professional Services,SMB,APAC,2025-10-14,Control,0,0,9,0,340,0.6258,0.1321,3,5,1,0.5485,39,1175,2025-10
CUST-00928,Business,Professional Services,Enterprise,Europe,2026-01-05,Treatment,0,0,22,3,364,0.7241,0.1263,3,2,0,0.6711,29,7763,2026-01
CUST-00929,Professional,Education,Enterprise,North America,2025-12-03,Control,1,4,8,5,333,0.6804,0.0935,3,4,1,0.3841,54,3549,2025-12
CUST-00930,Business,SaaS,SMB,North America,2025-10-10,Control,0,0,10,2,395,0.5998,0.148,3,5,1,0.4543,41,6622,2025-10
CUST-00931,Starter,Education,SMB,Europe,2026-01-15,Treatment,0,0,11,0,455,0.6791,0.1466,4,7,1,0.4099,44,1193,2026-01
CUST-00932,Professional,SaaS,Mid-Market,North America,2025-11-28,Treatment,0,0,14,2,401,0.7487,0.1251,3,7,1,0.3467,49,2695,2025-11
CUST-00933,Professional,Healthcare,Mid-Market,North America,2026-01-26,Treatment,0,0,10,0,432,0.6442,0.2024,5,8,1,0.2618,50,2870,2026-01
CUST-00934,Business,SaaS,SMB,LATAM,2026-03-05,Treatment,1,7,9,6,414,0.9164,0.0656,4,7,1,0.2127,66,7558,2026-03
CUST-00935,Business,SaaS,SMB,North America,2026-02-26,Control,0,0,12,0,489,0.7477,0.1492,3,6,1,0.4316,46,6772,2026-02
CUST-00936,Starter,E-commerce,SMB,North America,2026-02-20,Treatment,1,2,11,9,302,0.9092,0.1005,4,6,0,0.3614,60,1144,2026-02
CUST-00937,Enterprise,SaaS,Mid-Market,APAC,2025-10-06,Control,0,0,22,3,422,0.8941,0.1543,3,4,1,0.4374,46,16176,2025-10
CUST-00938,Starter,Healthcare,Mid-Market,Europe,2025-10-13,Treatment,0,0,8,1,426,0.8089,0.148,1,3,1,0.506,39,1334,2025-10
CUST-00939,Business,Financial Services,SMB,Europe,2025-10-02,Treatment,0,0,9,2,408,0.6915,0.1835,3,3,0,0.467,30,6811,2025-10
CUST-00940,Starter,Professional Services,Enterprise,North America,2025-12-07,Control,0,0,5,0,387,0.6459,0.1692,3,4,1,0.4967,36,1254,2025-12
CUST-00941,Starter,Financial Services,Mid-Market,North America,2025-12-31,Treatment,0,0,6,0,355,0.6542,0.1681,4,7,0,0.2922,48,1184,2025-12
CUST-00942,Business,Financial Services,Enterprise,Europe,2026-01-09,Treatment,0,0,26,3,391,0.741,0.1495,3,7,1,0.0999,56,8221,2026-01
CUST-00943,Starter,SaaS,SMB,North America,2026-01-17,Treatment,0,0,10,0,422,0.6946,0.1272,6,5,0,0.3441,42,990,2026-01
CUST-00944,Professional,Professional Services,SMB,Europe,2025-10-26,Treatment,1,2,2,2,417,0.727,0.1186,2,5,0,0.4473,52,2669,2025-10
CUST-00945,Professional,SaaS,Enterprise,North America,2025-11-12,Treatment,1,6,13,9,352,0.8574,0.0719,4,7,0,0.3727,59,2750,2025-11
CUST-00946,Starter,SaaS,Enterprise,North America,2025-10-30,Treatment,0,0,15,1,339,0.7707,0.1258,4,4,1,0.5095,41,1023,2025-10
CUST-00947,Business,SaaS,Enterprise,North America,2025-12-27,Treatment,0,0,16,0,353,0.6562,0.1508,2,6,1,0.4678,44,7610,2025-12
CUST-00948,Business,Financial Services,Mid-Market,North America,2025-11-23,Treatment,0,0,10,0,343,0.6853,0.1582,3,5,1,0.3689,43,7465,2025-11
CUST-00949,Business,Healthcare,SMB,North America,2025-12-14,Control,0,0,9,1,396,0.612,0.1246,5,5,0,0.4585,37,7804,2025-12
CUST-00950,Professional,Financial Services,SMB,Europe,2026-01-03,Control,0,0,8,2,316,0.7366,0.1487,4,3,1,0.4958,37,3047,2026-01
CUST-00951,Professional,Healthcare,SMB,Europe,2026-01-23,Treatment,1,9,8,7,307,0.7734,0.0895,3,5,1,0.4286,57,3789,2026-01
CUST-00952,Starter,E-commerce,Enterprise,North America,2026-01-04,Treatment,0,0,13,1,491,0.8083,0.1276,5,6,1,0.4451,44,1307,2026-01
CUST-00953,Starter,E-commerce,SMB,Europe,2026-03-09,Treatment,0,0,4,0,399,0.7284,0.1877,4,3,0,0.4568,41,1283,2026-03
CUST-00954,Starter,SaaS,Mid-Market,North America,2025-11-27,Control,0,0,7,1,403,0.6683,0.1274,2,3,1,0.5085,38,1175,2025-11
CUST-00955,Enterprise,E-commerce,Enterprise,North America,2026-02-06,Control,0,0,18,5,317,0.7555,0.1761,4,5,1,0.4637,43,19490,2026-02
CUST-00956,Business,Financial Services,Enterprise,APAC,2026-02-28,Treatment,1,7,15,14,340,0.7853,0.0937,4,6,1,0.4165,57,7249,2026-02
CUST-00957,Business,E-commerce,Enterprise,Europe,2026-03-06,Control,0,0,14,0,317,0.6678,0.2235,4,6,1,0.2917,46,8044,2026-03
CUST-00958,Professional,SaaS,SMB,Europe,2025-10-27,Control,0,0,15,3,402,0.7165,0.1615,4,5,1,0.4817,41,2888,2025-10
CUST-00959,Professional,Financial Services,SMB,North America,2025-10-07,Control,0,0,12,0,339,0.6222,0.1249,6,5,0,0.3484,43,3085,2025-10
CUST-00960,Professional,Healthcare,Enterprise,North America,2026-02-15,Treatment,1,9,20,15,427,0.8195,0.0583,6,7,1,0.338,66,3187,2026-02
CUST-00961,Professional,SaaS,SMB,Europe,2026-01-20,Treatment,0,0,26,3,506,0.7456,0.152,5,7,1,0.4619,47,3348,2026-01
CUST-00962,Professional,SaaS,SMB,Europe,2026-01-17,Control,0,0,12,3,355,0.8131,0.0976,4,6,1,0.3747,47,2643,2026-01
CUST-00963,Starter,E-commerce,Enterprise,Europe,2026-01-31,Treatment,0,0,10,0,322,0.7408,0.1262,2,2,0,0.4865,37,1221,2026-01
CUST-00964,Starter,Healthcare,Mid-Market,LATAM,2026-01-26,Control,0,0,14,1,378,0.6484,0.1756,2,1,0,0.6432,25,1068,2026-01
CUST-00965,Enterprise,Financial Services,SMB,North America,2025-11-04,Treatment,1,5,18,12,270,0.5871,0.1441,7,6,1,0.2773,60,15343,2025-11
CUST-00966,Professional,SaaS,SMB,APAC,2025-12-31,Treatment,0,0,4,2,359,0.6395,0.1574,1,2,0,0.5459,37,3035,2025-12
CUST-00967,Enterprise,Professional Services,SMB,Europe,2025-12-30,Treatment,0,0,9,1,352,0.7787,0.1335,4,5,1,0.5208,39,16560,2025-12
CUST-00968,Starter,Healthcare,Enterprise,North America,2026-02-23,Control,1,6,8,8,404,0.9057,0.1157,5,6,1,0.4415,57,1194,2026-02
CUST-00969,Professional,Financial Services,Mid-Market,North America,2025-12-02,Control,1,4,2,1,269,0.8158,0.1226,4,9,1,0.031,77,2675,2025-12
CUST-00970,Starter,Professional Services,SMB,Europe,2025-11-24,Control,0,0,14,2,326,0.6624,0.1486,6,6,0,0.5287,37,1317,2025-11
CUST-00971,Starter,Healthcare,SMB,North America,2025-12-06,Treatment,0,0,7,3,428,0.7475,0.1756,4,2,1,0.5635,33,984,2025-12
CUST-00972,Starter,SaaS,Mid-Market,Europe,2026-01-25,Control,1,7,14,11,320,0.6151,0.1226,3,6,0,0.2408,62,1245,2026-01
CUST-00973,Starter,E-commerce,Enterprise,Europe,2025-10-12,Control,0,0,12,1,486,0.7317,0.1683,4,5,1,0.4178,47,1217,2025-10
CUST-00974,Business,Education,SMB,North America,2026-01-30,Control,0,0,10,0,411,0.7766,0.1427,3,6,0,0.2474,47,7556,2026-01
CUST-00975,Professional,Education,Mid-Market,North America,2025-11-19,Treatment,0,0,14,1,416,0.6658,0.1469,4,6,1,0.2388,49,3525,2025-11
CUST-00976,Professional,SaaS,SMB,Europe,2025-10-01,Treatment,1,2,11,7,383,0.8875,0.0592,5,8,0,0.1364,67,3076,2025-10
CUST-00977,Professional,Professional Services,SMB,North America,2026-01-16,Control,0,0,8,0,431,0.8423,0.1404,1,3,0,0.5254,37,3712,2026-01
CUST-00978,Professional,Healthcare,SMB,APAC,2025-10-22,Treatment,0,0,10,0,398,0.7747,0.1756,2,5,0,0.4098,43,3577,2025-10
CUST-00979,Professional,SaaS,SMB,North America,2025-11-26,Control,1,4,9,6,355,0.8396,0.0845,5,10,1,0.1471,74,2796,2025-11
CUST-00980,Starter,Financial Services,Mid-Market,LATAM,2025-10-08,Treatment,1,6,9,6,431,0.5316,0.0519,3,5,1,0.2797,55,1203,2025-10
CUST-00981,Enterprise,E-commerce,SMB,North America,2026-03-08,Treatment,0,0,6,1,358,0.779,0.1685,2,5,1,0.4484,39,15192,2026-03
CUST-00982,Business,E-commerce,SMB,North America,2026-01-06,Treatment,0,0,9,0,419,0.8071,0.1876,1,5,1,0.4517,44,8762,2026-01
CUST-00983,Business,Professional Services,SMB,Europe,2025-12-01,Treatment,0,0,5,0,387,0.72,0.1556,3,4,0,0.5683,35,8012,2025-12
CUST-00984,Professional,Healthcare,SMB,North America,2025-10-30,Treatment,0,0,14,2,435,0.7952,0.1579,6,7,0,0.331,49,2635,2025-10
CUST-00985,Starter,Financial Services,Mid-Market,North America,2026-01-06,Control,0,0,4,0,480,0.7411,0.1968,3,8,1,0.1306,52,1332,2026-01
CUST-00986,Enterprise,Healthcare,SMB,North America,2025-12-17,Treatment,0,0,12,0,381,0.7585,0.1894,4,4,0,0.4306,42,16220,2025-12
CUST-00987,Professional,SaaS,SMB,Europe,2026-02-15,Treatment,1,3,6,5,302,0.8486,0.1037,4,5,0,0.2431,64,3342,2026-02
CUST-00988,Starter,Healthcare,Enterprise,Europe,2025-12-28,Control,0,0,13,0,368,0.7149,0.1956,4,2,0,0.6016,32,1030,2025-12
CUST-00989,Professional,Education,SMB,North America,2025-10-18,Treatment,0,0,11,3,442,0.6688,0.1894,3,4,0,0.3137,42,2969,2025-10
CUST-00990,Business,E-commerce,Enterprise,North America,2026-01-03,Control,0,0,34,5,413,0.7097,0.1571,4,6,1,0.1809,54,7886,2026-01
CUST-00991,Professional,SaaS,Mid-Market,North America,2026-03-03,Control,0,0,8,1,397,0.7017,0.1697,3,5,1,0.3065,49,2806,2026-03
CUST-00992,Business,Financial Services,Mid-Market,LATAM,2026-02-11,Treatment,0,0,14,1,394,0.7604,0.163,5,4,0,0.4743,44,7946,2026-02
CUST-00993,Business,Education,Mid-Market,North America,2026-01-29,Control,0,0,8,0,371,0.6584,0.2095,3,2,0,0.6989,28,7059,2026-01
CUST-00994,Starter,Education,SMB,Europe,2026-01-24,Treatment,1,5,8,8,390,0.9029,0.1008,7,7,1,0.3241,62,1228,2026-01
CUST-00995,Enterprise,Financial Services,Mid-Market,North America,2025-12-15,Control,0,0,12,1,414,0.7808,0.1689,1,2,0,0.6035,32,17649,2025-12
CUST-00996,Professional,Healthcare,Mid-Market,Europe,2025-12-07,Treatment,0,0,15,0,508,0.8258,0.2068,1,3,1,0.4556,39,3132,2025-12
CUST-00997,Professional,Financial Services,SMB,LATAM,2025-11-28,Treatment,1,3,10,7,360,0.7898,0.0943,4,5,1,0.259,64,2532,2025-11
CUST-00998,Starter,Professional Services,Mid-Market,North America,2026-02-10,Treatment,0,0,15,3,410,0.624,0.1517,6,8,1,0.3596,49,1426,2026-02
CUST-00999,Enterprise,Education,SMB,Europe,2025-12-19,Treatment,1,6,21,15,333,0.7365,0.036,5,6,0,0.4166,59,17739,2025-12
CUST-01000,Starter,Professional Services,Enterprise,North America,2026-02-18,Control,0,0,22,0,374,0.6781,0.1493,2,5,1,0.3701,47,1248,2026-02
CUST-01001,Starter,E-commerce,Mid-Market,Europe,2025-10-30,Control,0,0,9,2,391,0.6452,0.1648,2,4,0,0.4668,37,1501,2025-10
CUST-01002,Professional,SaaS,SMB,North America,2025-12-11,Treatment,0,0,7,0,476,0.6046,0.1846,1,2,0,0.4735,35,2983,2025-12
CUST-01003,Starter,E-commerce,Mid-Market,North America,2026-02-19,Treatment,1,3,6,5,331,0.8249,0.0898,4,8,0,0.2353,65,1319,2026-02
CUST-01004,Starter,SaaS,Enterprise,North America,2025-11-24,Treatment,0,0,13,3,367,0.757,0.1384,7,5,0,0.4016,46,960,2025-11
CUST-01005,Professional,SaaS,Mid-Market,North America,2025-11-16,Treatment,0,0,12,0,331,0.712,0.1699,3,5,0,0.4073,43,3600,2025-11
CUST-01006,Professional,E-commerce,SMB,LATAM,2025-12-05,Control,0,0,8,1,538,0.8422,0.1159,4,9,1,0.314,54,3284,2025-12
CUST-01007,Enterprise,Financial Services,Mid-Market,Europe,2025-12-03,Control,0,0,10,1,370,0.7528,0.1925,4,7,1,0.4548,44,19300,2025-12
CUST-01008,Starter,Professional Services,Mid-Market,North America,2025-10-10,Treatment,0,0,15,1,327,0.7036,0.1958,3,1,0,0.5583,31,1118,2025-10
CUST-01009,Business,Professional Services,SMB,North America,2026-03-05,Treatment,0,0,7,0,420,0.7063,0.1162,2,4,1,0.4841,35,9702,2026-03
CUST-01010,Professional,Professional Services,Mid-Market,Europe,2026-02-14,Treatment,0,0,15,3,409,0.79,0.1389,2,4,1,0.5423,42,3300,2026-02
CUST-01011,Professional,Professional Services,Mid-Market,North America,2026-01-07,Treatment,1,7,21,19,389,0.7009,0.0988,5,6,1,0.2379,64,3328,2026-01
CUST-01012,Professional,Financial Services,Mid-Market,North America,2025-12-05,Treatment,0,0,20,0,420,0.5833,0.2041,3,4,1,0.4357,40,2708,2025-12
CUST-01013,Professional,SaaS,Mid-Market,Europe,2025-10-09,Treatment,0,0,11,1,307,0.747,0.1587,2,4,0,0.5603,40,3200,2025-10
CUST-01014,Enterprise,Financial Services,SMB,North America,2026-02-19,Control,0,0,9,1,361,0.7719,0.1698,1,4,1,0.4992,40,16668,2026-02
CUST-01015,Professional,SaaS,Enterprise,North America,2026-01-02,Treatment,0,0,26,4,457,0.7773,0.1664,1,4,1,0.3675,44,3054,2026-01
CUST-01016,Starter,SaaS,Mid-Market,North America,2025-10-03,Control,0,0,7,0,461,0.7279,0.1212,4,5,0,0.4705,40,1270,2025-10
CUST-01017,Professional,SaaS,SMB,North America,2025-10-26,Control,0,0,11,0,433,0.8708,0.1515,5,6,1,0.4405,48,2489,2025-10
CUST-01018,Business,Professional Services,SMB,Europe,2025-12-09,Treatment,0,0,8,2,474,0.7959,0.141,3,8,0,0.4044,47,8450,2025-12
CUST-01019,Starter,Professional Services,SMB,Europe,2025-12-30,Control,1,6,12,7,357,0.6259,0.0959,6,10,1,0.3647,67,1088,2025-12
CUST-01020,Professional,Education,Mid-Market,LATAM,2026-01-28,Control,0,0,28,0,474,0.6202,0.1429,4,9,0,0.1264,55,2999,2026-01
CUST-01021,Business,Education,SMB,North America,2026-01-23,Treatment,0,0,18,1,382,0.5805,0.1608,4,7,0,0.4094,43,7303,2026-01
CUST-01022,Business,Education,Enterprise,Europe,2025-10-19,Treatment,0,0,18,4,489,0.7362,0.1587,5,5,1,0.343,44,7515,2025-10
CUST-01023,Enterprise,SaaS,Enterprise,LATAM,2025-12-06,Control,0,0,23,6,363,0.7703,0.1608,5,6,1,0.3707,49,13600,2025-12
CUST-01024,Professional,Education,Mid-Market,Europe,2025-10-07,Treatment,0,0,5,1,333,0.8667,0.1867,2,5,1,0.4098,41,2512,2025-10
CUST-01025,Professional,Professional Services,SMB,LATAM,2026-02-18,Treatment,0,0,8,0,344,0.6709,0.1697,5,6,1,0.317,45,2875,2026-02
CUST-01026,Starter,Education,Mid-Market,LATAM,2025-10-06,Control,0,0,13,0,486,0.6582,0.1539,4,7,1,0.3994,43,983,2025-10
CUST-01027,Enterprise,SaaS,SMB,APAC,2026-01-07,Treatment,0,0,6,0,492,0.7752,0.1724,4,6,1,0.3573,47,14190,2026-01
CUST-01028,Professional,SaaS,Mid-Market,LATAM,2026-01-11,Treatment,0,0,7,1,349,0.6475,0.1465,3,6,0,0.4028,42,3206,2026-01
CUST-01029,Business,Education,SMB,Europe,2025-11-03,Treatment,0,0,11,1,366,0.7097,0.1331,4,9,1,0.3614,50,7198,2025-11
CUST-01030,Professional,SaaS,Enterprise,North America,2025-11-12,Treatment,1,3,12,11,215,0.8839,0.1168,5,5,0,0.3419,58,2907,2025-11
CUST-01031,Professional,Healthcare,SMB,APAC,2026-02-27,Treatment,1,4,10,7,294,0.8721,0.0736,4,5,1,0.4734,55,3576,2026-02
CUST-01032,Business,E-commerce,SMB,APAC,2026-01-27,Treatment,1,3,11,5,363,0.8952,0.0647,4,6,1,0.2606,65,5559,2026-01
CUST-01033,Professional,SaaS,Enterprise,North America,2025-10-22,Control,0,0,26,3,386,0.6255,0.198,3,5,0,0.3195,43,2831,2025-10
CUST-01034,Business,SaaS,SMB,North America,2025-11-29,Treatment,1,5,10,4,267,0.8546,0.112,4,6,0,0.3078,65,7638,2025-11
CUST-01035,Professional,Education,Mid-Market,North America,2026-03-01,Treatment,0,0,19,0,329,0.7308,0.1554,3,6,0,0.4698,41,3153,2026-03
CUST-01036,Professional,Education,Enterprise,APAC,2025-10-30,Control,0,0,22,3,502,0.9195,0.1823,2,5,1,0.3699,49,2546,2025-10
CUST-01037,Professional,Education,SMB,North America,2026-01-22,Treatment,1,5,7,6,417,0.8676,0.0784,6,5,0,0.4387,53,3128,2026-01
CUST-01038,Professional,Healthcare,SMB,North America,2026-01-06,Treatment,0,0,4,1,402,0.7306,0.172,2,4,0,0.6146,38,2853,2026-01
CUST-01039,Professional,SaaS,SMB,North America,2025-12-19,Control,0,0,12,0,419,0.8123,0.1614,4,7,1,0.2484,57,3540,2025-12
CUST-01040,Starter,E-commerce,Mid-Market,North America,2025-12-02,Control,1,8,15,5,387,0.8566,0.0809,7,9,1,0.2774,66,1329,2025-12
CUST-01041,Starter,E-commerce,Enterprise,LATAM,2025-11-12,Treatment,1,7,9,9,336,0.8709,0.0965,6,9,0,0.2038,70,1161,2025-11
CUST-01042,Professional,SaaS,SMB,North America,2025-12-16,Control,0,0,10,1,404,0.771,0.132,3,4,1,0.5584,37,2988,2025-12
CUST-01043,Professional,Professional Services,Mid-Market,North America,2025-11-30,Treatment,0,0,11,2,311,0.7,0.1457,3,5,1,0.3961,40,3102,2025-11
CUST-01044,Professional,Education,SMB,North America,2025-11-28,Control,0,0,11,1,390,0.6993,0.1087,3,7,1,0.437,45,3065,2025-11
CUST-01045,Starter,E-commerce,Mid-Market,APAC,2025-12-15,Treatment,0,0,10,4,271,0.7863,0.1518,2,1,0,0.7934,23,1192,2025-12
CUST-01046,Professional,Healthcare,Mid-Market,Europe,2026-02-08,Treatment,1,6,14,12,339,0.7605,0.0964,3,8,1,0.253,68,2919,2026-02
CUST-01047,Starter,Healthcare,Mid-Market,North America,2026-01-25,Control,0,0,13,0,433,0.7445,0.1239,4,7,1,0.326,49,1516,2026-01
CUST-01048,Business,SaaS,SMB,North America,2025-10-04,Treatment,0,0,15,3,365,0.7709,0.1695,1,5,1,0.4337,41,8319,2025-10
CUST-01049,Business,SaaS,SMB,APAC,2025-12-04,Control,1,2,16,12,371,0.765,0.0351,4,4,0,0.2894,59,7781,2025-12
CUST-01050,Starter,E-commerce,SMB,Europe,2025-10-14,Control,0,0,6,0,404,0.7665,0.1453,4,7,1,0.2368,50,1289,2025-10
CUST-01051,Professional,E-commerce,SMB,Europe,2026-01-21,Treatment,1,6,10,7,387,0.8131,0.0875,6,6,1,0.3321,61,2751,2026-01
CUST-01052,Starter,E-commerce,SMB,North America,2025-10-06,Control,1,1,8,6,379,0.7803,0.0895,5,5,1,0.3686,59,1168,2025-10
CUST-01053,Starter,Professional Services,Mid-Market,LATAM,2026-03-02,Treatment,1,2,6,5,309,0.8726,0.0958,3,7,0,0.171,66,1048,2026-03
CUST-01054,Starter,SaaS,SMB,Europe,2025-12-08,Treatment,1,2,9,9,264,0.7101,0.0486,5,9,1,0.2121,68,1194,2025-12
CUST-01055,Starter,SaaS,SMB,North America,2026-02-08,Control,1,4,6,6,271,0.7096,0.0942,4,8,1,0.2401,66,1062,2026-02
CUST-01056,Professional,SaaS,Mid-Market,LATAM,2026-02-03,Control,0,0,19,0,360,0.7345,0.177,2,7,0,0.3408,50,2885,2026-02
CUST-01057,Business,SaaS,SMB,APAC,2026-03-07,Treatment,0,0,16,5,432,0.6411,0.1488,3,5,0,0.3836,41,7288,2026-03
CUST-01058,Starter,Financial Services,SMB,Europe,2026-01-30,Control,1,2,7,6,393,0.914,0.084,6,7,0,0.4148,63,1114,2026-01
CUST-01059,Professional,Professional Services,Enterprise,Europe,2026-01-22,Treatment,1,8,21,15,333,0.7842,0.054,6,9,1,0.2556,68,3319,2026-01
CUST-01060,Business,Education,SMB,North America,2026-01-01,Control,0,0,14,1,389,0.6192,0.1815,4,5,1,0.4088,38,9915,2026-01
CUST-01061,Enterprise,Financial Services,SMB,North America,2025-10-03,Treatment,1,1,16,15,270,0.8231,0.0583,5,7,0,0.2626,64,13347,2025-10
CUST-01062,Professional,Healthcare,Mid-Market,North America,2025-11-15,Control,1,2,16,9,300,0.9533,0.117,6,11,1,0.0341,80,3295,2025-11
CUST-01063,Starter,SaaS,SMB,Europe,2025-11-10,Control,0,0,8,1,424,0.6602,0.2149,3,6,0,0.3048,47,1187,2025-11
CUST-01064,Professional,Healthcare,SMB,North America,2026-02-02,Treatment,0,0,13,0,386,0.6812,0.1475,5,7,0,0.3936,48,2614,2026-02
CUST-01065,Professional,Healthcare,SMB,North America,2025-11-30,Control,1,4,15,10,345,0.8552,0.0707,4,6,1,0.2605,66,2737,2025-11
CUST-01066,Enterprise,Education,SMB,LATAM,2026-01-14,Treatment,1,5,12,11,383,0.9482,0.0853,4,8,0,0.3085,65,16256,2026-01
CUST-01067,Professional,E-commerce,Enterprise,North America,2025-11-04,Control,1,9,20,14,384,0.7309,0.1149,5,9,1,0.1948,73,3021,2025-11
CUST-01068,Professional,SaaS,SMB,APAC,2025-10-05,Control,1,2,9,9,330,0.75,0.0671,6,9,0,0.1459,71,3125,2025-10
CUST-01069,Starter,Healthcare,SMB,North America,2026-03-08,Control,0,0,14,2,465,0.6067,0.1063,6,6,1,0.5844,39,1086,2026-03
CUST-01070,Professional,SaaS,SMB,North America,2026-02-19,Treatment,0,0,11,0,381,0.7291,0.1882,3,3,0,0.6026,33,2411,2026-02
CUST-01071,Business,Education,Enterprise,North America,2025-10-14,Treatment,0,0,20,2,350,0.7502,0.1605,4,4,0,0.5979,39,7587,2025-10
CUST-01072,Professional,SaaS,SMB,North America,2025-10-13,Control,0,0,12,0,340,0.8034,0.1542,4,6,1,0.2427,48,3403,2025-10
CUST-01073,Professional,SaaS,Mid-Market,North America,2026-01-27,Treatment,1,7,8,6,426,0.8447,0.0913,2,6,1,0.5216,54,2601,2026-01
CUST-01074,Enterprise,SaaS,SMB,North America,2025-11-07,Treatment,0,0,12,1,369,0.7638,0.1394,4,9,1,0.2182,55,17423,2025-11
CUST-01075,Business,Professional Services,Enterprise,Europe,2025-11-18,Control,0,0,20,4,396,0.7513,0.155,1,4,0,0.445,43,7659,2025-11
CUST-01076,Professional,E-commerce,SMB,North America,2025-11-10,Control,1,2,11,5,482,0.8582,0.0964,3,7,1,0.1732,70,3532,2025-11
CUST-01077,Professional,Financial Services,SMB,North America,2026-02-26,Control,1,6,7,5,319,0.7159,0.102,5,8,1,0.1648,69,3175,2026-02
CUST-01078,Professional,Healthcare,SMB,North America,2025-12-09,Control,0,0,11,1,410,0.7508,0.1606,4,3,0,0.6267,36,3736,2025-12
CUST-01079,Professional,SaaS,SMB,North America,2026-01-01,Treatment,0,0,12,2,404,0.5975,0.0995,4,7,1,0.4071,44,3456,2026-01
CUST-01080,Professional,Professional Services,Mid-Market,North America,2026-02-13,Treatment,0,0,16,0,413,0.8218,0.1517,1,3,0,0.4367,42,2407,2026-02
CUST-01081,Starter,SaaS,Mid-Market,North America,2025-10-22,Control,0,0,9,2,445,0.8748,0.161,3,3,1,0.4521,43,1120,2025-10
CUST-01082,Business,SaaS,Mid-Market,Europe,2025-10-18,Treatment,1,8,14,11,376,0.7638,0.0931,4,8,0,0.1533,68,6095,2025-10
CUST-01083,Enterprise,Financial Services,SMB,Europe,2025-11-19,Control,0,0,11,0,420,0.7807,0.149,2,6,0,0.5618,42,18677,2025-11
CUST-01084,Business,SaaS,Mid-Market,APAC,2025-11-17,Treatment,0,0,17,1,498,0.7952,0.2087,3,5,1,0.3954,44,7293,2025-11
CUST-01085,Enterprise,SaaS,SMB,Europe,2025-12-22,Treatment,1,5,14,12,269,0.9601,0.0785,5,6,0,0.4048,62,16710,2025-12
CUST-01086,Business,Professional Services,Enterprise,North America,2026-01-18,Control,0,0,28,8,324,0.72,0.1708,2,5,1,0.5744,41,6076,2026-01
CUST-01087,Business,E-commerce,Mid-Market,North America,2025-11-27,Treatment,1,3,9,6,361,0.7542,0.0781,4,7,0,0.2905,64,6136,2025-11
CUST-01088,Business,SaaS,Mid-Market,North America,2025-11-29,Control,0,0,14,0,439,0.7681,0.1715,3,6,1,0.4125,43,7094,2025-11
CUST-01089,Professional,Healthcare,Mid-Market,Europe,2026-02-06,Treatment,0,0,20,0,408,0.8361,0.1227,4,6,0,0.1857,55,2953,2026-02
CUST-01090,Professional,Professional Services,Mid-Market,North America,2026-02-24,Control,0,0,12,0,374,0.7368,0.1974,3,6,0,0.5113,42,2707,2026-02
CUST-01091,Starter,SaaS,SMB,North America,2025-11-10,Treatment,0,0,3,0,480,0.8386,0.168,1,5,0,0.6126,35,1172,2025-11
CUST-01092,Professional,SaaS,SMB,LATAM,2026-01-28,Treatment,0,0,5,0,455,0.8113,0.1464,2,3,1,0.48,38,3049,2026-01
CUST-01093,Starter,Financial Services,Mid-Market,North America,2025-11-28,Treatment,0,0,7,1,368,0.7894,0.1496,3,3,0,0.3684,42,1258,2025-11
CUST-01094,Starter,Financial Services,SMB,North America,2026-01-24,Treatment,1,9,3,2,463,0.8081,0.0712,4,7,1,0.2366,63,1155,2026-01
CUST-01095,Professional,Education,SMB,LATAM,2025-11-17,Treatment,0,0,18,1,383,0.7109,0.1507,3,4,1,0.517,38,3315,2025-11
CUST-01096,Professional,Healthcare,Mid-Market,North America,2025-12-23,Control,0,0,17,2,387,0.8679,0.1591,3,4,0,0.666,39,3283,2025-12
CUST-01097,Starter,SaaS,SMB,North America,2025-10-26,Treatment,0,0,10,0,326,0.6606,0.1456,4,6,1,0.4207,40,1443,2025-10
CUST-01098,Business,E-commerce,Mid-Market,North America,2026-01-24,Control,0,0,11,1,418,0.7716,0.178,4,5,1,0.3503,41,9083,2026-01
CUST-01099,Business,Financial Services,SMB,North America,2025-10-21,Treatment,0,0,10,0,516,0.766,0.2152,2,3,1,0.5888,34,7165,2025-10
CUST-01100,Starter,SaaS,SMB,LATAM,2025-11-09,Treatment,0,0,2,0,514,0.758,0.154,3,5,0,0.3813,42,1038,2025-11
CUST-01101,Starter,E-commerce,Mid-Market,Europe,2026-02-05,Control,0,0,11,0,390,0.6436,0.1039,2,5,1,0.4179,41,1157,2026-02
CUST-01102,Professional,SaaS,SMB,North America,2026-01-02,Control,1,9,7,3,352,0.8164,0.081,3,6,1,0.2635,61,3162,2026-01
CUST-01103,Business,Professional Services,Mid-Market,North America,2026-02-16,Control,0,0,17,2,403,0.6877,0.157,4,4,0,0.5969,37,7272,2026-02
CUST-01104,Business,Professional Services,Mid-Market,North America,2025-11-17,Control,1,2,14,8,448,0.8848,0.1086,4,6,0,0.3144,62,7304,2025-11
CUST-01105,Starter,E-commerce,Mid-Market,Europe,2026-03-05,Treatment,1,4,7,6,365,0.8306,0.0719,6,7,1,0.2372,67,1213,2026-03
CUST-01106,Business,Education,SMB,North America,2025-12-24,Control,0,0,15,4,435,0.849,0.1424,2,3,0,0.7187,33,7133,2025-12
CUST-01107,Starter,Education,Mid-Market,North America,2025-12-05,Treatment,0,0,4,1,433,0.8452,0.1417,3,6,1,0.4283,43,1102,2025-12
CUST-01108,Professional,SaaS,SMB,Europe,2025-11-21,Control,0,0,12,2,461,0.6985,0.1275,4,7,0,0.3164,47,2662,2025-11
CUST-01109,Enterprise,Healthcare,SMB,APAC,2025-11-03,Control,0,0,21,1,454,0.8702,0.1151,5,6,0,0.4053,47,17902,2025-11
CUST-01110,Starter,Financial Services,SMB,APAC,2026-02-23,Control,0,0,6,2,353,0.681,0.1618,1,4,0,0.3599,43,1177,2026-02
CUST-01111,Starter,SaaS,SMB,APAC,2026-01-04,Control,0,0,6,1,408,0.837,0.1234,3,4,1,0.6118,35,1279,2026-01
CUST-01112,Professional,Healthcare,SMB,North America,2026-01-25,Treatment,0,0,17,3,373,0.6363,0.152,6,7,0,0.54,38,2994,2026-01
CUST-01113,Professional,SaaS,SMB,Europe,2025-11-13,Control,0,0,7,0,461,0.8493,0.176,5,5,1,0.3484,47,2757,2025-11
CUST-01114,Enterprise,Education,SMB,LATAM,2025-11-21,Treatment,0,0,17,1,434,0.6988,0.1367,4,7,0,0.416,44,15220,2025-11
CUST-01115,Enterprise,Healthcare,Mid-Market,North America,2026-02-28,Treatment,0,0,9,1,433,0.7282,0.1882,2,3,0,0.5811,34,13285,2026-02
CUST-01116,Starter,Professional Services,SMB,North America,2026-01-31,Control,0,0,6,1,419,0.7164,0.1414,3,7,1,0.3298,48,1238,2026-01
CUST-01117,Starter,Healthcare,SMB,North America,2025-11-03,Control,1,5,5,2,301,0.7626,0.0516,5,4,0,0.3546,58,1479,2025-11
CUST-01118,Business,SaaS,SMB,LATAM,2026-01-31,Control,0,0,10,0,441,0.8392,0.1492,3,4,0,0.437,39,7716,2026-01
CUST-01119,Starter,Education,SMB,LATAM,2025-10-25,Control,0,0,12,0,340,0.5937,0.1682,8,8,1,0.275,47,1329,2025-10
CUST-01120,Business,SaaS,Mid-Market,APAC,2025-11-02,Treatment,1,8,15,11,303,0.8512,0.1097,3,4,0,0.4306,52,6480,2025-11
CUST-01121,Professional,SaaS,Enterprise,North America,2025-12-18,Control,0,0,14,0,472,0.7784,0.1692,5,8,1,0.3361,52,2374,2025-12
CUST-01122,Starter,Healthcare,SMB,LATAM,2025-12-05,Control,0,0,7,0,389,0.6464,0.2038,4,4,0,0.3068,43,1145,2025-12
CUST-01123,Business,Financial Services,Mid-Market,North America,2025-12-28,Treatment,0,0,14,1,330,0.6941,0.1646,4,3,1,0.5383,35,10173,2025-12
CUST-01124,Starter,Healthcare,SMB,North America,2026-03-06,Control,0,0,4,0,376,0.6504,0.1465,4,5,1,0.4877,37,973,2026-03
CUST-01125,Professional,SaaS,Enterprise,Europe,2025-11-18,Treatment,0,0,21,1,448,0.7044,0.1584,5,8,1,0.2271,51,3427,2025-11
CUST-01126,Professional,Healthcare,SMB,APAC,2025-12-12,Treatment,0,0,13,0,384,0.8027,0.1273,3,4,0,0.4058,43,3107,2025-12
CUST-01127,Professional,SaaS,SMB,APAC,2025-11-10,Treatment,0,0,12,0,471,0.6997,0.1807,2,4,1,0.5395,42,3206,2025-11
CUST-01128,Professional,SaaS,SMB,North America,2026-01-07,Treatment,0,0,14,2,450,0.753,0.1252,5,8,0,0.3057,51,3075,2026-01
CUST-01129,Professional,E-commerce,SMB,North America,2025-10-06,Control,1,4,16,11,417,0.8019,0.0639,7,6,0,0.3042,66,2798,2025-10
CUST-01130,Enterprise,SaaS,Mid-Market,North America,2026-01-21,Control,1,1,26,19,393,0.98,0.0864,3,7,1,0.2126,70,15288,2026-01
CUST-01131,Enterprise,Healthcare,SMB,North America,2026-02-17,Treatment,0,0,19,1,336,0.7655,0.136,4,3,0,0.5461,38,17515,2026-02
CUST-01132,Professional,Financial Services,SMB,APAC,2025-10-13,Control,1,1,10,4,368,0.7414,0.0991,4,6,0,0.304,60,3334,2025-10
CUST-01133,Starter,Professional Services,SMB,North America,2026-01-11,Control,0,0,5,0,434,0.7493,0.1671,3,6,0,0.5401,38,998,2026-01
CUST-01134,Business,SaaS,Enterprise,North America,2025-10-18,Treatment,1,5,25,20,308,0.8659,0.1079,3,7,1,0.3625,65,7560,2025-10
CUST-01135,Enterprise,Healthcare,Mid-Market,North America,2026-01-31,Treatment,1,7,40,35,374,0.7918,0.1043,4,6,1,0.3755,61,15402,2026-01
CUST-01136,Starter,SaaS,Enterprise,Europe,2026-02-16,Treatment,0,0,17,4,452,0.8332,0.1655,3,3,1,0.56,38,1030,2026-02
CUST-01137,Professional,Education,Mid-Market,APAC,2025-11-21,Control,0,0,10,1,341,0.6005,0.1578,5,7,0,0.3808,43,3480,2025-11
CUST-01138,Professional,SaaS,Enterprise,North America,2026-01-06,Treatment,0,0,15,3,297,0.6959,0.1774,3,5,0,0.5376,38,2870,2026-01
CUST-01139,Starter,SaaS,SMB,North America,2026-03-08,Control,0,0,7,2,397,0.7317,0.1599,5,8,1,0.2803,53,1218,2026-03
CUST-01140,Professional,E-commerce,SMB,LATAM,2025-10-30,Treatment,0,0,10,4,517,0.8083,0.1949,2,3,0,0.7057,32,3465,2025-10
CUST-01141,Professional,SaaS,SMB,Europe,2025-10-09,Control,1,1,13,11,348,0.923,0.1123,6,7,1,0.1641,73,3329,2025-10
CUST-01142,Business,SaaS,SMB,North America,2026-02-03,Treatment,0,0,15,6,312,0.8411,0.1531,1,3,1,0.5903,35,8782,2026-02
CUST-01143,Business,SaaS,Mid-Market,North America,2026-02-27,Treatment,0,0,12,1,435,0.7429,0.1896,2,4,0,0.5405,40,6585,2026-02
CUST-01144,Business,Financial Services,SMB,LATAM,2026-01-23,Control,0,0,3,0,428,0.8207,0.1975,1,2,0,0.7049,30,9050,2026-01
CUST-01145,Professional,Financial Services,SMB,Europe,2026-01-16,Treatment,1,3,8,7,383,0.8633,0.1429,5,7,1,0.3244,61,2799,2026-01
CUST-01146,Professional,Financial Services,Mid-Market,North America,2025-11-09,Control,0,0,16,2,522,0.7405,0.1883,4,6,1,0.2715,49,2693,2025-11
CUST-01147,Business,Professional Services,SMB,North America,2025-12-12,Control,0,0,19,2,336,0.6901,0.1333,2,6,0,0.348,43,7994,2025-12
CUST-01148,Business,Healthcare,SMB,North America,2026-01-09,Control,0,0,9,2,437,0.7488,0.136,3,5,0,0.5605,40,7131,2026-01
CUST-01149,Professional,Education,SMB,North America,2026-02-11,Treatment,0,0,5,1,396,0.8313,0.1337,6,8,1,0.1445,55,3284,2026-02
CUST-01150,Business,Professional Services,Mid-Market,North America,2026-03-05,Control,0,0,10,2,420,0.737,0.1851,3,4,0,0.325,46,6840,2026-03
CUST-01151,Starter,Professional Services,SMB,North America,2025-11-05,Treatment,0,0,13,1,368,0.6997,0.2235,3,7,1,0.3836,47,1216,2025-11
CUST-01152,Business,Professional Services,SMB,North America,2026-01-21,Treatment,1,2,11,7,290,0.9026,0.0991,5,8,1,0.3105,62,9152,2026-01
CUST-01153,Starter,Healthcare,SMB,North America,2026-02-16,Treatment,1,7,3,2,464,0.7749,0.0911,5,6,1,0.4337,58,1273,2026-02
CUST-01154,Starter,Healthcare,Mid-Market,North America,2025-10-09,Control,1,3,5,5,446,0.8547,0.1026,3,5,1,0.5086,57,1186,2025-10
CUST-01155,Professional,E-commerce,SMB,North America,2026-02-22,Treatment,1,1,12,6,483,0.8412,0.1042,4,7,1,0.2898,64,3117,2026-02
CUST-01156,Starter,SaaS,SMB,APAC,2026-02-07,Control,0,0,12,1,364,0.8024,0.1916,4,6,0,0.327,48,908,2026-02
CUST-01157,Starter,E-commerce,Enterprise,North America,2026-01-02,Control,1,4,14,8,362,0.8745,0.0753,4,7,1,0.1871,68,1167,2026-01
CUST-01158,Starter,SaaS,Mid-Market,APAC,2026-01-07,Treatment,1,6,15,10,430,0.8632,0.1014,5,6,1,0.402,60,1033,2026-01
CUST-01159,Professional,SaaS,SMB,APAC,2026-02-15,Treatment,1,1,7,5,355,0.7841,0.1104,5,6,1,0.2134,60,2895,2026-02
CUST-01160,Business,Education,SMB,LATAM,2025-12-15,Control,1,9,8,6,323,0.7688,0.0963,4,5,1,0.3633,58,6530,2025-12
CUST-01161,Starter,Financial Services,SMB,North America,2025-10-28,Control,0,0,4,3,388,0.756,0.1209,4,7,1,0.2478,53,1237,2025-10
CUST-01162,Professional,E-commerce,Mid-Market,North America,2025-12-07,Control,0,0,16,1,338,0.7491,0.1129,3,4,0,0.377,43,2361,2025-12
CUST-01163,Business,Healthcare,SMB,Europe,2026-01-16,Control,1,9,8,4,277,0.98,0.0555,5,5,1,0.4281,58,7423,2026-01
CUST-01164,Starter,Financial Services,Enterprise,North America,2026-02-28,Control,0,0,13,1,534,0.7587,0.1877,3,8,0,0.402,48,1403,2026-02
CUST-01165,Starter,Education,Mid-Market,North America,2025-10-05,Control,0,0,11,0,394,0.7375,0.1994,3,5,1,0.4751,41,1344,2025-10
CUST-01166,Business,Financial Services,Mid-Market,North America,2025-12-09,Control,1,3,10,8,401,0.7651,0.0625,5,3,1,0.436,52,7418,2025-12
CUST-01167,Business,Financial Services,SMB,Europe,2025-12-26,Control,1,6,17,15,332,0.7288,0.1104,4,4,1,0.4678,54,8450,2025-12
CUST-01168,Professional,E-commerce,Mid-Market,APAC,2025-10-08,Treatment,0,0,21,0,423,0.6097,0.1091,4,4,0,0.4926,36,2963,2025-10
CUST-01169,Business,Healthcare,Mid-Market,North America,2025-12-14,Treatment,0,0,9,2,398,0.6445,0.1445,3,6,0,0.3903,41,7523,2025-12
CUST-01170,Starter,Financial Services,Mid-Market,LATAM,2025-12-18,Treatment,0,0,14,0,328,0.7072,0.1692,3,5,0,0.3278,45,1073,2025-12
CUST-01171,Professional,Education,SMB,APAC,2025-12-19,Control,0,0,8,0,377,0.8077,0.181,3,4,0,0.6155,34,2924,2025-12
CUST-01172,Business,E-commerce,Mid-Market,North America,2025-11-20,Treatment,0,0,21,1,446,0.764,0.1431,5,7,1,0.1583,54,8487,2025-11
CUST-01173,Starter,Healthcare,Mid-Market,North America,2025-11-14,Control,0,0,11,0,428,0.6519,0.1574,5,5,0,0.3642,41,1297,2025-11
CUST-01174,Business,E-commerce,Enterprise,North America,2025-10-08,Treatment,1,8,13,10,356,0.7618,0.0883,3,4,0,0.4173,52,9261,2025-10
CUST-01175,Professional,E-commerce,Mid-Market,APAC,2025-11-29,Control,0,0,20,1,294,0.7215,0.1266,4,7,0,0.3403,49,3328,2025-11
CUST-01176,Business,Education,SMB,Europe,2025-12-01,Treatment,0,0,10,2,425,0.7028,0.1863,5,7,0,0.2271,51,6647,2025-12
CUST-01177,Professional,Financial Services,SMB,Europe,2026-02-04,Control,0,0,10,0,385,0.662,0.1648,2,3,1,0.4417,36,2350,2026-02
CUST-01178,Professional,Healthcare,Mid-Market,Europe,2025-10-12,Treatment,0,0,14,2,366,0.5333,0.1401,4,7,0,0.311,44,3198,2025-10
CUST-01179,Starter,Healthcare,Enterprise,North America,2026-01-15,Control,1,9,14,9,319,0.7252,0.0884,4,5,1,0.3546,56,1296,2026-01
CUST-01180,Starter,E-commerce,Mid-Market,LATAM,2025-12-22,Treatment,0,0,6,0,415,0.6496,0.1875,3,7,1,0.3226,46,1204,2025-12
CUST-01181,Business,SaaS,SMB,LATAM,2026-02-17,Treatment,0,0,11,1,398,0.8215,0.1399,2,5,0,0.3342,45,9070,2026-02
CUST-01182,Starter,E-commerce,SMB,Europe,2025-11-13,Control,0,0,6,0,388,0.842,0.1313,5,7,1,0.4564,44,1230,2025-11
CUST-01183,Starter,Professional Services,Mid-Market,North America,2026-02-20,Treatment,0,0,16,3,471,0.5801,0.1323,3,4,1,0.4985,36,1348,2026-02
CUST-01184,Starter,Financial Services,Mid-Market,North America,2026-01-19,Control,0,0,13,1,407,0.7904,0.22,4,6,0,0.4449,46,1243,2026-01
CUST-01185,Starter,SaaS,SMB,North America,2026-01-09,Treatment,1,5,20,13,283,0.9076,0.1122,4,7,1,0.3668,66,1229,2026-01
CUST-01186,Business,Professional Services,SMB,North America,2025-11-05,Control,1,2,14,11,320,0.7486,0.0655,7,8,0,0.2543,65,8648,2025-11
CUST-01187,Professional,Financial Services,Enterprise,Europe,2025-11-15,Treatment,1,3,18,11,378,0.68,0.0928,5,3,0,0.4772,52,3874,2025-11
CUST-01188,Enterprise,SaaS,SMB,APAC,2026-02-08,Treatment,1,1,15,9,405,0.9664,0.0963,5,7,0,0.4525,60,15892,2026-02
CUST-01189,Starter,Financial Services,SMB,LATAM,2026-02-26,Control,0,0,5,1,343,0.715,0.1614,1,5,0,0.5551,36,1295,2026-02
CUST-01190,Professional,Financial Services,SMB,North America,2026-03-08,Treatment,1,9,11,10,293,0.9121,0.0757,7,7,1,0.1424,70,3174,2026-03
CUST-01191,Professional,Professional Services,SMB,North America,2026-02-21,Treatment,1,1,10,9,375,0.8168,0.0551,4,10,1,0.1665,72,2919,2026-02
CUST-01192,Professional,SaaS,SMB,North America,2025-10-27,Treatment,0,0,6,0,414,0.8479,0.1419,5,6,0,0.3286,46,2734,2025-10
CUST-01193,Business,SaaS,Mid-Market,LATAM,2026-03-01,Control,1,7,28,17,386,0.8471,0.0772,4,10,0,0.289,70,8556,2026-03
CUST-01194,Enterprise,E-commerce,Mid-Market,Europe,2026-01-25,Control,0,0,15,0,373,0.7263,0.1807,3,6,1,0.5184,39,19193,2026-01
CUST-01195,Business,SaaS,Mid-Market,North America,2026-01-11,Control,0,0,8,1,447,0.6915,0.1643,2,3,0,0.4979,37,7553,2026-01
CUST-01196,Starter,Healthcare,Mid-Market,Europe,2026-02-07,Control,1,6,6,4,410,0.7637,0.1039,4,8,1,0.1496,69,1144,2026-02
CUST-01197,Starter,Professional Services,SMB,Europe,2026-01-26,Control,1,1,13,8,402,0.7939,0.0618,4,6,1,0.4607,58,1366,2026-01
CUST-01198,Professional,SaaS,SMB,North America,2025-12-28,Treatment,1,2,19,12,340,0.8047,0.0837,6,7,0,0.2232,66,2699,2025-12
CUST-01199,Starter,E-commerce,SMB,North America,2025-12-01,Treatment,1,1,6,4,341,0.8395,0.1163,4,7,0,0.246,67,1262,2025-12
CUST-01200,Business,Education,SMB,North America,2025-12-20,Treatment,0,0,14,2,390,0.6985,0.1281,7,8,1,0.3173,50,7889,2025-12
CUST-01201,Professional,E-commerce,Mid-Market,North America,2026-01-11,Control,0,0,15,0,313,0.8708,0.2023,4,4,1,0.4558,46,3045,2026-01
CUST-01202,Professional,E-commerce,SMB,Europe,2025-10-24,Control,0,0,13,2,377,0.8594,0.1628,3,6,1,0.3412,46,3424,2025-10
CUST-01203,Business,E-commerce,Mid-Market,North America,2025-12-19,Treatment,0,0,18,1,454,0.7531,0.1762,5,7,1,0.3121,50,7856,2025-12
CUST-01204,Business,SaaS,SMB,Europe,2026-02-03,Treatment,0,0,3,0,363,0.8784,0.1124,2,3,1,0.4102,43,7530,2026-02
CUST-01205,Starter,SaaS,SMB,Europe,2025-11-26,Treatment,0,0,3,1,490,0.8471,0.1781,1,3,0,0.4643,40,1129,2025-11
CUST-01206,Starter,Financial Services,SMB,North America,2025-11-09,Treatment,0,0,3,0,340,0.7068,0.1383,4,4,1,0.4029,38,1180,2025-11
CUST-01207,Professional,Healthcare,SMB,LATAM,2026-03-02,Control,0,0,3,1,338,0.7687,0.1619,3,5,0,0.4368,40,2869,2026-03
CUST-01208,Professional,Healthcare,Mid-Market,North America,2025-11-10,Treatment,1,1,9,8,311,0.8061,0.0601,4,7,0,0.1622,67,2922,2025-11
CUST-01209,Starter,SaaS,Mid-Market,Europe,2026-01-31,Treatment,1,6,18,10,401,0.9264,0.1151,5,6,0,0.376,65,1311,2026-01
CUST-01210,Professional,Professional Services,SMB,North America,2025-10-20,Control,0,0,11,1,383,0.6617,0.1336,5,7,0,0.2936,49,2785,2025-10
CUST-01211,Business,SaaS,Mid-Market,Europe,2025-11-14,Treatment,1,4,10,4,314,0.6975,0.1018,5,3,0,0.399,51,8269,2025-11
CUST-01212,Business,Professional Services,Mid-Market,North America,2025-11-04,Control,0,0,9,2,423,0.7294,0.1691,3,4,1,0.4484,42,8421,2025-11
CUST-01213,Professional,Healthcare,SMB,North America,2025-12-05,Control,0,0,15,3,409,0.6627,0.1668,3,4,0,0.5136,36,3621,2025-12
CUST-01214,Professional,Financial Services,SMB,North America,2026-01-13,Control,1,1,10,8,312,0.7449,0.0855,3,4,0,0.5307,52,3238,2026-01
CUST-01215,Starter,SaaS,SMB,Europe,2026-03-09,Treatment,1,4,7,6,447,0.7965,0.1038,5,8,1,0.259,63,1254,2026-03
CUST-01216,Professional,SaaS,SMB,Europe,2026-02-23,Treatment,0,0,7,0,449,0.6955,0.1586,4,3,0,0.419,38,3315,2026-02
CUST-01217,Starter,E-commerce,Mid-Market,Europe,2026-03-09,Control,1,6,15,11,388,0.7876,0.0834,5,8,1,0.2551,65,1297,2026-03
CUST-01218,Professional,Financial Services,SMB,North America,2026-02-13,Treatment,1,4,10,5,342,0.7942,0.1085,4,8,0,0.3154,64,3328,2026-02
CUST-01219,Professional,SaaS,SMB,Europe,2025-11-28,Treatment,0,0,9,3,330,0.7531,0.2113,3,4,0,0.4852,40,2584,2025-11
CUST-01220,Starter,E-commerce,Mid-Market,Europe,2026-02-21,Control,0,0,8,1,480,0.6787,0.1593,2,4,0,0.6086,35,1073,2026-02
CUST-01221,Starter,E-commerce,SMB,North America,2026-03-05,Control,1,6,16,12,307,0.7662,0.0568,6,8,1,0.3001,68,1098,2026-03
CUST-01222,Starter,SaaS,Mid-Market,North America,2025-12-05,Control,0,0,8,0,438,0.801,0.1532,2,5,1,0.4958,41,1439,2025-12
CUST-01223,Business,E-commerce,SMB,North America,2026-01-17,Control,0,0,19,3,449,0.8254,0.176,4,6,0,0.248,52,5756,2026-01
CUST-01224,Professional,SaaS,SMB,APAC,2025-10-30,Treatment,0,0,9,1,324,0.8742,0.1512,2,5,0,0.3758,49,3449,2025-10
CUST-01225,Starter,E-commerce,SMB,North America,2026-02-06,Treatment,0,0,8,1,389,0.734,0.1241,3,5,1,0.3116,47,1188,2026-02
CUST-01226,Business,SaaS,SMB,North America,2025-11-16,Control,0,0,5,1,343,0.8213,0.1664,5,7,0,0.4144,45,7588,2025-11
CUST-01227,Professional,E-commerce,SMB,LATAM,2026-02-23,Treatment,0,0,7,1,420,0.7063,0.155,3,9,0,0.2593,52,3098,2026-02
CUST-01228,Professional,Healthcare,Mid-Market,APAC,2026-01-16,Control,0,0,8,1,355,0.7681,0.1443,1,3,1,0.3905,40,2356,2026-01
CUST-01229,Enterprise,E-commerce,Mid-Market,North America,2025-10-31,Control,1,8,23,20,298,0.844,0.0969,4,4,0,0.2559,63,14939,2025-10
CUST-01230,Starter,E-commerce,Mid-Market,APAC,2025-12-29,Control,0,0,6,1,325,0.8702,0.1825,3,5,0,0.4721,39,1271,2025-12
CUST-01231,Starter,Education,SMB,North America,2026-01-02,Control,0,0,4,1,390,0.6811,0.1497,2,6,1,0.2453,46,1328,2026-01
CUST-01232,Professional,E-commerce,Enterprise,APAC,2025-12-29,Control,0,0,16,2,307,0.6651,0.1803,3,5,1,0.4234,43,3327,2025-12
CUST-01233,Starter,Professional Services,SMB,North America,2026-02-06,Control,0,0,9,0,490,0.7344,0.1627,3,5,1,0.4768,43,1213,2026-02
CUST-01234,Professional,SaaS,Mid-Market,North America,2026-02-04,Control,0,0,17,0,397,0.5762,0.1349,3,3,0,0.6086,32,3536,2026-02
CUST-01235,Starter,Healthcare,Mid-Market,LATAM,2026-01-03,Control,0,0,4,0,454,0.7362,0.1116,2,1,0,0.6669,29,1191,2026-01
CUST-01236,Starter,SaaS,Mid-Market,North America,2026-02-04,Treatment,0,0,8,1,396,0.5345,0.1657,4,4,0,0.502,39,1252,2026-02
CUST-01237,Starter,E-commerce,SMB,APAC,2025-11-29,Control,0,0,5,1,413,0.6604,0.1586,3,3,1,0.3958,38,1291,2025-11
CUST-01238,Professional,Financial Services,Mid-Market,North America,2026-01-05,Control,1,7,12,7,297,0.8098,0.0722,5,9,1,0.2515,70,2816,2026-01
CUST-01239,Starter,Professional Services,Mid-Market,North America,2025-11-16,Control,1,3,14,12,378,0.6784,0.0752,4,7,1,0.2539,66,1267,2025-11
CUST-01240,Starter,E-commerce,SMB,LATAM,2026-01-02,Treatment,0,0,9,1,335,0.7506,0.1308,4,6,1,0.3155,48,1170,2026-01
CUST-01241,Business,Financial Services,Mid-Market,Europe,2026-02-25,Control,0,0,8,0,483,0.5556,0.1667,2,3,1,0.3445,39,7332,2026-02
CUST-01242,Professional,SaaS,SMB,APAC,2026-01-10,Treatment,1,1,10,9,318,0.8043,0.0637,3,5,1,0.3522,60,3165,2026-01
CUST-01243,Professional,SaaS,SMB,APAC,2026-01-16,Control,1,5,14,10,396,0.869,0.0831,3,5,1,0.2912,68,3235,2026-01
CUST-01244,Starter,Professional Services,Mid-Market,North America,2026-01-09,Control,0,0,12,0,340,0.8235,0.1481,6,8,1,0.36,52,1216,2026-01
CUST-01245,Professional,SaaS,Mid-Market,North America,2025-11-07,Treatment,1,1,18,14,394,0.9325,0.0525,7,11,1,0.01,82,2994,2025-11
CUST-01246,Starter,SaaS,SMB,North America,2025-11-20,Treatment,1,5,8,7,257,0.7396,0.1053,5,8,0,0.3402,62,1271,2025-11
CUST-01247,Professional,Education,SMB,North America,2026-03-07,Treatment,0,0,14,2,310,0.6975,0.1557,2,3,0,0.5093,36,3076,2026-03
CUST-01248,Starter,Education,SMB,North America,2026-01-24,Control,0,0,7,1,456,0.6746,0.2196,3,4,1,0.4498,40,1092,2026-01
CUST-01249,Business,Financial Services,SMB,North America,2026-01-08,Control,1,1,11,7,416,0.8785,0.0684,4,6,0,0.4605,54,8460,2026-01
CUST-01250,Enterprise,Healthcare,SMB,APAC,2026-02-25,Treatment,0,0,20,0,383,0.7716,0.2047,3,5,1,0.4909,42,14747,2026-02
CUST-01251,Starter,Professional Services,SMB,North America,2026-02-27,Control,0,0,5,0,388,0.7291,0.1614,4,5,0,0.2444,49,1367,2026-02
CUST-01252,Starter,SaaS,Mid-Market,Europe,2025-11-01,Treatment,1,3,10,5,366,0.805,0.0781,4,6,0,0.1204,65,1290,2025-11
CUST-01253,Starter,E-commerce,SMB,North America,2025-10-01,Treatment,1,8,6,6,359,0.8555,0.0653,5,8,0,0.3403,62,1283,2025-10
CUST-01254,Professional,Healthcare,SMB,North America,2025-10-22,Control,0,0,8,1,454,0.6616,0.1267,5,5,0,0.498,36,3461,2025-10
CUST-01255,Starter,Education,SMB,North America,2026-03-06,Treatment,0,0,2,0,389,0.7934,0.1439,3,3,0,0.5637,32,1258,2026-03
CUST-01256,Business,Education,SMB,North America,2025-11-15,Control,0,0,7,1,313,0.7564,0.1415,3,8,1,0.276,48,9938,2025-11
CUST-01257,Business,Financial Services,SMB,Europe,2026-01-30,Control,1,3,7,3,375,0.8937,0.0795,4,5,1,0.3423,59,7506,2026-01
CUST-01258,Business,SaaS,SMB,North America,2025-12-10,Treatment,1,7,13,11,308,0.7813,0.0717,5,8,1,0.1546,69,5947,2025-12
CUST-01259,Professional,E-commerce,SMB,APAC,2026-01-10,Control,1,6,10,8,425,0.8141,0.1123,6,8,1,0.1673,70,2891,2026-01
CUST-01260,Enterprise,SaaS,SMB,APAC,2026-01-29,Control,0,0,14,0,387,0.8427,0.1329,4,8,1,0.1269,59,19174,2026-01
CUST-01261,Starter,Education,Mid-Market,North America,2026-01-05,Treatment,1,7,16,15,407,0.7178,0.0713,5,9,1,0.0487,73,1570,2026-01
CUST-01262,Professional,SaaS,Mid-Market,APAC,2026-03-09,Control,1,7,16,11,357,0.9073,0.0835,6,8,0,0.3728,61,3901,2026-03
CUST-01263,Professional,SaaS,SMB,LATAM,2025-10-24,Control,0,0,10,0,372,0.7093,0.1393,5,5,0,0.4599,40,3613,2025-10
CUST-01264,Enterprise,Financial Services,SMB,North America,2025-11-24,Control,0,0,12,1,467,0.8176,0.1834,2,3,0,0.605,34,16244,2025-11
CUST-01265,Professional,E-commerce,SMB,LATAM,2026-01-30,Control,0,0,14,0,365,0.7951,0.1367,3,4,1,0.3068,48,2955,2026-01
CUST-01266,Business,Professional Services,SMB,North America,2026-01-24,Control,0,0,8,3,383,0.7158,0.1517,3,4,0,0.4427,38,9581,2026-01
CUST-01267,Starter,SaaS,Mid-Market,Europe,2025-10-21,Treatment,0,0,8,1,380,0.7327,0.1499,2,3,0,0.4979,34,1298,2025-10
CUST-01268,Enterprise,Professional Services,Mid-Market,North America,2026-02-19,Control,0,0,22,1,360,0.6468,0.1501,6,9,1,0.2162,56,15567,2026-02
CUST-01269,Professional,SaaS,SMB,APAC,2026-01-11,Treatment,0,0,6,0,425,0.5867,0.213,3,6,1,0.413,42,3387,2026-01
CUST-01270,Professional,SaaS,SMB,APAC,2025-10-04,Control,0,0,21,0,375,0.7386,0.1908,4,7,1,0.1564,53,2614,2025-10
CUST-01271,Enterprise,E-commerce,SMB,LATAM,2025-12-13,Control,0,0,7,0,362,0.849,0.172,4,3,1,0.562,36,14548,2025-12
CUST-01272,Professional,SaaS,SMB,LATAM,2025-12-13,Treatment,1,8,10,7,350,0.7957,0.0965,6,6,0,0.2437,64,2565,2025-12
CUST-01273,Professional,Financial Services,Enterprise,North America,2026-02-10,Treatment,0,0,19,1,370,0.5637,0.2054,2,5,0,0.5353,33,3080,2026-02
CUST-01274,Professional,SaaS,SMB,Europe,2025-12-30,Control,1,6,36,25,334,0.7721,0.0848,5,9,1,0.0947,80,3366,2025-12
CUST-01275,Starter,SaaS,SMB,North America,2025-11-02,Control,0,0,11,5,368,0.6903,0.1517,3,4,1,0.3308,41,1265,2025-11
CUST-01276,Professional,Professional Services,SMB,North America,2025-10-02,Treatment,1,3,15,9,398,0.7817,0.0873,6,9,1,0.2073,71,2575,2025-10
CUST-01277,Starter,SaaS,SMB,North America,2025-10-17,Control,1,2,6,4,339,0.7283,0.0858,6,10,1,0.1284,69,1249,2025-10
CUST-01278,Starter,Financial Services,SMB,LATAM,2026-02-27,Control,0,0,7,1,327,0.672,0.1666,3,3,1,0.4548,35,1124,2026-02
CUST-01279,Business,Professional Services,SMB,Europe,2025-11-09,Treatment,1,4,8,7,377,0.6903,0.0907,4,6,1,0.3287,59,6594,2025-11
CUST-01280,Professional,SaaS,SMB,North America,2026-01-19,Treatment,0,0,12,1,368,0.8946,0.1054,3,6,1,0.3376,47,2630,2026-01
CUST-01281,Professional,Professional Services,SMB,LATAM,2025-11-13,Treatment,0,0,7,1,417,0.8639,0.1655,2,4,0,0.5073,42,3428,2025-11
CUST-01282,Professional,SaaS,Mid-Market,APAC,2025-12-17,Control,1,1,9,5,430,0.7333,0.1009,4,4,1,0.4764,53,3135,2025-12
CUST-01283,Professional,Healthcare,SMB,North America,2026-02-27,Treatment,0,0,7,0,404,0.7339,0.1705,3,3,0,0.4976,36,3392,2026-02
CUST-01284,Professional,SaaS,SMB,North America,2026-03-03,Control,0,0,8,1,350,0.6823,0.1425,4,7,0,0.3726,46,3895,2026-03
CUST-01285,Enterprise,Professional Services,Mid-Market,Europe,2025-12-01,Treatment,0,0,9,0,395,0.7424,0.1243,2,4,1,0.5114,39,16399,2025-12
CUST-01286,Enterprise,E-commerce,SMB,Europe,2026-01-31,Control,0,0,9,0,364,0.7869,0.1877,3,3,1,0.4372,38,18687,2026-01
CUST-01287,Professional,E-commerce,Enterprise,North America,2026-01-10,Treatment,1,7,12,7,322,0.8253,0.0806,6,6,1,0.3818,62,2894,2026-01
CUST-01288,Professional,Education,Enterprise,North America,2026-02-05,Treatment,1,3,15,12,329,0.8886,0.0779,5,8,1,0.205,68,2972,2026-02
CUST-01289,Professional,Healthcare,SMB,North America,2025-12-25,Control,0,0,15,1,335,0.6892,0.1443,3,7,1,0.3447,47,3140,2025-12
CUST-01290,Professional,Education,SMB,North America,2026-01-26,Treatment,0,0,18,3,336,0.731,0.1719,3,8,1,0.2362,54,3055,2026-01
CUST-01291,Professional,Financial Services,Mid-Market,North America,2025-12-25,Treatment,1,9,9,7,391,0.6122,0.1121,5,1,0,0.5607,41,3167,2025-12
CUST-01292,Professional,Education,SMB,North America,2026-01-28,Control,0,0,13,2,403,0.7428,0.1694,2,5,1,0.5142,37,2579,2026-01
CUST-01293,Professional,Education,SMB,North America,2026-02-05,Control,0,0,9,0,423,0.5631,0.1686,1,2,1,0.582,31,3428,2026-02
CUST-01294,Professional,Education,SMB,Europe,2026-02-13,Control,0,0,8,0,446,0.6288,0.1502,2,1,0,0.5645,32,2812,2026-02
CUST-01295,Professional,SaaS,SMB,North America,2025-12-11,Treatment,1,8,10,5,271,0.9117,0.0783,4,7,1,0.1839,67,3031,2025-12
CUST-01296,Professional,Professional Services,Mid-Market,North America,2025-12-23,Treatment,0,0,12,0,389,0.8327,0.1497,5,6,1,0.3138,50,3111,2025-12
CUST-01297,Starter,Professional Services,Mid-Market,North America,2025-10-11,Control,0,0,6,0,489,0.6495,0.1692,1,4,0,0.4445,36,1419,2025-10
CUST-01298,Starter,Financial Services,Mid-Market,LATAM,2025-10-16,Control,0,0,6,1,489,0.8673,0.1456,3,7,1,0.2501,51,1329,2025-10
CUST-01299,Business,Healthcare,Mid-Market,North America,2026-03-07,Treatment,1,2,18,16,305,0.868,0.1034,6,6,1,0.2601,69,7215,2026-03
CUST-01300,Professional,Education,Mid-Market,North America,2025-12-16,Control,0,0,14,1,352,0.7684,0.1751,3,7,0,0.4016,45,2375,2025-12
CUST-01301,Starter,SaaS,SMB,North America,2025-10-22,Control,0,0,18,1,289,0.6371,0.1761,4,6,1,0.281,46,1308,2025-10
CUST-01302,Professional,E-commerce,Enterprise,Europe,2026-01-21,Control,0,0,13,3,367,0.8756,0.1492,4,4,1,0.5122,41,3544,2026-01
CUST-01303,Business,E-commerce,Enterprise,North America,2025-11-12,Treatment,1,9,11,9,381,0.8684,0.0681,4,8,1,0.1181,72,6808,2025-11
CUST-01304,Starter,SaaS,Mid-Market,North America,2026-01-25,Treatment,0,0,23,1,451,0.6665,0.16,4,7,1,0.3355,49,1275,2026-01
CUST-01305,Business,Professional Services,Mid-Market,APAC,2026-03-08,Treatment,0,0,18,0,333,0.5443,0.1478,1,3,1,0.4803,34,7986,2026-03
CUST-01306,Enterprise,SaaS,Mid-Market,Europe,2025-11-23,Control,0,0,12,1,389,0.6619,0.1443,4,7,1,0.429,43,18530,2025-11
CUST-01307,Professional,Financial Services,SMB,North America,2025-11-30,Treatment,0,0,17,2,367,0.7426,0.1529,3,4,0,0.5748,38,2836,2025-11
CUST-01308,Professional,Professional Services,Mid-Market,North America,2026-03-01,Control,1,3,9,5,308,0.7929,0.1046,4,8,1,0.3015,65,3347,2026-03
CUST-01309,Starter,Healthcare,SMB,LATAM,2025-11-15,Treatment,0,0,8,1,363,0.8497,0.1385,4,7,1,0.3292,52,1164,2025-11
CUST-01310,Enterprise,Financial Services,SMB,LATAM,2026-02-19,Control,0,0,13,1,446,0.6695,0.2017,4,6,0,0.2517,50,14352,2026-02
CUST-01311,Professional,SaaS,SMB,Europe,2025-10-06,Treatment,0,0,4,0,431,0.7546,0.1728,4,8,1,0.2646,50,2772,2025-10
CUST-01312,Enterprise,Professional Services,Mid-Market,Europe,2025-12-12,Treatment,0,0,30,2,420,0.8388,0.1483,4,5,1,0.4456,45,16087,2025-12
CUST-01313,Professional,Education,Mid-Market,APAC,2025-12-22,Treatment,0,0,7,0,478,0.6247,0.1777,1,5,0,0.3919,41,3227,2025-12
CUST-01314,Starter,SaaS,SMB,LATAM,2025-10-11,Control,1,7,7,6,342,0.8589,0.0677,4,9,1,0.1574,70,1239,2025-10
CUST-01315,Starter,Financial Services,SMB,North America,2026-01-04,Treatment,0,0,4,2,367,0.7287,0.1638,4,6,1,0.3376,44,1157,2026-01
CUST-01316,Professional,E-commerce,SMB,LATAM,2026-02-26,Treatment,0,0,15,0,428,0.686,0.1708,3,7,1,0.4326,48,2909,2026-02
CUST-01317,Professional,E-commerce,SMB,Europe,2026-01-11,Control,0,0,11,0,350,0.5544,0.1762,3,3,0,0.5047,35,2591,2026-01
CUST-01318,Starter,Financial Services,SMB,Europe,2025-12-25,Control,1,2,3,2,413,0.8464,0.0864,2,4,1,0.2441,58,967,2025-12
CUST-01319,Business,E-commerce,Mid-Market,North America,2026-02-02,Treatment,1,8,11,9,382,0.756,0.063,5,6,1,0.3716,58,6553,2026-02
CUST-01320,Business,Financial Services,SMB,North America,2026-01-24,Treatment,1,9,12,9,373,0.7796,0.0897,4,3,1,0.5934,48,6373,2026-01
CUST-01321,Professional,SaaS,SMB,APAC,2026-01-18,Treatment,0,0,15,1,361,0.8421,0.1905,3,5,1,0.5365,45,3646,2026-01
CUST-01322,Professional,Healthcare,SMB,Europe,2026-02-11,Control,1,7,8,5,400,0.8075,0.0731,6,6,1,0.3951,58,3168,2026-02
CUST-01323,Starter,Education,SMB,North America,2025-11-06,Treatment,0,0,7,0,499,0.7495,0.1423,1,3,1,0.4543,41,1325,2025-11
CUST-01324,Business,SaaS,Mid-Market,Europe,2026-01-31,Control,0,0,21,1,430,0.8861,0.1539,3,5,1,0.419,47,7812,2026-01
CUST-01325,Professional,Financial Services,SMB,North America,2025-12-20,Control,0,0,3,0,374,0.7435,0.1741,2,2,0,0.5382,33,2813,2025-12
CUST-01326,Business,SaaS,SMB,North America,2025-11-02,Treatment,1,6,15,11,451,0.7463,0.0625,4,7,1,0.2998,63,7216,2025-11
CUST-01327,Professional,Professional Services,Mid-Market,Europe,2025-12-02,Treatment,1,8,23,18,373,0.9114,0.0746,4,7,1,0.2399,68,2403,2025-12
CUST-01328,Professional,Financial Services,SMB,Europe,2026-02-02,Treatment,0,0,11,5,469,0.7356,0.1344,4,7,0,0.2521,50,2785,2026-02
CUST-01329,Starter,Healthcare,Mid-Market,North America,2025-11-25,Treatment,0,0,6,0,352,0.6889,0.194,3,5,1,0.2594,49,1096,2025-11
CUST-01330,Starter,SaaS,Enterprise,North America,2026-01-16,Control,0,0,5,0,368,0.6582,0.1365,1,5,0,0.5093,37,964,2026-01
CUST-01331,Business,E-commerce,Mid-Market,North America,2025-11-17,Treatment,0,0,13,3,433,0.7071,0.1629,3,6,1,0.3476,48,8073,2025-11
CUST-01332,Professional,Education,Enterprise,Europe,2026-02-11,Control,0,0,7,0,260,0.8059,0.1432,3,3,1,0.4018,44,2913,2026-02
CUST-01333,Professional,E-commerce,SMB,LATAM,2026-01-26,Treatment,1,1,7,2,491,0.7653,0.0995,5,7,0,0.1618,64,3457,2026-01
CUST-01334,Enterprise,E-commerce,SMB,Europe,2025-12-23,Treatment,0,0,13,0,476,0.7684,0.1836,6,6,1,0.3279,46,18344,2025-12
CUST-01335,Enterprise,Professional Services,SMB,Europe,2026-01-01,Treatment,0,0,15,0,368,0.6878,0.1556,5,7,1,0.4299,47,20054,2026-01
CUST-01336,Business,Healthcare,SMB,North America,2026-03-06,Treatment,0,0,8,2,457,0.8439,0.1788,1,4,0,0.4423,41,8613,2026-03
CUST-01337,Starter,E-commerce,SMB,North America,2025-10-22,Treatment,0,0,7,1,400,0.6198,0.1743,4,8,1,0.237,49,1246,2025-10
CUST-01338,Professional,Healthcare,SMB,APAC,2026-02-20,Control,0,0,6,1,383,0.6515,0.1658,3,6,1,0.205,47,2963,2026-02
CUST-01339,Business,SaaS,SMB,North America,2025-10-03,Treatment,1,4,16,11,304,0.7572,0.1118,6,7,1,0.2491,68,7038,2025-10
CUST-01340,Professional,Financial Services,SMB,North America,2025-10-21,Control,1,6,20,12,420,0.7011,0.146,6,8,1,0.2569,65,3475,2025-10
CUST-01341,Starter,Education,Mid-Market,North America,2026-03-06,Treatment,0,0,8,0,445,0.7721,0.1907,1,3,1,0.3627,41,1066,2026-03
CUST-01342,Business,Education,SMB,Europe,2025-11-11,Control,0,0,15,0,422,0.7845,0.1202,6,8,1,0.2337,53,7473,2025-11
CUST-01343,Professional,Education,SMB,North America,2026-01-25,Treatment,0,0,5,0,344,0.7817,0.1255,3,6,0,0.3154,46,3034,2026-01
CUST-01344,Professional,E-commerce,SMB,North America,2025-12-10,Treatment,0,0,13,0,435,0.7851,0.1576,3,3,0,0.5439,41,3009,2025-12
CUST-01345,Enterprise,Healthcare,Mid-Market,Europe,2025-10-24,Treatment,1,7,23,19,402,0.716,0.0392,6,8,0,0.2815,66,13108,2025-10
CUST-01346,Professional,Financial Services,SMB,North America,2025-11-02,Control,1,7,5,3,466,0.8306,0.0861,5,9,1,0.2015,70,2990,2025-11
CUST-01347,Professional,Education,Mid-Market,North America,2026-02-25,Treatment,0,0,8,0,399,0.8402,0.1219,2,1,1,0.6036,33,2914,2026-02
CUST-01348,Professional,Professional Services,SMB,APAC,2026-01-16,Treatment,1,4,6,6,315,0.7828,0.0938,5,4,1,0.378,59,3443,2026-01
CUST-01349,Professional,E-commerce,SMB,LATAM,2025-12-02,Control,0,0,15,1,345,0.8162,0.1695,6,7,1,0.5765,44,3427,2025-12
CUST-01350,Starter,Financial Services,Enterprise,North America,2025-11-12,Control,1,7,21,18,352,0.7973,0.0861,5,7,1,0.2736,66,1086,2025-11
CUST-01351,Business,Professional Services,SMB,North America,2025-12-19,Control,0,0,12,2,443,0.7201,0.1511,1,5,0,0.4768,39,8522,2025-12
CUST-01352,Business,Education,SMB,North America,2025-12-04,Treatment,0,0,8,2,499,0.6333,0.1421,1,4,0,0.4745,42,6894,2025-12
CUST-01353,Starter,Professional Services,SMB,North America,2026-01-30,Treatment,1,6,4,1,421,0.7718,0.0922,5,7,1,0.3281,59,1129,2026-01
CUST-01354,Starter,E-commerce,SMB,APAC,2025-11-30,Treatment,1,7,16,16,411,0.9127,0.0595,5,9,1,0.163,75,1210,2025-11
CUST-01355,Business,Healthcare,SMB,Europe,2025-10-15,Control,1,6,12,12,347,0.759,0.0672,5,4,1,0.3968,53,8054,2025-10
CUST-01356,Starter,E-commerce,SMB,North America,2026-02-15,Control,0,0,8,0,448,0.8816,0.1703,5,9,1,0.117,62,1044,2026-02
CUST-01357,Professional,Healthcare,SMB,Europe,2026-02-01,Treatment,1,5,16,11,330,0.7969,0.081,4,5,0,0.4342,56,3190,2026-02
CUST-01358,Professional,Education,Enterprise,North America,2026-01-09,Treatment,1,6,11,7,380,0.9179,0.0781,5,5,1,0.3429,60,2903,2026-01
CUST-01359,Professional,E-commerce,SMB,North America,2026-03-09,Control,0,0,5,0,353,0.7308,0.1836,3,6,0,0.3567,46,2787,2026-03
CUST-01360,Starter,E-commerce,SMB,LATAM,2026-01-23,Control,0,0,5,0,469,0.5449,0.1586,3,6,0,0.3685,41,1050,2026-01
CUST-01361,Professional,Healthcare,Mid-Market,North America,2026-01-14,Control,1,9,24,18,472,0.7519,0.0779,5,7,0,0.2789,60,3128,2026-01
CUST-01362,Professional,Financial Services,SMB,North America,2026-02-27,Treatment,1,8,10,8,364,0.7522,0.1066,7,9,1,0.2051,70,3325,2026-02
CUST-01363,Professional,E-commerce,Mid-Market,APAC,2025-12-11,Treatment,0,0,21,0,386,0.6748,0.1373,2,3,0,0.6217,32,2518,2025-12
CUST-01364,Starter,SaaS,SMB,North America,2026-01-12,Treatment,0,0,4,0,623,0.6296,0.08,2,4,0,0.4409,38,1050,2026-01
CUST-01365,Professional,Education,Mid-Market,North America,2025-12-28,Treatment,0,0,10,1,466,0.651,0.194,2,5,1,0.4926,42,2672,2025-12
CUST-01366,Professional,Healthcare,Enterprise,North America,2025-10-03,Treatment,0,0,14,3,478,0.7788,0.1302,2,4,0,0.4953,39,3161,2025-10
CUST-01367,Starter,E-commerce,SMB,North America,2025-10-02,Control,0,0,8,0,432,0.9402,0.2014,2,4,0,0.6611,35,1270,2025-10
CUST-01368,Starter,SaaS,Mid-Market,North America,2026-02-24,Control,0,0,10,0,354,0.7463,0.1458,4,4,0,0.5776,33,1220,2026-02
CUST-01369,Starter,E-commerce,Mid-Market,North America,2026-01-26,Control,0,0,9,0,398,0.702,0.1127,4,8,1,0.4648,47,1006,2026-01
CUST-01370,Professional,Financial Services,Mid-Market,North America,2026-02-21,Treatment,0,0,15,1,410,0.5323,0.1365,6,5,0,0.4094,39,2958,2026-02
CUST-01371,Starter,Education,SMB,North America,2025-12-23,Treatment,0,0,10,0,408,0.8884,0.1691,2,5,1,0.3374,46,970,2025-12
CUST-01372,Enterprise,SaaS,SMB,Europe,2026-02-26,Treatment,0,0,13,1,344,0.8402,0.1987,4,7,1,0.1915,50,16403,2026-02
CUST-01373,Professional,Education,SMB,APAC,2025-10-29,Treatment,0,0,3,0,409,0.6935,0.1822,3,3,1,0.6413,31,3304,2025-10
CUST-01374,Business,Financial Services,Enterprise,Europe,2025-11-24,Control,0,0,18,3,335,0.7548,0.1852,1,3,1,0.4335,43,5758,2025-11
CUST-01375,Enterprise,Healthcare,SMB,Europe,2026-02-14,Control,1,6,19,17,272,0.7972,0.0582,5,8,0,0.1405,71,13152,2026-02
CUST-01376,Starter,SaaS,SMB,APAC,2025-10-07,Treatment,0,0,8,0,367,0.6359,0.1804,1,3,0,0.5122,34,1094,2025-10
CUST-01377,Professional,Healthcare,Enterprise,North America,2026-02-15,Treatment,1,7,16,12,341,0.7782,0.0839,4,7,1,0.1958,67,2777,2026-02
CUST-01378,Business,Education,SMB,North America,2025-12-23,Control,0,0,13,1,392,0.7987,0.2037,3,5,0,0.5678,41,7484,2025-12
CUST-01379,Professional,Healthcare,Mid-Market,North America,2025-10-17,Control,0,0,9,0,402,0.7592,0.1713,2,6,0,0.3662,44,3632,2025-10
CUST-01380,Professional,E-commerce,SMB,North America,2026-01-31,Treatment,0,0,5,1,496,0.7126,0.1696,2,5,1,0.5549,35,3032,2026-01
CUST-01381,Professional,Financial Services,Mid-Market,LATAM,2025-12-09,Treatment,1,5,13,11,343,0.8621,0.0552,5,10,1,0.0984,71,2641,2025-12
CUST-01382,Starter,Education,SMB,North America,2026-02-17,Treatment,1,5,10,9,246,0.7842,0.1057,4,6,1,0.3756,59,824,2026-02
CUST-01383,Professional,Financial Services,SMB,APAC,2025-10-17,Control,1,4,7,4,352,0.9095,0.0746,2,3,1,0.4032,56,3444,2025-10
CUST-01384,Enterprise,Professional Services,SMB,North America,2025-10-07,Control,1,3,16,9,355,0.7511,0.1068,4,7,1,0.2492,66,15293,2025-10
CUST-01385,Enterprise,SaaS,SMB,North America,2026-01-14,Control,1,9,17,10,241,0.8062,0.0852,6,9,0,0.2931,67,17874,2026-01
CUST-01386,Starter,Education,SMB,North America,2025-12-23,Control,0,0,9,0,407,0.7935,0.1474,2,5,1,0.5026,40,1217,2025-12
CUST-01387,Business,Healthcare,SMB,North America,2025-11-06,Treatment,0,0,22,2,370,0.7875,0.1727,3,7,0,0.3245,49,7269,2025-11
CUST-01388,Starter,SaaS,Mid-Market,North America,2025-10-24,Treatment,0,0,9,0,401,0.6761,0.1639,6,3,0,0.3883,40,1114,2025-10
CUST-01389,Business,Education,SMB,Europe,2026-01-21,Treatment,1,3,7,6,362,0.74,0.0586,4,5,0,0.3324,59,7902,2026-01
CUST-01390,Starter,SaaS,SMB,North America,2026-03-06,Control,1,5,3,1,379,0.851,0.1278,4,4,1,0.3645,56,1336,2026-03
CUST-01391,Enterprise,SaaS,SMB,APAC,2025-10-03,Control,1,6,11,8,349,0.9497,0.0848,3,6,1,0.3238,64,17963,2025-10
CUST-01392,Business,Financial Services,SMB,APAC,2025-12-07,Treatment,0,0,11,0,376,0.8021,0.1815,4,7,0,0.3342,50,7910,2025-12
CUST-01393,Starter,Healthcare,Mid-Market,North America,2026-03-09,Control,1,4,4,2,406,0.7154,0.087,5,4,1,0.4221,54,1190,2026-03
CUST-01394,Starter,SaaS,SMB,LATAM,2025-11-10,Control,0,0,12,2,371,0.6762,0.138,6,11,1,0.1587,56,1317,2025-11
CUST-01395,Business,Financial Services,Mid-Market,North America,2026-01-26,Control,1,1,22,16,388,0.7231,0.085,5,8,1,0.253,65,6849,2026-01
CUST-01396,Starter,Professional Services,Mid-Market,North America,2026-02-04,Control,0,0,8,3,319,0.8433,0.1738,5,7,1,0.3948,47,1341,2026-02
CUST-01397,Professional,Professional Services,Mid-Market,North America,2026-03-01,Control,0,0,14,3,366,0.7251,0.2203,3,5,1,0.3039,46,2637,2026-03
CUST-01398,Business,SaaS,Mid-Market,Europe,2026-02-27,Control,0,0,6,0,431,0.7055,0.1853,3,5,0,0.2837,47,8194,2026-02
CUST-01399,Professional,E-commerce,SMB,Europe,2025-12-25,Treatment,0,0,9,0,343,0.7519,0.1464,6,7,1,0.3101,48,3344,2025-12
CUST-01400,Professional,Professional Services,Enterprise,Europe,2026-03-09,Control,0,0,9,0,374,0.7678,0.122,4,2,0,0.4633,39,3062,2026-03
CUST-01401,Professional,SaaS,Mid-Market,APAC,2025-12-06,Treatment,1,5,26,19,382,0.7785,0.0907,8,9,1,0.1504,73,3085,2025-12
CUST-01402,Starter,SaaS,Mid-Market,North America,2025-12-23,Treatment,0,0,13,2,352,0.7526,0.1614,4,5,1,0.4345,43,1232,2025-12
CUST-01403,Enterprise,SaaS,SMB,APAC,2026-02-25,Treatment,1,4,16,13,414,0.8431,0.1147,5,6,1,0.4082,56,15390,2026-02
CUST-01404,Starter,E-commerce,SMB,Europe,2025-11-06,Treatment,0,0,8,0,406,0.8613,0.193,2,5,1,0.233,51,1110,2025-11
CUST-01405,Starter,SaaS,Mid-Market,North America,2025-12-22,Control,0,0,8,5,347,0.7328,0.1757,1,3,0,0.4089,39,1253,2025-12
CUST-01406,Starter,Professional Services,SMB,North America,2025-11-06,Control,0,0,8,1,429,0.7623,0.1837,3,6,0,0.4587,45,1196,2025-11
CUST-01407,Enterprise,Education,Mid-Market,North America,2026-03-08,Treatment,0,0,12,1,403,0.7045,0.155,3,6,1,0.303,45,16461,2026-03
CUST-01408,Starter,SaaS,SMB,North America,2026-02-22,Treatment,1,4,7,5,360,0.7606,0.1115,4,7,1,0.1203,67,1286,2026-02
CUST-01409,Business,Financial Services,SMB,Europe,2026-01-20,Control,1,8,11,8,345,0.8469,0.0979,3,10,1,0.165,72,8401,2026-01
CUST-01410,Business,SaaS,SMB,North America,2025-11-15,Control,1,9,16,12,344,0.7371,0.14,7,7,0,0.3275,59,7210,2025-11
CUST-01411,Business,SaaS,SMB,North America,2025-12-03,Treatment,1,8,17,11,302,0.8367,0.0957,5,5,0,0.2381,64,6878,2025-12
CUST-01412,Enterprise,Professional Services,SMB,Europe,2026-01-05,Treatment,1,4,16,12,388,0.8158,0.0853,3,7,0,0.2825,63,15905,2026-01
CUST-01413,Business,E-commerce,Mid-Market,Europe,2026-01-18,Treatment,1,4,19,14,320,0.8591,0.1092,4,8,1,0.1702,67,7328,2026-01
CUST-01414,Enterprise,Education,SMB,LATAM,2025-12-02,Treatment,0,0,12,2,448,0.5985,0.1981,2,7,0,0.4539,41,13339,2025-12
CUST-01415,Starter,E-commerce,Enterprise,North America,2025-11-07,Treatment,0,0,12,0,354,0.8455,0.1804,1,5,0,0.2455,49,1150,2025-11
CUST-01416,Business,SaaS,Mid-Market,Europe,2025-10-17,Treatment,1,9,11,8,420,0.678,0.1009,4,7,1,0.3193,65,6873,2025-10
CUST-01417,Professional,E-commerce,Mid-Market,North America,2026-01-02,Treatment,0,0,13,0,363,0.8734,0.1589,4,4,1,0.5675,36,2884,2026-01
CUST-01418,Professional,SaaS,SMB,Europe,2025-10-11,Treatment,1,7,8,7,388,0.8161,0.0681,2,4,0,0.3285,58,3103,2025-10
CUST-01419,Business,Education,Mid-Market,North America,2025-12-14,Control,1,3,27,18,335,0.8511,0.1196,6,9,1,0.093,74,5766,2025-12
CUST-01420,Enterprise,Financial Services,Enterprise,North America,2026-03-03,Treatment,0,0,25,10,386,0.7514,0.1897,1,2,1,0.4724,40,16348,2026-03
CUST-01421,Business,Healthcare,Mid-Market,LATAM,2026-01-03,Treatment,1,5,11,8,323,0.8165,0.0373,3,4,1,0.469,54,8233,2026-01
CUST-01422,Professional,E-commerce,SMB,Europe,2025-10-21,Treatment,0,0,4,0,362,0.6538,0.1388,4,8,0,0.3247,43,3153,2025-10
CUST-01423,Professional,Financial Services,Mid-Market,Europe,2026-01-23,Control,0,0,7,0,386,0.7799,0.178,3,3,1,0.5672,35,2729,2026-01
CUST-01424,Professional,Professional Services,SMB,North America,2026-01-29,Treatment,0,0,6,0,441,0.7656,0.1475,1,5,1,0.5438,38,3733,2026-01
CUST-01425,Professional,SaaS,SMB,Europe,2025-10-12,Control,1,6,3,1,422,0.844,0.1039,4,6,1,0.1701,64,2639,2025-10
CUST-01426,Professional,SaaS,Mid-Market,North America,2026-03-03,Treatment,0,0,7,0,435,0.8497,0.1352,6,8,0,0.4817,45,3067,2026-03
CUST-01427,Starter,SaaS,Mid-Market,North America,2025-11-28,Control,0,0,12,1,412,0.6179,0.1391,6,6,1,0.3347,43,1483,2025-11
CUST-01428,Starter,Healthcare,SMB,North America,2026-02-26,Treatment,0,0,6,1,508,0.7366,0.1313,6,6,1,0.4221,42,1133,2026-02
CUST-01429,Business,E-commerce,SMB,North America,2026-02-20,Treatment,0,0,6,1,350,0.611,0.1572,2,1,0,0.6197,27,7295,2026-02
CUST-01430,Professional,SaaS,Mid-Market,North America,2025-11-18,Control,0,0,9,1,391,0.8235,0.16,1,3,1,0.4691,37,3044,2025-11
CUST-01431,Enterprise,Healthcare,SMB,Europe,2026-03-01,Treatment,0,0,11,0,271,0.8136,0.1297,2,4,1,0.383,42,17136,2026-03
CUST-01432,Professional,E-commerce,SMB,North America,2025-12-06,Treatment,1,7,21,19,363,0.7911,0.0642,5,8,1,0.3416,68,4079,2025-12
CUST-01433,Starter,SaaS,Mid-Market,APAC,2025-12-28,Control,0,0,11,1,351,0.8011,0.1492,3,8,0,0.2034,52,1242,2025-12
CUST-01434,Starter,Education,Mid-Market,APAC,2026-01-19,Control,0,0,13,0,403,0.77,0.1514,3,2,0,0.6227,34,1200,2026-01
CUST-01435,Starter,Financial Services,SMB,North America,2026-03-09,Control,0,0,8,2,349,0.6112,0.1407,4,7,0,0.2357,50,1263,2026-03
CUST-01436,Enterprise,Healthcare,SMB,Europe,2026-01-20,Treatment,1,6,15,13,336,0.8876,0.1049,3,8,1,0.2622,71,12834,2026-01
CUST-01437,Starter,E-commerce,SMB,North America,2026-02-23,Control,1,9,8,5,372,0.7416,0.0794,5,5,1,0.474,55,1383,2026-02
CUST-01438,Professional,Healthcare,SMB,APAC,2025-11-02,Control,0,0,10,2,353,0.7426,0.1638,3,3,1,0.5485,32,3926,2025-11
CUST-01439,Enterprise,Professional Services,Mid-Market,North America,2025-11-14,Control,0,0,16,0,423,0.8302,0.1702,4,4,0,0.4222,42,21181,2025-11
CUST-01440,Enterprise,Financial Services,Mid-Market,North America,2025-10-16,Control,0,0,30,9,360,0.7589,0.1375,6,9,1,0.2806,57,16744,2025-10
CUST-01441,Starter,E-commerce,SMB,North America,2026-02-22,Control,0,0,8,1,361,0.7248,0.1731,5,8,1,0.3438,48,1078,2026-02
CUST-01442,Starter,Education,SMB,APAC,2025-10-20,Treatment,1,5,5,4,391,0.9237,0.0939,3,3,0,0.4608,51,1124,2025-10
CUST-01443,Starter,Professional Services,SMB,North America,2025-10-18,Control,0,0,7,0,417,0.7442,0.1621,1,4,1,0.4008,41,1191,2025-10
CUST-01444,Starter,Professional Services,SMB,APAC,2025-11-10,Treatment,0,0,4,1,295,0.7094,0.1389,5,7,1,0.2887,54,1156,2025-11
CUST-01445,Starter,SaaS,SMB,North America,2025-11-12,Treatment,0,0,13,2,377,0.6034,0.1826,4,7,1,0.2371,51,1123,2025-11
CUST-01446,Professional,SaaS,SMB,Europe,2026-01-23,Treatment,1,3,8,7,293,0.812,0.0489,5,6,0,0.3794,58,2768,2026-01
CUST-01447,Business,Financial Services,Mid-Market,North America,2025-11-17,Control,0,0,14,3,463,0.7859,0.1564,3,8,1,0.3182,52,6831,2025-11
CUST-01448,Professional,E-commerce,SMB,North America,2025-10-15,Treatment,0,0,20,3,355,0.8496,0.1386,4,6,0,0.2873,49,2554,2025-10
CUST-01449,Professional,Financial Services,Mid-Market,North America,2025-11-26,Treatment,1,1,10,4,344,0.6849,0.0793,5,7,1,0.3157,64,3138,2025-11
CUST-01450,Starter,Professional Services,SMB,North America,2026-01-30,Treatment,1,5,9,9,340,0.8459,0.0545,3,6,1,0.0967,67,1390,2026-01
CUST-01451,Business,Healthcare,Mid-Market,Europe,2026-01-27,Control,0,0,15,2,423,0.7851,0.1419,2,6,0,0.466,46,7938,2026-01
CUST-01452,Professional,Healthcare,Enterprise,Europe,2025-10-19,Control,0,0,6,0,369,0.6962,0.132,1,4,1,0.558,36,3654,2025-10
CUST-01453,Business,E-commerce,SMB,North America,2026-02-05,Treatment,0,0,9,0,414,0.8628,0.1222,1,1,1,0.6332,33,8490,2026-02
CUST-01454,Enterprise,Healthcare,SMB,North America,2025-11-09,Control,1,5,11,8,370,0.7679,0.1029,6,5,0,0.4025,55,17826,2025-11
CUST-01455,Professional,Financial Services,Mid-Market,North America,2025-12-21,Treatment,1,6,18,15,257,0.9566,0.0717,6,9,0,0.1505,73,2593,2025-12
CUST-01456,Starter,Professional Services,SMB,Europe,2025-12-25,Treatment,1,2,8,7,372,0.8211,0.0844,4,8,1,0.3614,64,1076,2025-12
CUST-01457,Starter,E-commerce,SMB,APAC,2026-01-02,Treatment,0,0,9,0,378,0.7916,0.1686,5,8,1,0.3788,54,1137,2026-01
CUST-01458,Professional,Professional Services,SMB,APAC,2025-11-01,Treatment,0,0,5,0,343,0.6975,0.1666,4,2,0,0.4755,37,2903,2025-11
CUST-01459,Enterprise,E-commerce,Enterprise,APAC,2025-11-14,Treatment,0,0,11,3,484,0.6323,0.1559,2,5,1,0.5674,37,13986,2025-11
CUST-01460,Professional,Financial Services,SMB,North America,2026-03-06,Control,1,2,12,8,312,0.8018,0.0724,5,7,0,0.3644,61,3560,2026-03
CUST-01461,Business,SaaS,SMB,North America,2025-10-14,Control,0,0,12,1,441,0.7818,0.1497,1,1,0,0.644,29,8932,2025-10
CUST-01462,Professional,Professional Services,SMB,APAC,2025-10-17,Treatment,0,0,8,0,431,0.6867,0.1643,2,3,1,0.6293,35,2710,2025-10
CUST-01463,Starter,Financial Services,Mid-Market,North America,2025-10-30,Control,0,0,14,4,296,0.7076,0.1859,3,3,1,0.4382,40,1160,2025-10
CUST-01464,Professional,SaaS,SMB,North America,2025-12-17,Treatment,0,0,9,0,365,0.7366,0.1014,4,5,0,0.5631,38,2690,2025-12
CUST-01465,Professional,E-commerce,Mid-Market,North America,2025-10-30,Control,0,0,18,3,334,0.6085,0.1694,3,4,0,0.4575,40,2721,2025-10
CUST-01466,Professional,Professional Services,Mid-Market,Europe,2025-12-31,Control,0,0,12,4,431,0.7073,0.1299,2,3,0,0.4232,42,3431,2025-12
CUST-01467,Professional,SaaS,SMB,Europe,2026-01-05,Treatment,1,5,10,6,407,0.8268,0.0767,6,10,1,0.1863,70,2687,2026-01
CUST-01468,Starter,Professional Services,SMB,LATAM,2026-03-08,Treatment,0,0,9,2,477,0.6876,0.1542,4,8,1,0.3473,48,1230,2026-03
CUST-01469,Business,Education,Mid-Market,North America,2025-10-06,Treatment,1,9,14,8,313,0.9092,0.0868,4,8,1,0.2317,67,5313,2025-10
CUST-01470,Starter,Education,Mid-Market,North America,2026-02-10,Control,0,0,10,0,533,0.7481,0.1438,5,7,0,0.3216,53,1476,2026-02
CUST-01471,Enterprise,Healthcare,SMB,North America,2026-01-31,Control,0,0,17,2,448,0.5844,0.1883,6,8,1,0.2976,50,16157,2026-01
CUST-01472,Starter,Financial Services,SMB,Europe,2025-12-04,Treatment,0,0,7,0,496,0.6891,0.1737,4,5,1,0.3614,44,1331,2025-12
CUST-01473,Starter,Education,SMB,North America,2025-12-22,Treatment,0,0,12,1,408,0.6745,0.1481,4,6,1,0.4524,43,1243,2025-12
CUST-01474,Professional,E-commerce,SMB,LATAM,2025-11-15,Control,0,0,13,2,380,0.6615,0.199,3,6,1,0.3519,47,3117,2025-11
CUST-01475,Professional,SaaS,SMB,North America,2026-01-03,Treatment,0,0,15,0,360,0.853,0.1417,2,5,1,0.4021,44,2726,2026-01
CUST-01476,Professional,SaaS,SMB,Europe,2026-01-05,Control,0,0,9,2,460,0.7799,0.1401,2,2,0,0.3813,40,2634,2026-01
CUST-01477,Professional,Professional Services,SMB,APAC,2025-10-23,Treatment,1,6,10,7,352,0.7795,0.092,5,9,1,0.1059,72,2356,2025-10
CUST-01478,Enterprise,E-commerce,Mid-Market,North America,2025-10-06,Control,0,0,4,0,400,0.7174,0.1449,2,4,1,0.3964,44,19925,2025-10
CUST-01479,Professional,SaaS,Mid-Market,Europe,2025-12-09,Treatment,1,5,13,11,409,0.7846,0.0993,5,5,1,0.2799,61,3524,2025-12
CUST-01480,Professional,Healthcare,Mid-Market,North America,2025-11-10,Control,1,5,14,7,416,0.7632,0.082,5,12,1,0.0577,75,3494,2025-11
CUST-01481,Professional,Professional Services,Mid-Market,APAC,2026-01-27,Treatment,0,0,7,4,358,0.6742,0.1677,3,5,1,0.3165,46,2882,2026-01
CUST-01482,Starter,E-commerce,Mid-Market,APAC,2025-11-08,Treatment,0,0,8,0,415,0.7704,0.137,2,4,1,0.438,45,1309,2025-11
CUST-01483,Professional,Education,SMB,Europe,2026-01-07,Control,1,1,4,2,393,0.6449,0.1345,4,5,1,0.4608,50,2765,2026-01
CUST-01484,Starter,Professional Services,Mid-Market,North America,2026-01-07,Control,0,0,20,1,407,0.7715,0.1469,4,8,1,0.2112,53,1386,2026-01
CUST-01485,Professional,Education,SMB,LATAM,2026-01-08,Treatment,0,0,8,1,463,0.608,0.1952,4,2,0,0.5706,29,2957,2026-01
CUST-01486,Starter,Education,SMB,LATAM,2026-01-30,Treatment,0,0,7,1,427,0.7709,0.1256,4,9,1,0.1914,55,1140,2026-01
CUST-01487,Enterprise,SaaS,Enterprise,Europe,2026-01-11,Treatment,0,0,29,5,378,0.8403,0.2043,4,3,1,0.5018,41,14358,2026-01
CUST-01488,Professional,Financial Services,Mid-Market,LATAM,2026-01-28,Treatment,1,8,14,11,423,0.7267,0.0862,3,6,0,0.3147,62,2939,2026-01
CUST-01489,Business,SaaS,SMB,North America,2026-02-11,Control,0,0,10,0,374,0.6715,0.1534,2,5,1,0.5071,39,6600,2026-02
CUST-01490,Professional,Education,Mid-Market,North America,2025-11-18,Treatment,0,0,11,0,402,0.808,0.0961,4,5,1,0.5218,39,2491,2025-11
CUST-01491,Starter,SaaS,SMB,North America,2025-10-24,Control,0,0,4,0,395,0.7049,0.1262,3,5,1,0.4593,37,1135,2025-10
CUST-01492,Business,Financial Services,SMB,North America,2025-10-30,Treatment,1,4,9,6,341,0.7475,0.0651,6,8,1,0.0994,68,7821,2025-10
CUST-01493,Professional,Professional Services,SMB,Europe,2026-01-27,Treatment,1,8,8,8,324,0.7521,0.0612,6,4,0,0.484,51,2879,2026-01
CUST-01494,Business,SaaS,SMB,Europe,2026-02-12,Treatment,1,9,20,12,418,0.98,0.1046,4,5,0,0.3896,57,6743,2026-02
CUST-01495,Professional,Professional Services,Mid-Market,North America,2026-01-29,Control,0,0,13,0,412,0.6903,0.148,2,5,1,0.5707,39,4356,2026-01
CUST-01496,Professional,SaaS,SMB,North America,2025-11-14,Control,0,0,14,0,502,0.7705,0.1589,4,7,0,0.3294,52,2848,2025-11
CUST-01497,Business,E-commerce,SMB,Europe,2025-10-31,Treatment,0,0,6,2,359,0.7821,0.1639,4,7,0,0.4698,45,8743,2025-10
CUST-01498,Professional,E-commerce,Enterprise,APAC,2026-02-11,Control,0,0,18,0,376,0.8551,0.0791,2,3,1,0.4702,41,2358,2026-02
CUST-01499,Professional,Healthcare,SMB,LATAM,2025-10-31,Treatment,1,8,12,7,297,0.9646,0.0814,4,6,1,0.3264,63,2147,2025-10
CUST-01500,Professional,Financial Services,SMB,North America,2025-12-24,Treatment,1,9,9,8,277,0.6595,0.1403,6,6,1,0.2546,59,3576,2025-12
CUST-01501,Professional,Education,SMB,APAC,2025-10-04,Control,0,0,6,1,356,0.8461,0.1856,3,1,1,0.619,33,3099,2025-10
CUST-01502,Enterprise,Healthcare,SMB,North America,2025-10-16,Control,0,0,28,6,349,0.7662,0.1706,5,4,0,0.4925,38,17836,2025-10
CUST-01503,Professional,Financial Services,SMB,North America,2025-10-16,Treatment,1,9,10,8,322,0.7278,0.0922,1,5,0,0.3382,58,3217,2025-10
CUST-01504,Professional,Education,Mid-Market,Europe,2025-11-05,Treatment,0,0,15,3,403,0.8083,0.1944,5,5,0,0.4042,43,2482,2025-11
CUST-01505,Business,Professional Services,Mid-Market,North America,2026-02-03,Control,0,0,16,4,346,0.6578,0.1736,4,7,1,0.4327,47,7738,2026-02
CUST-01506,Professional,SaaS,SMB,APAC,2025-10-06,Control,0,0,7,0,499,0.8336,0.1549,4,9,1,0.2982,53,3420,2025-10
CUST-01507,Business,Education,SMB,North America,2025-11-24,Control,0,0,12,0,403,0.6995,0.1678,4,8,1,0.3227,50,6078,2025-11
CUST-01508,Professional,SaaS,SMB,North America,2025-11-03,Treatment,0,0,11,0,453,0.8161,0.1792,3,6,1,0.3398,48,2851,2025-11
CUST-01509,Starter,Financial Services,Mid-Market,Europe,2025-11-08,Treatment,1,6,12,10,303,0.8694,0.1204,4,7,0,0.2628,67,1289,2025-11
CUST-01510,Business,Financial Services,SMB,North America,2025-11-08,Treatment,0,0,12,2,376,0.6334,0.1238,3,6,1,0.3947,47,6590,2025-11
CUST-01511,Starter,Professional Services,SMB,North America,2025-10-13,Treatment,0,0,3,0,425,0.6172,0.1622,7,6,1,0.2191,53,1354,2025-10
CUST-01512,Starter,SaaS,Enterprise,North America,2025-10-22,Treatment,0,0,17,0,432,0.7435,0.1832,5,8,1,0.4139,52,1083,2025-10
CUST-01513,Professional,SaaS,Mid-Market,North America,2025-12-29,Treatment,0,0,15,1,453,0.6911,0.1443,2,1,0,0.4683,35,2319,2025-12
CUST-01514,Business,Professional Services,SMB,Europe,2026-01-01,Control,0,0,12,2,326,0.783,0.1541,3,5,0,0.4351,41,7849,2026-01
CUST-01515,Business,SaaS,SMB,North America,2025-10-26,Treatment,0,0,15,1,549,0.7113,0.2,5,7,0,0.4369,45,8516,2025-10
CUST-01516,Starter,E-commerce,SMB,Europe,2025-10-15,Treatment,0,0,12,2,485,0.6605,0.1648,4,8,1,0.325,49,1421,2025-10
CUST-01517,Starter,Professional Services,Enterprise,Europe,2025-10-14,Treatment,0,0,8,0,421,0.7577,0.1402,1,5,0,0.5001,40,1483,2025-10
CUST-01518,Enterprise,Financial Services,SMB,North America,2026-02-16,Treatment,1,2,11,9,371,0.6691,0.0533,7,5,0,0.2161,60,13254,2026-02
CUST-01519,Starter,SaaS,SMB,North America,2025-10-13,Control,0,0,7,2,402,0.6238,0.1561,2,2,0,0.4767,37,1197,2025-10
CUST-01520,Starter,Healthcare,Mid-Market,Europe,2026-01-14,Treatment,1,2,9,8,296,0.7271,0.0742,4,5,1,0.3014,59,1379,2026-01
CUST-01521,Starter,Education,SMB,APAC,2026-01-06,Treatment,1,1,7,5,287,0.6183,0.1205,5,10,1,0.1676,69,1299,2026-01
CUST-01522,Professional,E-commerce,SMB,North America,2025-10-19,Treatment,0,0,23,3,336,0.759,0.1405,4,7,1,0.3207,50,2884,2025-10
CUST-01523,Business,SaaS,Mid-Market,APAC,2025-11-19,Control,0,0,12,3,322,0.6616,0.1813,4,5,0,0.3447,43,9126,2025-11
CUST-01524,Business,SaaS,SMB,North America,2025-10-18,Treatment,0,0,13,1,496,0.7488,0.1584,3,4,1,0.4308,46,8124,2025-10
CUST-01525,Business,Healthcare,Enterprise,North America,2026-01-27,Treatment,1,5,11,9,326,0.8697,0.0776,4,4,0,0.3757,59,8692,2026-01
CUST-01526,Starter,Education,Mid-Market,North America,2026-01-30,Treatment,0,0,11,2,457,0.8314,0.1518,4,6,0,0.2485,53,1027,2026-01
CUST-01527,Professional,Healthcare,SMB,North America,2025-11-14,Control,0,0,9,0,396,0.7938,0.1904,3,2,1,0.5272,34,2864,2025-11
CUST-01528,Professional,SaaS,Mid-Market,North America,2025-10-01,Treatment,0,0,10,2,389,0.6018,0.1788,4,4,0,0.5164,37,2756,2025-10
CUST-01529,Starter,E-commerce,Mid-Market,North America,2026-01-06,Treatment,0,0,7,3,368,0.6578,0.1646,4,5,0,0.425,42,1191,2026-01
CUST-01530,Starter,SaaS,Mid-Market,North America,2025-12-20,Treatment,0,0,8,2,361,0.591,0.1439,5,7,0,0.347,43,1151,2025-12
CUST-01531,Starter,Healthcare,Mid-Market,Europe,2025-10-27,Treatment,1,6,8,7,447,0.7366,0.1075,4,6,0,0.2842,62,1404,2025-10
CUST-01532,Starter,Education,SMB,North America,2026-03-03,Control,0,0,6,0,416,0.8473,0.1621,4,5,0,0.4602,42,1103,2026-03
CUST-01533,Professional,Financial Services,SMB,APAC,2025-10-25,Treatment,0,0,16,0,486,0.7538,0.1487,3,4,0,0.5797,37,2914,2025-10
CUST-01534,Business,SaaS,Mid-Market,APAC,2026-01-23,Control,1,6,21,12,381,0.8896,0.0662,5,9,1,0.0584,79,8242,2026-01
CUST-01535,Starter,E-commerce,SMB,North America,2025-11-14,Control,1,8,8,3,462,0.7031,0.075,4,5,1,0.2431,60,1030,2025-11
CUST-01536,Professional,SaaS,SMB,North America,2025-11-10,Control,0,0,8,0,414,0.7135,0.1323,2,4,1,0.4534,41,2946,2025-11
CUST-01537,Business,SaaS,SMB,North America,2026-02-07,Control,1,3,18,11,351,0.8578,0.0687,6,7,1,0.2898,68,7671,2026-02
CUST-01538,Business,Financial Services,SMB,APAC,2026-01-20,Control,1,7,7,3,300,0.7294,0.1568,3,3,1,0.4384,53,7120,2026-01
CUST-01539,Business,E-commerce,Mid-Market,North America,2025-10-30,Control,0,0,11,1,444,0.7121,0.1134,4,5,0,0.4338,42,7072,2025-10
CUST-01540,Professional,Professional Services,Mid-Market,North America,2026-03-04,Control,0,0,16,2,485,0.8056,0.1815,5,6,1,0.2619,52,3108,2026-03
CUST-01541,Business,Education,Mid-Market,LATAM,2026-02-19,Treatment,0,0,14,2,454,0.8101,0.1717,3,4,1,0.4492,46,6752,2026-02
CUST-01542,Starter,SaaS,SMB,North America,2025-10-10,Control,0,0,6,0,386,0.7723,0.1199,4,5,0,0.4414,45,1235,2025-10
CUST-01543,Professional,Education,SMB,North America,2025-11-18,Control,0,0,5,0,453,0.7269,0.1801,2,3,0,0.5608,31,2834,2025-11
CUST-01544,Starter,E-commerce,Mid-Market,APAC,2025-12-12,Control,1,8,4,3,306,0.8188,0.1416,5,6,0,0.4459,56,1235,2025-12
CUST-01545,Professional,SaaS,SMB,LATAM,2025-12-07,Control,1,5,5,5,291,0.7207,0.0894,3,5,1,0.3191,58,3261,2025-12
CUST-01546,Professional,Professional Services,Mid-Market,North America,2026-01-03,Control,0,0,8,0,371,0.8803,0.1829,1,5,0,0.2701,48,3165,2026-01
CUST-01547,Starter,SaaS,Mid-Market,North America,2026-02-18,Treatment,1,5,3,3,316,0.707,0.0861,3,5,1,0.4873,52,1160,2026-02
CUST-01548,Business,E-commerce,SMB,North America,2025-12-09,Treatment,1,1,13,10,388,0.9136,0.1002,4,6,1,0.2741,66,9987,2025-12
CUST-01549,Starter,Professional Services,SMB,North America,2025-10-03,Control,0,0,9,1,448,0.576,0.1129,3,3,1,0.5236,32,1282,2025-10
CUST-01550,Starter,Healthcare,Mid-Market,North America,2025-10-12,Treatment,1,1,3,2,350,0.7882,0.09,4,3,1,0.4153,52,1071,2025-10
CUST-01551,Starter,Education,SMB,North America,2025-11-19,Control,1,8,5,5,435,0.8402,0.0902,5,8,1,0.3035,66,1313,2025-11
CUST-01552,Professional,SaaS,Mid-Market,Europe,2025-10-26,Treatment,0,0,26,7,362,0.6716,0.1489,5,10,1,0.2071,57,2874,2025-10
CUST-01553,Starter,Professional Services,Mid-Market,Europe,2026-02-18,Treatment,1,1,19,16,414,0.6897,0.1265,6,8,1,0.2164,65,1288,2026-02
CUST-01554,Professional,SaaS,SMB,LATAM,2026-01-30,Control,1,9,7,5,343,0.744,0.0887,4,3,0,0.3639,53,3131,2026-01
CUST-01555,Starter,SaaS,Mid-Market,APAC,2025-11-30,Control,0,0,4,0,411,0.7099,0.1561,1,5,0,0.3515,46,1229,2025-11
CUST-01556,Business,Healthcare,SMB,North America,2025-10-23,Treatment,0,0,14,0,414,0.7433,0.1507,3,6,0,0.3455,44,7928,2025-10
CUST-01557,Enterprise,Professional Services,SMB,North America,2026-02-23,Control,0,0,18,5,436,0.7452,0.1491,3,7,0,0.2851,48,13804,2026-02
CUST-01558,Professional,SaaS,Enterprise,North America,2026-01-01,Control,0,0,23,3,389,0.7399,0.1563,5,7,1,0.2826,52,2752,2026-01
CUST-01559,Professional,Education,Mid-Market,North America,2026-02-01,Treatment,0,0,22,0,318,0.7566,0.1528,3,4,1,0.4006,43,2785,2026-02
CUST-01560,Business,SaaS,Mid-Market,North America,2026-03-01,Treatment,0,0,14,1,447,0.7836,0.1709,4,4,1,0.4674,38,7089,2026-03
CUST-01561,Enterprise,E-commerce,Mid-Market,Europe,2025-11-21,Control,0,0,19,5,391,0.718,0.1738,3,5,1,0.535,36,19145,2025-11
CUST-01562,Professional,Healthcare,SMB,North America,2026-02-16,Treatment,0,0,10,2,492,0.7571,0.1964,4,5,1,0.4267,39,3186,2026-02
CUST-01563,Business,SaaS,SMB,North America,2025-12-10,Control,0,0,23,2,333,0.6359,0.1488,4,6,1,0.4258,44,7791,2025-12
CUST-01564,Business,Education,SMB,North America,2026-01-20,Control,1,8,10,5,364,0.6812,0.0649,6,6,0,0.2627,59,7449,2026-01
CUST-01565,Business,E-commerce,SMB,LATAM,2026-03-04,Treatment,1,4,11,7,278,0.7727,0.094,5,8,0,0.1107,69,9894,2026-03
CUST-01566,Professional,Financial Services,SMB,Europe,2025-10-14,Treatment,0,0,6,0,416,0.9784,0.1646,2,3,0,0.6048,35,2778,2025-10
CUST-01567,Starter,Financial Services,SMB,North America,2025-10-27,Treatment,0,0,5,0,416,0.7289,0.1835,5,6,0,0.3832,44,1329,2025-10
CUST-01568,Starter,E-commerce,Mid-Market,North America,2025-11-16,Treatment,0,0,10,2,473,0.7972,0.1254,4,6,1,0.2774,51,1335,2025-11
CUST-01569,Professional,Financial Services,SMB,APAC,2025-12-22,Treatment,0,0,12,0,437,0.8249,0.1581,5,9,1,0.3809,54,3305,2025-12
CUST-01570,Professional,Education,Mid-Market,North America,2026-01-14,Treatment,0,0,15,2,373,0.7051,0.1889,4,7,0,0.2206,52,2869,2026-01
CUST-01571,Professional,Financial Services,Mid-Market,Europe,2025-12-26,Treatment,0,0,4,0,415,0.8489,0.1822,3,2,1,0.3489,38,2651,2025-12
CUST-01572,Professional,E-commerce,Enterprise,Europe,2025-11-07,Control,1,7,22,7,441,0.8496,0.1195,6,8,1,0.1852,73,3159,2025-11
CUST-01573,Professional,Financial Services,SMB,Europe,2026-01-25,Treatment,0,0,11,1,307,0.8173,0.1511,3,5,1,0.4049,42,3035,2026-01
CUST-01574,Business,Financial Services,Enterprise,North America,2026-01-08,Control,1,9,20,12,397,0.8257,0.0349,5,7,1,0.315,65,7302,2026-01
CUST-01575,Starter,E-commerce,Mid-Market,APAC,2025-12-22,Treatment,0,0,8,1,362,0.7502,0.1662,3,7,0,0.3188,47,1142,2025-12
CUST-01576,Starter,Financial Services,SMB,North America,2025-12-07,Control,1,4,7,4,352,0.924,0.1017,5,7,1,0.1928,69,1327,2025-12
CUST-01577,Business,E-commerce,SMB,North America,2026-01-01,Control,0,0,16,2,402,0.691,0.1434,4,5,0,0.4063,42,7351,2026-01
CUST-01578,Business,Professional Services,SMB,North America,2025-12-19,Treatment,0,0,11,3,308,0.7566,0.1689,3,5,1,0.4004,43,6723,2025-12
CUST-01579,Enterprise,Education,Mid-Market,North America,2025-12-25,Treatment,1,4,18,10,288,0.8427,0.0929,6,9,1,0.2713,63,21756,2025-12
CUST-01580,Business,Education,SMB,North America,2025-10-20,Control,0,0,19,1,442,0.7412,0.1231,6,4,1,0.5532,36,8915,2025-10
CUST-01581,Business,Professional Services,SMB,Europe,2026-02-05,Control,1,7,5,3,349,0.8661,0.1158,4,4,1,0.2837,59,7145,2026-02
CUST-01582,Starter,Financial Services,Mid-Market,APAC,2026-02-26,Treatment,0,0,12,3,391,0.7571,0.1222,3,4,0,0.4204,43,1489,2026-02
CUST-01583,Professional,Professional Services,SMB,North America,2026-02-09,Treatment,0,0,9,1,415,0.7254,0.1777,3,2,0,0.6468,34,2539,2026-02
CUST-01584,Starter,SaaS,SMB,APAC,2026-02-28,Control,1,2,7,7,276,0.9459,0.0676,5,5,1,0.1707,68,1039,2026-02
CUST-01585,Professional,E-commerce,Mid-Market,LATAM,2025-12-08,Control,0,0,11,0,369,0.7623,0.1644,2,5,1,0.5273,42,2829,2025-12
CUST-01586,Enterprise,SaaS,Enterprise,North America,2026-01-18,Control,1,6,26,15,319,0.7854,0.0924,4,6,1,0.1823,65,18867,2026-01
CUST-01587,Professional,SaaS,Mid-Market,Europe,2025-11-13,Control,0,0,11,0,282,0.7322,0.1623,5,3,0,0.4816,39,2773,2025-11
CUST-01588,Professional,Education,SMB,LATAM,2025-12-10,Control,1,5,12,4,376,0.8119,0.1171,5,7,0,0.1861,67,3333,2025-12
CUST-01589,Starter,Education,SMB,APAC,2026-02-12,Treatment,1,8,10,7,353,0.7673,0.1111,5,7,1,0.185,66,1073,2026-02
CUST-01590,Starter,E-commerce,SMB,North America,2026-01-15,Treatment,0,0,11,2,424,0.6956,0.1406,7,9,1,0.2202,50,1227,2026-01
CUST-01591,Starter,SaaS,SMB,APAC,2026-01-19,Control,0,0,5,0,429,0.7221,0.1613,3,5,1,0.519,38,1231,2026-01
CUST-01592,Starter,Financial Services,SMB,Europe,2026-01-13,Control,0,0,11,0,315,0.7714,0.175,3,10,1,0.2466,57,1110,2026-01
CUST-01593,Enterprise,E-commerce,Enterprise,North America,2025-12-26,Control,1,6,30,21,265,0.7456,0.1036,5,7,1,0.2338,68,17008,2025-12
CUST-01594,Professional,Professional Services,Mid-Market,North America,2025-12-28,Treatment,1,9,17,14,317,0.8566,0.1035,5,6,1,0.1124,68,2695,2025-12
CUST-01595,Business,Education,SMB,North America,2026-01-31,Control,0,0,9,1,414,0.7146,0.1615,3,5,1,0.3241,44,6500,2026-01
CUST-01596,Professional,Healthcare,SMB,North America,2025-11-30,Control,0,0,8,3,356,0.6441,0.1815,3,5,0,0.4256,40,2813,2025-11
CUST-01597,Starter,SaaS,SMB,North America,2025-10-19,Treatment,1,5,11,4,342,0.8524,0.1095,6,8,1,0.3022,67,1045,2025-10
CUST-01598,Starter,SaaS,SMB,North America,2026-02-08,Control,0,0,3,1,464,0.7559,0.1689,2,3,1,0.388,39,1032,2026-02
CUST-01599,Business,SaaS,Mid-Market,APAC,2026-02-21,Treatment,0,0,15,4,423,0.7769,0.1547,3,7,1,0.3877,48,9198,2026-02
CUST-01600,Starter,Healthcare,SMB,Europe,2026-02-13,Treatment,0,0,4,1,434,0.8197,0.2013,2,5,1,0.4366,45,1170,2026-02
CUST-01601,Business,SaaS,Mid-Market,North America,2026-01-18,Control,0,0,9,0,429,0.8777,0.1523,6,5,0,0.5564,38,7359,2026-01
CUST-01602,Starter,SaaS,SMB,North America,2025-11-02,Control,1,4,7,7,283,0.8178,0.0679,5,7,1,0.3709,60,1161,2025-11
CUST-01603,Professional,Healthcare,SMB,North America,2026-01-25,Treatment,0,0,7,2,431,0.7095,0.1524,1,5,0,0.3763,43,2827,2026-01
CUST-01604,Business,SaaS,Enterprise,North America,2025-12-07,Control,0,0,21,5,532,0.7217,0.1643,3,7,1,0.1155,56,5541,2025-12
CUST-01605,Starter,Professional Services,SMB,Europe,2025-10-27,Control,1,4,8,4,410,0.7831,0.0823,2,3,0,0.5026,50,1347,2025-10
CUST-01606,Starter,SaaS,SMB,North America,2025-10-04,Treatment,0,0,5,1,392,0.6876,0.1392,2,5,1,0.3376,43,1540,2025-10
CUST-01607,Enterprise,Education,Mid-Market,LATAM,2025-11-19,Treatment,1,6,14,11,270,0.8378,0.0872,3,2,0,0.4502,55,15082,2025-11
CUST-01608,Starter,SaaS,SMB,North America,2026-01-01,Treatment,1,4,12,9,316,0.6893,0.1181,3,6,1,0.3365,61,1218,2026-01
CUST-01609,Professional,SaaS,SMB,North America,2026-02-14,Control,1,8,9,6,403,0.8785,0.056,7,8,1,0.2349,67,3105,2026-02
CUST-01610,Professional,SaaS,SMB,APAC,2025-12-10,Control,0,0,12,3,428,0.76,0.1636,6,7,1,0.2113,53,2845,2025-12
CUST-01611,Starter,Financial Services,SMB,North America,2025-12-29,Control,0,0,17,0,353,0.8529,0.1319,3,4,1,0.5811,38,1119,2025-12
CUST-01612,Business,SaaS,SMB,North America,2026-01-20,Control,0,0,13,0,436,0.6627,0.1324,3,7,1,0.4439,41,7845,2026-01
CUST-01613,Business,E-commerce,SMB,North America,2026-02-08,Treatment,0,0,6,0,357,0.8466,0.1184,3,5,1,0.3884,39,6392,2026-02
CUST-01614,Professional,SaaS,Mid-Market,Europe,2025-10-02,Control,0,0,17,4,441,0.8075,0.16,3,3,1,0.5851,33,3332,2025-10
CUST-01615,Business,Education,Mid-Market,North America,2025-12-25,Control,0,0,17,1,439,0.6557,0.116,2,6,1,0.4173,42,7082,2025-12
CUST-01616,Starter,SaaS,SMB,APAC,2025-11-03,Control,0,0,10,1,457,0.6442,0.1633,7,7,1,0.2862,46,919,2025-11
CUST-01617,Starter,Healthcare,SMB,Europe,2025-11-20,Control,0,0,5,1,370,0.7585,0.1564,3,5,0,0.527,40,1053,2025-11
CUST-01618,Professional,Professional Services,SMB,APAC,2026-01-31,Control,0,0,12,2,438,0.7783,0.1711,3,4,0,0.5621,33,2882,2026-01
CUST-01619,Enterprise,SaaS,SMB,Europe,2025-11-24,Treatment,0,0,8,1,408,0.8197,0.1066,2,4,1,0.5044,40,17765,2025-11
CUST-01620,Starter,SaaS,SMB,Europe,2025-12-01,Control,1,4,6,5,378,0.7614,0.0474,5,7,1,0.2852,62,1411,2025-12
CUST-01621,Starter,Professional Services,Mid-Market,Europe,2026-01-31,Treatment,1,9,9,9,346,0.98,0.0797,4,10,1,0.0386,77,1321,2026-01
CUST-01622,Professional,Healthcare,SMB,North America,2025-12-25,Control,0,0,6,0,362,0.6419,0.1593,4,4,0,0.3899,41,3158,2025-12
CUST-01623,Business,SaaS,SMB,Europe,2026-01-02,Control,1,7,22,14,382,0.9051,0.1145,6,7,0,0.1759,69,8268,2026-01
CUST-01624,Starter,E-commerce,Mid-Market,Europe,2025-12-06,Treatment,0,0,5,1,422,0.5927,0.1557,2,5,0,0.6145,31,1112,2025-12
CUST-01625,Professional,SaaS,Mid-Market,North America,2025-10-07,Treatment,1,5,11,8,299,0.7491,0.0693,5,6,0,0.3755,58,3215,2025-10
CUST-01626,Business,Education,SMB,Europe,2025-10-09,Control,0,0,16,3,428,0.8025,0.1882,4,8,0,0.2324,51,8601,2025-10
CUST-01627,Professional,Financial Services,SMB,North America,2025-11-21,Control,0,0,10,0,439,0.8716,0.1441,3,2,0,0.5428,32,2711,2025-11
CUST-01628,Starter,Financial Services,Enterprise,Europe,2025-10-09,Treatment,0,0,8,3,348,0.8214,0.1224,2,5,0,0.386,48,1094,2025-10
CUST-01629,Starter,SaaS,SMB,North America,2025-11-13,Treatment,1,2,6,5,371,0.7987,0.0982,3,4,1,0.463,53,1133,2025-11
CUST-01630,Professional,Financial Services,Mid-Market,North America,2026-03-04,Control,0,0,15,0,376,0.6395,0.1603,4,7,1,0.373,44,2510,2026-03
CUST-01631,Professional,Financial Services,Mid-Market,North America,2026-02-14,Control,0,0,23,2,436,0.8336,0.1812,5,7,1,0.281,53,3486,2026-02
CUST-01632,Business,SaaS,SMB,North America,2025-10-12,Control,1,4,16,10,317,0.7976,0.0637,3,6,0,0.4096,56,7048,2025-10
CUST-01633,Professional,Education,SMB,North America,2026-02-25,Treatment,0,0,10,1,476,0.8477,0.1611,1,1,0,0.719,30,2465,2026-02
CUST-01634,Professional,Financial Services,SMB,North America,2026-01-28,Treatment,0,0,10,2,466,0.8235,0.143,3,3,1,0.4641,39,2263,2026-01
CUST-01635,Enterprise,Professional Services,SMB,Europe,2025-12-30,Control,0,0,17,3,442,0.7992,0.1662,3,6,1,0.3732,44,19258,2025-12
CUST-01636,Professional,SaaS,SMB,North America,2025-10-24,Control,0,0,11,3,498,0.6671,0.1423,3,6,1,0.2351,50,3399,2025-10
CUST-01637,Professional,SaaS,Mid-Market,LATAM,2026-01-02,Control,0,0,18,1,485,0.6719,0.1603,3,4,0,0.3853,41,2719,2026-01
CUST-01638,Enterprise,Financial Services,Mid-Market,APAC,2025-11-10,Treatment,0,0,20,1,458,0.8053,0.1888,2,1,1,0.5872,34,17370,2025-11
CUST-01639,Starter,Professional Services,Enterprise,North America,2025-12-22,Treatment,0,0,13,2,485,0.7449,0.1616,3,5,1,0.4723,44,1043,2025-12
CUST-01640,Business,Healthcare,Enterprise,North America,2025-11-11,Treatment,1,3,9,3,381,0.9636,0.0817,3,4,0,0.4414,53,7438,2025-11
CUST-01641,Business,SaaS,Mid-Market,North America,2026-01-25,Treatment,1,1,13,10,326,0.862,0.1253,3,5,1,0.3152,59,6850,2026-01
CUST-01642,Starter,Professional Services,SMB,North America,2025-12-21,Control,0,0,5,1,451,0.7753,0.1566,2,6,0,0.4966,41,1043,2025-12
CUST-01643,Professional,SaaS,SMB,North America,2026-01-14,Treatment,0,0,11,4,379,0.8574,0.1658,4,7,1,0.2028,54,3341,2026-01
CUST-01644,Starter,Healthcare,Mid-Market,Europe,2026-02-07,Control,1,6,7,4,423,0.7625,0.1111,6,10,1,0.0622,77,1254,2026-02
CUST-01645,Starter,Financial Services,Mid-Market,Europe,2026-02-14,Control,1,2,8,6,318,0.8554,0.0855,6,6,0,0.4597,57,1150,2026-02
CUST-01646,Professional,SaaS,SMB,North America,2026-01-09,Control,1,5,8,3,349,0.7454,0.0869,6,8,0,0.3036,64,3266,2026-01
CUST-01647,Starter,SaaS,Mid-Market,Europe,2025-10-30,Treatment,0,0,2,0,330,0.8057,0.1567,3,6,1,0.4257,46,1218,2025-10
CUST-01648,Business,SaaS,SMB,North America,2025-12-05,Control,1,8,11,6,311,0.9406,0.0978,5,7,1,0.2398,70,6835,2025-12
CUST-01649,Business,Education,SMB,APAC,2025-11-12,Control,0,0,17,3,416,0.7494,0.2204,6,7,0,0.1604,56,6693,2025-11
CUST-01650,Business,Healthcare,Mid-Market,LATAM,2025-11-09,Treatment,0,0,17,1,328,0.5992,0.1891,6,5,1,0.5442,41,8264,2025-11
CUST-01651,Starter,Financial Services,SMB,North America,2026-02-01,Treatment,0,0,10,2,342,0.8152,0.1854,4,3,1,0.3439,42,1216,2026-02
CUST-01652,Starter,Education,SMB,Europe,2025-12-09,Control,0,0,3,1,347,0.8552,0.1376,4,2,1,0.549,35,1162,2025-12
CUST-01653,Starter,Financial Services,Mid-Market,APAC,2026-02-28,Control,0,0,10,2,374,0.6749,0.1494,4,7,0,0.3469,46,1166,2026-02
CUST-01654,Starter,E-commerce,Mid-Market,North America,2026-03-09,Treatment,0,0,12,1,409,0.6809,0.1744,1,4,1,0.6549,34,1372,2026-03
CUST-01655,Enterprise,E-commerce,SMB,North America,2025-12-13,Control,0,0,5,1,505,0.8378,0.1133,2,4,0,0.5486,38,17430,2025-12
CUST-01656,Professional,Healthcare,Mid-Market,Europe,2025-11-16,Control,0,0,17,2,445,0.6606,0.1401,1,4,0,0.5053,39,2977,2025-11
CUST-01657,Starter,Financial Services,SMB,North America,2025-10-22,Control,1,8,6,3,345,0.7253,0.12,5,7,1,0.3407,61,1580,2025-10
CUST-01658,Business,Education,Mid-Market,North America,2025-10-25,Control,1,1,9,8,351,0.7425,0.1163,5,9,1,0.01,76,7485,2025-10
CUST-01659,Professional,Professional Services,SMB,Europe,2025-12-31,Treatment,0,0,7,1,371,0.6987,0.167,3,6,1,0.3211,45,3197,2025-12
CUST-01660,Starter,E-commerce,Enterprise,North America,2026-01-01,Treatment,0,0,13,1,453,0.7943,0.1777,4,8,1,0.4022,51,1313,2026-01
CUST-01661,Starter,Healthcare,Mid-Market,North America,2025-10-21,Control,0,0,11,0,441,0.7472,0.215,2,5,0,0.6056,38,976,2025-10
CUST-01662,Professional,Education,SMB,LATAM,2025-10-18,Treatment,0,0,18,3,368,0.811,0.1537,4,7,1,0.3551,49,2913,2025-10
CUST-01663,Business,SaaS,SMB,North America,2025-10-15,Treatment,0,0,18,2,423,0.7805,0.2137,4,7,1,0.3376,48,7398,2025-10
CUST-01664,Starter,Professional Services,SMB,North America,2025-12-12,Treatment,1,6,8,7,377,0.9227,0.1019,4,8,1,0.2538,68,896,2025-12
CUST-01665,Business,SaaS,Mid-Market,Europe,2026-01-06,Control,1,9,13,8,370,0.8986,0.0852,4,5,1,0.302,66,7791,2026-01
CUST-01666,Business,Financial Services,Mid-Market,North America,2025-10-03,Control,0,0,16,1,427,0.646,0.1958,3,8,1,0.2642,52,6035,2025-10
CUST-01667,Business,Professional Services,Mid-Market,Europe,2025-10-18,Treatment,0,0,18,3,430,0.707,0.1407,4,7,1,0.2865,50,10434,2025-10
CUST-01668,Starter,E-commerce,Mid-Market,Europe,2025-10-07,Treatment,0,0,10,2,514,0.8369,0.1614,3,6,0,0.3986,46,1321,2025-10
CUST-01669,Starter,SaaS,SMB,North America,2025-11-12,Control,1,5,7,3,448,0.8471,0.0846,5,7,0,0.3096,63,1078,2025-11
CUST-01670,Business,Professional Services,Mid-Market,North America,2025-10-02,Control,0,0,8,0,357,0.6926,0.1996,3,4,1,0.5286,40,9882,2025-10
CUST-01671,Starter,Healthcare,SMB,LATAM,2025-11-07,Control,1,2,5,4,374,0.7847,0.0806,5,7,1,0.1898,65,1378,2025-11
CUST-01672,Professional,Healthcare,Mid-Market,APAC,2025-11-03,Control,0,0,13,0,527,0.8041,0.1538,1,6,0,0.3415,49,3241,2025-11
CUST-01673,Business,E-commerce,SMB,North America,2026-03-06,Control,0,0,32,0,430,0.7051,0.1584,2,4,1,0.4478,45,7901,2026-03
CUST-01674,Starter,E-commerce,Mid-Market,North America,2025-12-23,Control,0,0,11,1,505,0.8253,0.1129,3,5,0,0.3098,47,1158,2025-12
CUST-01675,Business,Financial Services,SMB,North America,2025-11-05,Control,0,0,20,0,554,0.7177,0.1913,5,5,1,0.4922,39,7309,2025-11
CUST-01676,Enterprise,SaaS,SMB,APAC,2025-10-19,Treatment,1,1,13,9,311,0.9581,0.0892,5,6,1,0.3488,64,17201,2025-10
CUST-01677,Business,E-commerce,SMB,APAC,2026-01-19,Treatment,0,0,13,1,401,0.8273,0.1497,3,5,1,0.3593,48,9680,2026-01
CUST-01678,Professional,Education,Enterprise,North America,2026-02-12,Control,0,0,19,0,414,0.688,0.1807,1,5,0,0.4939,41,3310,2026-02
CUST-01679,Business,SaaS,SMB,APAC,2025-12-28,Control,1,7,15,11,287,0.8753,0.0844,6,8,0,0.3562,66,9245,2025-12
CUST-01680,Professional,E-commerce,SMB,North America,2025-12-24,Control,0,0,8,0,486,0.6232,0.169,3,3,0,0.6344,29,3076,2025-12
CUST-01681,Business,Financial Services,SMB,North America,2025-10-30,Control,0,0,16,1,425,0.7374,0.1378,5,5,1,0.5809,40,7065,2025-10
CUST-01682,Business,Education,SMB,Europe,2025-11-16,Treatment,1,8,11,9,263,0.8109,0.0737,6,6,0,0.4187,60,9321,2025-11
CUST-01683,Business,Financial Services,Mid-Market,North America,2025-12-10,Control,0,0,8,0,428,0.5959,0.1667,2,5,1,0.3415,44,9545,2025-12
CUST-01684,Starter,Professional Services,Enterprise,Europe,2025-10-07,Treatment,0,0,12,1,361,0.5903,0.1453,5,6,1,0.5153,39,1055,2025-10
CUST-01685,Starter,SaaS,Mid-Market,North America,2025-10-15,Control,0,0,13,0,409,0.8269,0.1202,4,6,0,0.3129,51,1193,2025-10
CUST-01686,Starter,Healthcare,Mid-Market,APAC,2025-12-14,Treatment,1,9,10,8,218,0.8078,0.1257,5,9,1,0.1061,70,1383,2025-12
CUST-01687,Professional,Education,SMB,LATAM,2025-10-24,Treatment,0,0,8,1,391,0.7431,0.1245,1,4,1,0.6535,35,2819,2025-10
CUST-01688,Professional,Education,SMB,North America,2025-10-03,Treatment,0,0,8,0,456,0.707,0.1814,3,4,0,0.3767,41,2949,2025-10
CUST-01689,Professional,E-commerce,Mid-Market,North America,2026-01-25,Treatment,1,3,10,5,353,0.9114,0.0852,5,5,0,0.3677,62,3538,2026-01
CUST-01690,Professional,E-commerce,Mid-Market,Europe,2026-01-13,Control,0,0,4,1,297,0.6103,0.1879,2,1,1,0.5863,29,3058,2026-01
CUST-01691,Business,E-commerce,SMB,North America,2025-12-17,Control,0,0,17,2,398,0.7977,0.1612,3,3,0,0.4262,40,7322,2025-12
CUST-01692,Business,SaaS,Mid-Market,APAC,2026-02-14,Control,0,0,13,1,394,0.8884,0.1573,3,6,1,0.3824,50,7960,2026-02
CUST-01693,Starter,Education,SMB,Europe,2026-02-05,Treatment,0,0,5,0,496,0.6658,0.1718,4,2,0,0.581,33,1318,2026-02
CUST-01694,Business,Professional Services,SMB,North America,2025-10-17,Treatment,1,9,23,17,381,0.7327,0.091,5,5,0,0.269,61,5428,2025-10
CUST-01695,Professional,E-commerce,SMB,APAC,2026-01-04,Control,0,0,9,1,390,0.7611,0.1656,3,5,1,0.4495,39,3911,2026-01
CUST-01696,Professional,Healthcare,Mid-Market,North America,2025-10-21,Treatment,0,0,28,2,339,0.7822,0.1577,4,10,1,0.1802,61,3104,2025-10
CUST-01697,Starter,Healthcare,Mid-Market,North America,2026-03-05,Control,0,0,8,2,391,0.6275,0.1821,2,2,0,0.5456,33,1357,2026-03
CUST-01698,Business,SaaS,SMB,North America,2026-01-04,Control,0,0,8,0,517,0.7015,0.1436,3,6,1,0.3391,48,8646,2026-01
CUST-01699,Enterprise,Professional Services,Mid-Market,Europe,2026-02-26,Treatment,1,3,23,14,387,0.9566,0.1253,8,8,1,0.0745,73,14193,2026-02
CUST-01700,Business,E-commerce,Mid-Market,LATAM,2025-12-16,Control,0,0,20,0,446,0.8832,0.1694,4,6,1,0.4747,47,5986,2025-12
CUST-01701,Business,SaaS,SMB,North America,2025-12-24,Control,0,0,15,1,269,0.717,0.1876,4,4,1,0.4177,42,8514,2025-12
CUST-01702,Enterprise,Financial Services,Mid-Market,North America,2025-11-25,Treatment,0,0,22,5,444,0.7656,0.1431,5,10,1,0.2878,56,18216,2025-11
CUST-01703,Professional,Education,SMB,North America,2025-12-31,Treatment,1,3,13,9,367,0.8356,0.1401,6,7,1,0.3386,62,2742,2025-12
CUST-01704,Professional,SaaS,SMB,Europe,2025-10-16,Treatment,1,9,14,7,376,0.5874,0.1055,5,8,1,0.2808,63,3598,2025-10
CUST-01705,Professional,E-commerce,SMB,North America,2025-11-01,Control,1,6,8,5,378,0.7498,0.1387,5,9,1,0.1937,65,2714,2025-11
CUST-01706,Enterprise,E-commerce,SMB,North America,2026-01-06,Control,0,0,20,2,414,0.751,0.1517,4,8,1,0.2423,52,15179,2026-01
CUST-01707,Starter,SaaS,SMB,North America,2025-10-28,Treatment,1,5,7,4,358,0.98,0.064,4,5,0,0.352,62,1193,2025-10
CUST-01708,Professional,E-commerce,SMB,North America,2025-10-25,Treatment,0,0,12,0,383,0.764,0.1569,2,1,0,0.6052,35,2620,2025-10
CUST-01709,Business,Financial Services,SMB,Europe,2026-01-14,Control,0,0,16,2,324,0.8468,0.1805,2,4,0,0.5653,39,7135,2026-01
CUST-01710,Starter,SaaS,Mid-Market,Europe,2025-12-17,Treatment,1,4,15,8,352,0.7949,0.1219,6,6,0,0.4215,55,1266,2025-12
CUST-01711,Business,SaaS,Mid-Market,North America,2025-10-11,Treatment,0,0,13,0,471,0.766,0.1461,1,4,0,0.6004,37,8643,2025-10
CUST-01712,Professional,Professional Services,SMB,North America,2025-12-30,Treatment,0,0,8,1,371,0.6532,0.1877,3,7,1,0.3633,45,3065,2025-12
CUST-01713,Enterprise,Healthcare,SMB,North America,2025-12-18,Treatment,1,2,4,4,394,0.7166,0.0997,4,3,0,0.2824,57,15499,2025-12
CUST-01714,Business,Financial Services,SMB,Europe,2026-02-09,Control,0,0,9,1,344,0.6393,0.1843,6,6,0,0.4529,41,6643,2026-02
CUST-01715,Starter,Financial Services,Mid-Market,North America,2025-11-11,Treatment,1,9,9,5,298,0.7742,0.0625,6,5,1,0.2474,63,1192,2025-11
CUST-01716,Business,Professional Services,Mid-Market,North America,2026-02-21,Control,1,9,13,7,349,0.8017,0.0713,5,12,1,0.01,80,6791,2026-02
CUST-01717,Professional,Professional Services,SMB,North America,2025-11-29,Control,1,4,6,5,407,0.7581,0.0578,4,7,0,0.3035,62,2686,2025-11
CUST-01718,Professional,Professional Services,Mid-Market,North America,2026-01-22,Control,0,0,9,1,322,0.5405,0.1598,3,2,1,0.5253,30,2709,2026-01
CUST-01719,Professional,Financial Services,Mid-Market,Europe,2025-11-22,Control,0,0,9,1,500,0.7817,0.185,1,3,1,0.4716,41,3110,2025-11
CUST-01720,Business,E-commerce,Enterprise,North America,2026-02-26,Treatment,1,6,17,13,473,0.7373,0.1222,4,6,0,0.3621,59,7896,2026-02
CUST-01721,Starter,Healthcare,SMB,North America,2025-11-06,Treatment,1,7,3,1,430,0.806,0.0735,4,3,0,0.3248,57,1177,2025-11
CUST-01722,Starter,Healthcare,SMB,Europe,2026-02-15,Control,0,0,2,0,381,0.6639,0.1712,2,3,1,0.5153,36,1380,2026-02
CUST-01723,Business,Healthcare,Mid-Market,North America,2025-11-28,Control,0,0,13,3,368,0.8028,0.1709,6,8,1,0.2562,51,8484,2025-11
CUST-01724,Professional,SaaS,SMB,North America,2025-11-10,Treatment,0,0,6,0,372,0.5819,0.1167,4,7,0,0.3126,46,2707,2025-11
CUST-01725,Professional,E-commerce,SMB,APAC,2025-11-19,Control,1,1,6,5,318,0.8742,0.0977,3,7,1,0.2441,68,3617,2025-11
CUST-01726,Starter,Healthcare,SMB,North America,2026-01-15,Control,0,0,7,2,379,0.685,0.1141,2,3,0,0.3749,41,925,2026-01
CUST-01727,Professional,SaaS,SMB,APAC,2025-12-19,Treatment,0,0,8,0,309,0.6939,0.1575,2,7,0,0.1193,48,3355,2025-12
CUST-01728,Business,Healthcare,Mid-Market,North America,2026-02-26,Treatment,1,8,7,6,373,0.8031,0.0738,4,3,1,0.5003,50,7726,2026-02
CUST-01729,Starter,Professional Services,Mid-Market,APAC,2025-12-17,Treatment,0,0,3,0,348,0.714,0.1749,3,2,1,0.5764,33,1148,2025-12
CUST-01730,Professional,Financial Services,SMB,APAC,2026-03-05,Control,0,0,15,1,358,0.8312,0.1779,6,10,1,0.3026,55,2879,2026-03
CUST-01731,Enterprise,Professional Services,Mid-Market,North America,2025-10-09,Treatment,0,0,16,0,368,0.7964,0.1945,4,5,0,0.3963,46,16679,2025-10
CUST-01732,Starter,E-commerce,SMB,North America,2025-11-26,Treatment,0,0,15,0,430,0.8261,0.1618,4,5,1,0.4486,42,1140,2025-11
CUST-01733,Business,Professional Services,Enterprise,Europe,2025-10-21,Treatment,0,0,18,0,471,0.7591,0.1682,6,6,0,0.3712,45,8149,2025-10
CUST-01734,Starter,Professional Services,SMB,North America,2025-10-20,Control,0,0,7,1,345,0.7084,0.1389,3,10,1,0.1622,59,929,2025-10
CUST-01735,Business,SaaS,Mid-Market,North America,2026-01-13,Treatment,0,0,10,2,463,0.7097,0.1449,2,3,0,0.4536,39,7152,2026-01
CUST-01736,Business,Education,Enterprise,LATAM,2025-12-16,Treatment,1,2,15,13,287,0.6712,0.0769,5,9,1,0.2319,65,7876,2025-12
CUST-01737,Business,SaaS,Mid-Market,Europe,2025-10-23,Control,0,0,12,2,358,0.871,0.1568,2,1,1,0.5648,34,7470,2025-10
CUST-01738,Starter,Financial Services,Mid-Market,LATAM,2026-02-18,Control,0,0,9,1,452,0.7085,0.2108,2,4,1,0.4683,39,1056,2026-02
CUST-01739,Professional,Professional Services,SMB,APAC,2026-01-08,Control,0,0,7,0,319,0.5766,0.1634,4,5,0,0.4804,38,2989,2026-01
CUST-01740,Business,Healthcare,Mid-Market,APAC,2026-01-05,Treatment,0,0,15,1,375,0.6366,0.1938,5,7,0,0.2874,48,7955,2026-01
CUST-01741,Starter,Financial Services,Mid-Market,Europe,2025-10-13,Control,0,0,6,1,348,0.5931,0.1749,3,6,1,0.3802,43,1258,2025-10
CUST-01742,Starter,Healthcare,SMB,Europe,2025-12-31,Treatment,1,1,4,4,325,0.741,0.1103,4,5,0,0.3106,55,1160,2025-12
CUST-01743,Starter,SaaS,Enterprise,APAC,2026-01-07,Control,0,0,14,2,362,0.7632,0.1648,3,6,1,0.3446,49,1292,2026-01
CUST-01744,Enterprise,SaaS,SMB,Europe,2025-10-09,Treatment,0,0,11,0,314,0.5786,0.1572,3,6,1,0.484,39,15236,2025-10
CUST-01745,Business,SaaS,SMB,North America,2025-12-26,Control,0,0,9,1,436,0.8242,0.1643,5,8,1,0.3259,51,7206,2025-12
CUST-01746,Professional,SaaS,Enterprise,Europe,2025-12-22,Treatment,0,0,14,0,429,0.6683,0.1404,1,5,1,0.4507,40,3337,2025-12
CUST-01747,Business,Financial Services,SMB,North America,2025-10-02,Treatment,0,0,22,3,449,0.7013,0.1453,4,8,1,0.4557,48,6653,2025-10
CUST-01748,Professional,E-commerce,SMB,LATAM,2026-01-12,Treatment,0,0,6,0,388,0.7126,0.1598,4,5,1,0.3865,42,3037,2026-01
CUST-01749,Professional,E-commerce,SMB,Europe,2025-11-29,Treatment,1,4,14,11,350,0.7107,0.0927,6,9,0,0.1753,66,2584,2025-11
CUST-01750,Professional,Financial Services,Mid-Market,Europe,2025-11-26,Treatment,1,4,17,15,397,0.8559,0.0397,7,6,0,0.3439,61,3353,2025-11
CUST-01751,Professional,SaaS,Mid-Market,North America,2025-12-04,Treatment,0,0,15,0,422,0.6059,0.1346,4,5,1,0.3162,43,3109,2025-12
CUST-01752,Starter,Healthcare,SMB,North America,2025-12-16,Control,0,0,8,2,443,0.8418,0.1751,6,6,0,0.3408,42,1405,2025-12
CUST-01753,Business,Professional Services,Mid-Market,North America,2026-01-15,Treatment,1,7,9,5,418,0.7137,0.1086,5,8,0,0.2866,67,8912,2026-01
CUST-01754,Business,Education,Mid-Market,Europe,2025-10-19,Control,0,0,13,0,412,0.7155,0.1192,3,3,1,0.3827,41,7588,2025-10
CUST-01755,Professional,E-commerce,Mid-Market,Europe,2025-10-30,Treatment,0,0,12,1,409,0.6637,0.1644,2,4,0,0.5031,40,2570,2025-10
CUST-01756,Professional,SaaS,Mid-Market,North America,2026-01-17,Treatment,0,0,4,1,391,0.806,0.2457,1,2,1,0.5217,37,2840,2026-01
CUST-01757,Starter,Professional Services,Enterprise,North America,2026-01-24,Treatment,0,0,15,0,415,0.6277,0.1885,3,10,1,0.0737,64,1120,2026-01
CUST-01758,Enterprise,Education,SMB,North America,2026-02-22,Control,0,0,9,1,372,0.8559,0.1307,3,6,0,0.3173,48,20248,2026-02
CUST-01759,Business,Healthcare,SMB,North America,2025-12-10,Control,1,1,8,5,387,0.9705,0.0941,5,6,1,0.4003,64,7910,2025-12
CUST-01760,Enterprise,SaaS,Mid-Market,APAC,2025-12-12,Treatment,0,0,14,1,415,0.6325,0.1652,3,5,0,0.2978,45,17509,2025-12
CUST-01761,Professional,SaaS,SMB,APAC,2025-11-16,Control,1,4,15,10,330,0.6474,0.085,6,6,1,0.3676,57,3630,2025-11
CUST-01762,Starter,Financial Services,SMB,Europe,2025-12-04,Treatment,0,0,4,0,431,0.6969,0.185,3,4,1,0.4981,36,1296,2025-12
CUST-01763,Starter,Education,SMB,North America,2025-11-02,Control,0,0,10,3,457,0.7305,0.1887,3,5,1,0.483,42,1246,2025-11
CUST-01764,Starter,Financial Services,SMB,North America,2025-10-29,Control,1,8,20,13,364,0.7809,0.0766,6,8,1,0.2811,66,1356,2025-10
CUST-01765,Starter,Healthcare,Enterprise,LATAM,2025-12-25,Treatment,0,0,8,0,414,0.6965,0.1759,3,7,1,0.321,43,957,2025-12
CUST-01766,Starter,Financial Services,SMB,LATAM,2025-11-13,Control,0,0,7,0,420,0.7741,0.1422,2,5,1,0.5015,39,1045,2025-11
CUST-01767,Enterprise,Professional Services,Mid-Market,North America,2025-11-25,Control,0,0,10,1,298,0.7726,0.1571,4,3,0,0.6778,33,16418,2025-11
CUST-01768,Starter,E-commerce,Mid-Market,Europe,2026-02-24,Control,1,4,8,6,340,0.6714,0.1302,4,5,1,0.3672,54,1356,2026-02
CUST-01769,Starter,Professional Services,SMB,North America,2026-01-24,Treatment,0,0,6,1,527,0.6611,0.1369,3,5,0,0.4829,37,1211,2026-01
CUST-01770,Business,Healthcare,SMB,North America,2026-03-02,Treatment,0,0,11,0,412,0.8258,0.1808,4,4,1,0.4283,43,7648,2026-03
CUST-01771,Professional,Healthcare,SMB,LATAM,2025-12-01,Treatment,1,3,10,8,306,0.8125,0.0578,6,6,1,0.203,65,2416,2025-12
CUST-01772,Business,Financial Services,SMB,LATAM,2026-02-02,Control,1,7,22,18,349,0.7966,0.075,6,7,0,0.3067,67,8658,2026-02
CUST-01773,Professional,E-commerce,SMB,LATAM,2025-11-05,Control,1,3,9,5,341,0.6986,0.0734,6,5,0,0.3875,54,3694,2025-11
CUST-01774,Business,Education,Mid-Market,North America,2025-11-19,Control,0,0,20,1,416,0.7799,0.1383,2,6,0,0.2324,54,6390,2025-11
CUST-01775,Professional,E-commerce,SMB,North America,2025-12-04,Control,0,0,6,0,420,0.72,0.1248,3,3,0,0.5956,34,2397,2025-12
CUST-01776,Professional,Healthcare,SMB,APAC,2025-11-22,Control,0,0,7,1,397,0.7199,0.1278,4,5,1,0.4691,40,3311,2025-11
CUST-01777,Business,Healthcare,SMB,Europe,2026-01-10,Control,0,0,9,0,459,0.7996,0.1145,3,2,0,0.6213,34,8442,2026-01
CUST-01778,Professional,E-commerce,SMB,North America,2025-12-14,Control,0,0,7,1,334,0.6371,0.1393,2,4,1,0.3838,41,2003,2025-12
CUST-01779,Professional,Healthcare,SMB,North America,2026-01-26,Treatment,0,0,17,2,420,0.8153,0.1369,2,6,1,0.4128,45,3193,2026-01
CUST-01780,Professional,Professional Services,Enterprise,North America,2026-01-15,Control,0,0,14,1,462,0.7457,0.1588,2,5,1,0.3135,48,2903,2026-01
CUST-01781,Starter,Healthcare,SMB,Europe,2026-01-30,Treatment,0,0,11,0,395,0.8141,0.1934,3,6,1,0.5067,41,1119,2026-01
CUST-01782,Business,Healthcare,SMB,APAC,2026-01-10,Control,1,3,12,7,414,0.7788,0.1022,4,7,1,0.3319,61,6270,2026-01
CUST-01783,Starter,Financial Services,Mid-Market,North America,2025-11-15,Treatment,0,0,9,1,390,0.8241,0.1679,4,3,1,0.4539,41,1241,2025-11
CUST-01784,Starter,SaaS,Mid-Market,North America,2025-12-24,Treatment,0,0,14,0,350,0.4956,0.1422,2,5,1,0.2704,47,1113,2025-12
CUST-01785,Starter,Financial Services,Mid-Market,North America,2026-02-24,Treatment,0,0,12,0,305,0.6113,0.1714,4,5,1,0.3228,46,1157,2026-02
CUST-01786,Business,E-commerce,SMB,Europe,2025-10-10,Treatment,1,4,6,6,315,0.7276,0.1048,5,5,0,0.3552,58,9590,2025-10
CUST-01787,Professional,E-commerce,Mid-Market,North America,2026-01-16,Control,0,0,8,0,393,0.6609,0.1442,3,4,0,0.5084,36,3737,2026-01
CUST-01788,Professional,Financial Services,SMB,North America,2025-11-01,Control,1,2,10,5,497,0.8895,0.1163,4,6,1,0.4031,60,3412,2025-11
CUST-01789,Business,Professional Services,Mid-Market,Europe,2025-11-13,Treatment,1,7,25,21,352,0.6459,0.0811,5,9,1,0.1165,71,6801,2025-11
CUST-01790,Starter,Professional Services,SMB,North America,2026-03-05,Treatment,0,0,12,1,373,0.793,0.1516,3,5,1,0.4806,46,1120,2026-03
CUST-01791,Business,Healthcare,Mid-Market,Europe,2025-12-06,Treatment,0,0,27,1,437,0.7201,0.1688,5,7,1,0.423,49,7402,2025-12
CUST-01792,Starter,Healthcare,Mid-Market,Europe,2026-02-24,Control,0,0,3,0,389,0.6313,0.1273,2,2,1,0.6773,30,1368,2026-02
CUST-01793,Starter,Financial Services,Mid-Market,North America,2025-10-19,Treatment,0,0,17,1,463,0.8618,0.1461,2,5,1,0.346,49,1030,2025-10
CUST-01794,Professional,Financial Services,SMB,Europe,2026-02-14,Treatment,0,0,5,0,495,0.6133,0.156,1,1,1,0.5038,31,2754,2026-02
CUST-01795,Business,Financial Services,Mid-Market,Europe,2025-11-11,Control,0,0,12,1,413,0.7935,0.1438,3,7,1,0.1726,50,7666,2025-11
CUST-01796,Starter,E-commerce,Mid-Market,Europe,2025-11-18,Control,0,0,25,0,312,0.8269,0.1718,6,8,0,0.2866,52,1157,2025-11
CUST-01797,Professional,Professional Services,SMB,Europe,2026-02-22,Treatment,0,0,10,3,384,0.5718,0.1395,3,7,0,0.308,47,2711,2026-02
CUST-01798,Starter,SaaS,SMB,North America,2025-12-27,Treatment,0,0,9,2,386,0.6381,0.1447,4,3,1,0.6163,34,1231,2025-12
CUST-01799,Professional,E-commerce,SMB,North America,2025-12-28,Control,1,6,8,7,442,0.9096,0.1121,3,6,1,0.2962,62,2583,2025-12
CUST-01800,Professional,SaaS,SMB,North America,2026-01-02,Control,0,0,19,3,423,0.7355,0.159,3,6,1,0.3427,47,2935,2026-01
CUST-01801,Professional,Healthcare,Mid-Market,North America,2026-01-31,Treatment,0,0,16,2,380,0.7751,0.1773,5,8,1,0.2824,54,2501,2026-01
CUST-01802,Professional,Financial Services,SMB,North America,2025-12-23,Treatment,0,0,7,0,487,0.7278,0.1734,2,6,0,0.4154,39,3277,2025-12
CUST-01803,Starter,E-commerce,Mid-Market,North America,2025-10-26,Treatment,0,0,3,1,385,0.7843,0.2034,3,2,1,0.5249,37,969,2025-10
CUST-01804,Professional,Healthcare,Mid-Market,Europe,2025-10-15,Control,0,0,19,1,399,0.6254,0.1477,6,7,0,0.3247,51,2444,2025-10
CUST-01805,Professional,Education,Mid-Market,North America,2025-12-13,Control,0,0,8,1,374,0.7817,0.1277,3,3,1,0.5466,39,2723,2025-12
CUST-01806,Professional,Professional Services,Mid-Market,APAC,2026-01-30,Treatment,1,2,15,12,418,0.789,0.0486,6,7,0,0.2626,65,2483,2026-01
CUST-01807,Starter,E-commerce,Mid-Market,Europe,2025-11-27,Control,0,0,14,1,375,0.7054,0.1443,3,3,1,0.606,33,1156,2025-11
CUST-01808,Professional,Education,SMB,North America,2026-01-11,Control,0,0,9,2,431,0.6135,0.1859,2,2,0,0.5152,35,2813,2026-01
CUST-01809,Professional,E-commerce,SMB,Europe,2025-10-14,Treatment,0,0,3,0,432,0.5981,0.1755,4,5,0,0.5071,38,3142,2025-10
CUST-01810,Starter,Professional Services,Mid-Market,North America,2026-02-06,Control,0,0,15,2,404,0.711,0.1548,5,7,1,0.433,46,1141,2026-02
CUST-01811,Starter,SaaS,Enterprise,LATAM,2025-11-30,Treatment,1,2,14,11,405,0.9006,0.1434,5,6,1,0.1903,69,1253,2025-11
CUST-01812,Professional,Healthcare,SMB,LATAM,2025-11-01,Control,0,0,9,0,495,0.7384,0.1272,4,4,1,0.4242,40,2916,2025-11
CUST-01813,Business,Healthcare,Enterprise,APAC,2026-02-09,Treatment,0,0,22,0,342,0.6444,0.1842,5,6,0,0.3545,45,9981,2026-02
CUST-01814,Starter,SaaS,Enterprise,Europe,2025-11-24,Treatment,0,0,13,3,385,0.7083,0.1458,4,6,0,0.4326,44,1024,2025-11
CUST-01815,Business,E-commerce,SMB,APAC,2026-03-07,Treatment,0,0,19,3,385,0.7002,0.2036,3,6,0,0.3875,46,6187,2026-03
CUST-01816,Professional,SaaS,Mid-Market,Europe,2026-02-06,Treatment,0,0,10,0,416,0.6565,0.1497,3,7,1,0.3522,45,2995,2026-02
CUST-01817,Business,Financial Services,Mid-Market,APAC,2025-12-31,Control,0,0,15,5,355,0.7558,0.1868,4,5,0,0.5921,36,6498,2025-12
CUST-01818,Professional,SaaS,SMB,North America,2025-10-06,Treatment,1,1,7,5,307,0.725,0.0848,6,5,1,0.568,53,2918,2025-10
CUST-01819,Professional,SaaS,SMB,APAC,2026-02-25,Control,0,0,12,1,398,0.6678,0.223,4,5,1,0.4962,42,3449,2026-02
CUST-01820,Professional,Education,SMB,Europe,2025-11-20,Treatment,0,0,4,0,466,0.635,0.1656,3,3,1,0.5624,37,3119,2025-11
CUST-01821,Enterprise,Financial Services,Mid-Market,North America,2026-01-21,Control,0,0,23,7,377,0.6869,0.16,4,7,1,0.3305,51,17462,2026-01
CUST-01822,Professional,Education,SMB,LATAM,2026-01-18,Treatment,0,0,11,1,427,0.8454,0.1683,3,2,1,0.5919,38,2780,2026-01
CUST-01823,Professional,E-commerce,Mid-Market,Europe,2025-12-31,Control,0,0,24,3,485,0.6662,0.1773,4,6,1,0.409,43,2754,2025-12
CUST-01824,Professional,SaaS,Mid-Market,APAC,2025-10-15,Control,0,0,24,3,410,0.6844,0.2001,4,8,1,0.3316,53,3318,2025-10
CUST-01825,Business,Financial Services,Mid-Market,North America,2025-12-24,Control,0,0,6,0,464,0.7868,0.1968,4,4,1,0.4459,42,6194,2025-12
CUST-01826,Starter,E-commerce,SMB,Europe,2026-02-08,Control,0,0,3,0,470,0.8061,0.1103,3,6,1,0.385,48,1230,2026-02
CUST-01827,Professional,SaaS,SMB,Europe,2026-01-15,Control,0,0,11,1,472,0.6825,0.1532,2,3,1,0.5581,34,2864,2026-01
CUST-01828,Professional,Education,SMB,North America,2026-02-03,Control,0,0,14,2,514,0.8234,0.1443,4,9,1,0.1463,58,2737,2026-02
CUST-01829,Enterprise,Financial Services,SMB,Europe,2026-02-04,Treatment,1,1,14,13,338,0.7494,0.109,6,5,1,0.3348,58,15499,2026-02
CUST-01830,Professional,Professional Services,SMB,Europe,2025-10-13,Control,0,0,5,0,460,0.7775,0.1455,3,4,0,0.5734,38,2869,2025-10
CUST-01831,Professional,E-commerce,SMB,North America,2025-11-26,Control,0,0,16,1,418,0.7173,0.21,3,3,0,0.544,34,3165,2025-11
CUST-01832,Enterprise,Financial Services,SMB,Europe,2025-12-23,Treatment,0,0,22,0,437,0.7828,0.1388,3,3,0,0.5487,38,16297,2025-12
CUST-01833,Professional,SaaS,Mid-Market,North America,2026-03-08,Treatment,1,1,16,8,397,0.8516,0.053,6,11,1,0.1337,74,2665,2026-03
CUST-01834,Starter,Education,SMB,APAC,2026-01-31,Control,0,0,9,1,468,0.718,0.1645,5,7,1,0.461,45,1387,2026-01
CUST-01835,Starter,Healthcare,SMB,APAC,2025-12-31,Control,1,3,7,7,316,0.8453,0.1089,5,6,0,0.2755,60,1424,2025-12
CUST-01836,Starter,SaaS,Mid-Market,North America,2026-01-18,Control,0,0,8,0,432,0.7861,0.1352,4,8,0,0.291,50,1237,2026-01
CUST-01837,Starter,SaaS,SMB,North America,2025-10-29,Treatment,1,7,9,7,288,0.6738,0.1217,4,4,1,0.1837,60,1348,2025-10
CUST-01838,Professional,Financial Services,Enterprise,North America,2026-01-13,Treatment,1,3,14,13,301,0.7335,0.0742,4,7,0,0.1887,66,2986,2026-01
CUST-01839,Business,Education,Mid-Market,North America,2025-12-22,Treatment,0,0,14,1,373,0.7966,0.1512,2,3,1,0.6004,36,6681,2025-12
CUST-01840,Business,Education,SMB,APAC,2025-10-09,Treatment,1,5,16,11,394,0.6499,0.0929,4,3,1,0.2954,54,8100,2025-10
CUST-01841,Starter,Financial Services,Enterprise,North America,2026-02-03,Treatment,0,0,7,0,433,0.633,0.1456,1,4,1,0.3923,39,1192,2026-02
CUST-01842,Professional,Education,Mid-Market,North America,2026-02-24,Treatment,1,2,24,14,445,0.9272,0.139,8,12,1,0.1095,77,3050,2026-02
CUST-01843,Starter,Professional Services,Mid-Market,North America,2025-12-26,Treatment,0,0,7,1,455,0.694,0.1274,2,5,1,0.4038,42,1184,2025-12
CUST-01844,Enterprise,Healthcare,SMB,Europe,2025-12-21,Treatment,0,0,16,0,409,0.7648,0.1228,4,6,0,0.3385,47,17856,2025-12
CUST-01845,Starter,Financial Services,SMB,APAC,2025-10-06,Treatment,0,0,10,0,576,0.7566,0.1417,3,5,0,0.4505,42,1179,2025-10
CUST-01846,Professional,SaaS,SMB,North America,2026-01-29,Treatment,1,2,12,8,374,0.8403,0.0611,4,4,1,0.5788,50,3009,2026-01
CUST-01847,Professional,SaaS,Mid-Market,North America,2025-11-30,Control,1,7,3,2,296,0.7633,0.0501,4,6,0,0.3829,53,3308,2025-11
CUST-01848,Professional,Healthcare,SMB,North America,2026-01-16,Control,0,0,14,5,315,0.6959,0.1663,3,3,0,0.4835,39,3765,2026-01
CUST-01849,Professional,SaaS,SMB,North America,2026-01-17,Control,0,0,18,0,448,0.8963,0.1305,1,2,0,0.543,37,2909,2026-01
CUST-01850,Business,Education,SMB,North America,2025-10-15,Control,1,3,9,6,279,0.6983,0.0865,4,5,0,0.433,54,9632,2025-10
CUST-01851,Starter,Education,SMB,Europe,2026-02-10,Treatment,0,0,4,0,420,0.6689,0.1476,4,4,1,0.3769,41,1372,2026-02
CUST-01852,Business,Healthcare,SMB,Europe,2026-02-19,Treatment,1,9,11,6,354,0.7113,0.1242,2,5,1,0.4215,57,7920,2026-02
CUST-01853,Professional,Financial Services,SMB,North America,2025-11-11,Control,0,0,15,3,501,0.7084,0.1284,2,4,1,0.54,36,3299,2025-11
CUST-01854,Business,Healthcare,Enterprise,Europe,2026-03-09,Control,0,0,13,0,346,0.6502,0.1708,1,5,1,0.4844,42,9237,2026-03
CUST-01855,Business,SaaS,SMB,APAC,2025-10-26,Control,0,0,11,0,465,0.8257,0.1584,1,4,0,0.4865,44,7338,2025-10
CUST-01856,Enterprise,Healthcare,SMB,North America,2025-10-14,Treatment,1,4,17,14,333,0.9562,0.0729,4,6,0,0.4668,57,12680,2025-10
CUST-01857,Starter,SaaS,SMB,North America,2025-10-16,Treatment,0,0,9,0,386,0.7212,0.1574,1,2,0,0.5083,37,1004,2025-10
CUST-01858,Starter,Healthcare,SMB,Europe,2025-10-30,Control,1,8,10,8,439,0.7225,0.1,5,6,1,0.2559,63,1074,2025-10
CUST-01859,Starter,SaaS,Mid-Market,North America,2026-02-05,Control,0,0,10,0,382,0.8699,0.1219,4,5,0,0.3986,46,1294,2026-02
CUST-01860,Starter,SaaS,SMB,APAC,2025-11-28,Treatment,0,0,6,1,350,0.6632,0.1642,3,4,1,0.3714,38,1188,2025-11
CUST-01861,Professional,SaaS,Enterprise,APAC,2026-01-04,Treatment,0,0,20,0,384,0.7416,0.1605,4,8,1,0.1241,53,3717,2026-01
CUST-01862,Enterprise,Education,Enterprise,APAC,2025-12-20,Treatment,1,9,19,16,295,0.8583,0.1103,3,5,0,0.4423,57,17853,2025-12
CUST-01863,Enterprise,SaaS,Mid-Market,North America,2025-10-13,Control,0,0,14,0,326,0.6703,0.1708,5,6,1,0.4926,42,16151,2025-10
CUST-01864,Professional,Healthcare,Mid-Market,North America,2026-01-08,Control,0,0,11,1,361,0.6902,0.2011,4,8,1,0.2089,55,2995,2026-01
CUST-01865,Professional,E-commerce,SMB,APAC,2026-03-05,Treatment,1,9,17,15,259,0.952,0.1177,4,6,1,0.3923,62,2880,2026-03
CUST-01866,Business,Healthcare,Mid-Market,North America,2026-01-17,Control,0,0,20,3,352,0.7457,0.1544,3,7,1,0.3777,48,7223,2026-01
CUST-01867,Enterprise,E-commerce,SMB,North America,2025-12-25,Treatment,0,0,29,4,351,0.7881,0.195,6,7,1,0.2881,54,16161,2025-12
CUST-01868,Starter,SaaS,Mid-Market,Europe,2025-12-29,Treatment,1,9,16,10,380,0.869,0.095,7,11,1,0.2881,71,1016,2025-12
CUST-01869,Professional,Financial Services,SMB,North America,2026-03-05,Control,0,0,15,0,339,0.758,0.1867,2,3,1,0.5346,36,2494,2026-03
CUST-01870,Business,E-commerce,SMB,Europe,2025-10-19,Control,0,0,7,0,443,0.8045,0.1583,1,4,1,0.5487,39,7357,2025-10
CUST-01871,Starter,Financial Services,SMB,LATAM,2025-11-20,Treatment,0,0,5,1,279,0.7673,0.1696,5,8,0,0.2762,51,1224,2025-11
CUST-01872,Professional,E-commerce,Mid-Market,Europe,2026-01-01,Treatment,0,0,5,0,359,0.7132,0.1159,1,7,1,0.2924,49,2931,2026-01
CUST-01873,Enterprise,E-commerce,Mid-Market,North America,2026-01-03,Control,1,6,12,6,364,0.98,0.0952,2,5,1,0.4431,60,14879,2026-01
CUST-01874,Enterprise,Healthcare,SMB,LATAM,2025-12-02,Treatment,0,0,13,0,388,0.702,0.1749,3,4,0,0.4768,39,18801,2025-12
CUST-01875,Business,SaaS,SMB,Europe,2026-02-05,Control,1,9,9,4,383,0.7735,0.1051,6,4,1,0.5415,50,8147,2026-02
CUST-01876,Business,E-commerce,SMB,North America,2025-10-07,Treatment,0,0,14,0,336,0.8354,0.1172,3,5,0,0.6579,36,7385,2025-10
CUST-01877,Starter,SaaS,Mid-Market,Europe,2025-12-22,Treatment,0,0,21,4,501,0.7878,0.1506,3,7,1,0.2304,49,1107,2025-12
CUST-01878,Professional,Healthcare,SMB,North America,2025-10-31,Control,0,0,7,1,490,0.6921,0.1401,2,6,1,0.4622,41,2696,2025-10
CUST-01879,Professional,Financial Services,SMB,North America,2025-12-27,Treatment,0,0,8,0,267,0.6861,0.1589,3,4,1,0.4957,38,3287,2025-12
CUST-01880,Professional,SaaS,Mid-Market,Europe,2025-12-03,Treatment,1,1,9,6,398,0.8051,0.0362,5,5,0,0.2669,59,2693,2025-12
CUST-01881,Professional,SaaS,Mid-Market,North America,2026-01-25,Treatment,1,8,19,10,353,0.8304,0.0717,5,8,0,0.3085,64,3536,2026-01
CUST-01882,Professional,Financial Services,Mid-Market,North America,2025-11-09,Control,0,0,16,3,390,0.7256,0.1619,2,2,0,0.4804,39,3235,2025-11
CUST-01883,Professional,Healthcare,Mid-Market,Europe,2025-12-30,Treatment,1,6,7,5,357,0.7641,0.0783,6,7,1,0.191,64,2933,2025-12
CUST-01884,Business,Professional Services,Enterprise,North America,2026-02-04,Treatment,0,0,17,2,358,0.7799,0.2021,1,5,0,0.4495,43,6861,2026-02
CUST-01885,Professional,Education,SMB,North America,2025-11-26,Control,0,0,5,1,391,0.731,0.1507,3,5,1,0.3619,43,3150,2025-11
CUST-01886,Professional,Education,SMB,North America,2025-12-22,Control,1,2,16,13,436,0.8765,0.0881,4,7,1,0.285,64,2907,2025-12
CUST-01887,Starter,E-commerce,Enterprise,Europe,2026-01-13,Treatment,0,0,13,2,499,0.7381,0.1172,4,4,1,0.4836,38,1136,2026-01
CUST-01888,Starter,SaaS,SMB,APAC,2025-11-11,Treatment,0,0,11,1,397,0.6052,0.1348,1,4,0,0.6461,32,1117,2025-11
CUST-01889,Business,Financial Services,Mid-Market,North America,2025-10-24,Control,1,4,28,17,276,0.8457,0.1109,3,5,1,0.6071,53,7724,2025-10
CUST-01890,Professional,Financial Services,SMB,Europe,2025-11-14,Treatment,0,0,11,3,377,0.8049,0.1449,4,7,1,0.3703,49,2757,2025-11
CUST-01891,Starter,Financial Services,SMB,North America,2026-01-02,Control,0,0,2,0,393,0.7586,0.157,3,5,1,0.5183,36,1212,2026-01
CUST-01892,Business,Healthcare,SMB,North America,2025-12-23,Treatment,1,8,10,8,434,0.6804,0.0763,4,3,1,0.4369,52,8538,2025-12
CUST-01893,Professional,SaaS,Mid-Market,North America,2025-12-04,Control,0,0,6,1,333,0.7505,0.177,3,3,1,0.5717,36,2785,2025-12
CUST-01894,Starter,SaaS,Mid-Market,North America,2025-11-28,Control,1,5,8,7,248,0.77,0.0599,4,7,1,0.3155,61,1063,2025-11
CUST-01895,Starter,SaaS,SMB,North America,2025-12-25,Treatment,1,4,9,6,326,0.8125,0.0751,7,6,0,0.3289,58,1507,2025-12
CUST-01896,Starter,SaaS,SMB,Europe,2026-01-12,Treatment,0,0,2,0,446,0.7675,0.1705,4,5,0,0.6609,35,1167,2026-01
CUST-01897,Professional,Education,SMB,APAC,2026-02-10,Control,0,0,10,1,351,0.7084,0.1516,1,5,1,0.3771,43,3283,2026-02
CUST-01898,Starter,SaaS,SMB,LATAM,2026-01-22,Treatment,1,3,5,4,345,0.8586,0.0414,3,5,1,0.3306,60,1179,2026-01
CUST-01899,Starter,Financial Services,SMB,LATAM,2026-02-13,Treatment,0,0,4,1,435,0.7665,0.1577,3,8,1,0.3476,47,1150,2026-02
CUST-01900,Starter,Education,Enterprise,North America,2025-11-24,Treatment,0,0,10,2,311,0.7565,0.1174,1,5,0,0.4765,44,1330,2025-11
CUST-01901,Professional,Healthcare,SMB,North America,2025-11-09,Control,0,0,5,1,391,0.6995,0.1582,2,6,1,0.5397,40,3471,2025-11
CUST-01902,Starter,E-commerce,SMB,North America,2026-01-10,Control,0,0,6,1,411,0.808,0.1808,1,4,0,0.5993,35,1046,2026-01
CUST-01903,Business,Financial Services,SMB,North America,2025-10-03,Treatment,0,0,9,3,422,0.8461,0.1446,4,7,1,0.2953,54,5773,2025-10
CUST-01904,Starter,Healthcare,SMB,APAC,2026-02-01,Treatment,1,4,6,3,354,0.8075,0.1148,5,5,1,0.4895,52,1293,2026-02
CUST-01905,Professional,E-commerce,SMB,North America,2025-12-18,Control,0,0,16,1,489,0.6904,0.1762,5,5,0,0.6065,37,3513,2025-12
CUST-01906,Professional,Professional Services,Mid-Market,North America,2025-10-14,Control,0,0,12,2,370,0.6967,0.1802,3,5,1,0.4844,39,3001,2025-10
CUST-01907,Professional,Professional Services,Mid-Market,North America,2026-01-29,Control,1,8,24,19,396,0.8727,0.0474,4,7,0,0.2571,68,2886,2026-01
CUST-01908,Starter,Professional Services,Mid-Market,APAC,2025-12-31,Control,0,0,8,3,446,0.7374,0.1524,2,3,1,0.514,35,1204,2025-12
CUST-01909,Business,Education,SMB,North America,2025-11-11,Treatment,0,0,10,2,255,0.7104,0.1752,2,3,0,0.3467,39,8325,2025-11
CUST-01910,Business,Healthcare,Mid-Market,Europe,2026-02-05,Control,1,2,24,20,434,0.7504,0.0756,5,4,1,0.2957,60,8020,2026-02
CUST-01911,Starter,Professional Services,Enterprise,North America,2025-10-22,Treatment,0,0,9,1,342,0.7609,0.1147,3,4,1,0.477,39,1069,2025-10
CUST-01912,Starter,Financial Services,Mid-Market,North America,2026-01-26,Treatment,0,0,16,3,372,0.7787,0.1843,6,7,1,0.3357,48,1027,2026-01
CUST-01913,Business,Financial Services,Enterprise,North America,2026-02-23,Control,1,4,11,8,419,0.8037,0.1119,4,7,1,0.3434,66,6174,2026-02
CUST-01914,Professional,Professional Services,SMB,Europe,2026-03-01,Treatment,0,0,7,0,385,0.7515,0.1929,4,7,0,0.3044,51,3036,2026-03
CUST-01915,Starter,Professional Services,Enterprise,Europe,2026-02-17,Control,0,0,27,3,396,0.7694,0.1116,3,6,0,0.4851,44,1442,2026-02
CUST-01916,Starter,Education,Mid-Market,North America,2025-11-04,Control,1,1,13,8,417,0.8833,0.0838,4,8,1,0.1728,71,903,2025-11
CUST-01917,Professional,Healthcare,Mid-Market,North America,2026-01-26,Control,0,0,16,0,418,0.6594,0.148,2,3,1,0.5643,35,2671,2026-01
CUST-01918,Business,Financial Services,Mid-Market,North America,2025-12-13,Treatment,1,4,27,14,316,0.7524,0.064,5,9,0,0.2555,70,8416,2025-12
CUST-01919,Professional,Healthcare,Enterprise,North America,2026-02-14,Control,0,0,22,0,475,0.6974,0.1631,6,6,1,0.3145,49,2713,2026-02
CUST-01920,Enterprise,Financial Services,SMB,North America,2025-12-23,Treatment,1,3,15,13,367,0.8369,0.0967,3,8,1,0.2624,65,17246,2025-12
CUST-01921,Professional,Professional Services,Mid-Market,North America,2025-11-22,Control,0,0,19,1,319,0.6924,0.1518,5,7,1,0.2363,52,2747,2025-11
CUST-01922,Starter,Professional Services,Mid-Market,Europe,2025-10-25,Control,0,0,5,0,402,0.707,0.2,2,4,0,0.4984,35,1052,2025-10
CUST-01923,Professional,E-commerce,Mid-Market,APAC,2025-11-18,Treatment,0,0,8,0,427,0.787,0.109,3,4,1,0.4241,40,3190,2025-11
CUST-01924,Professional,E-commerce,Mid-Market,Europe,2025-11-02,Treatment,0,0,8,0,387,0.6137,0.1698,2,4,0,0.6159,33,2577,2025-11
CUST-01925,Starter,Healthcare,SMB,Europe,2026-02-26,Treatment,0,0,3,1,300,0.6662,0.1262,1,1,0,0.6729,28,1177,2026-02
CUST-01926,Starter,SaaS,SMB,LATAM,2026-01-22,Control,1,5,12,11,269,0.7547,0.0918,6,8,1,0.2048,69,1175,2026-01
CUST-01927,Professional,SaaS,SMB,LATAM,2026-03-05,Control,1,7,3,1,353,0.9094,0.1,5,4,0,0.488,50,3725,2026-03
CUST-01928,Business,Education,Mid-Market,North America,2026-02-09,Control,0,0,9,0,429,0.7356,0.1921,3,4,1,0.6362,34,6925,2026-02
CUST-01929,Starter,Healthcare,Mid-Market,North America,2025-12-22,Treatment,1,9,5,5,410,0.8274,0.0819,5,4,0,0.3267,58,1115,2025-12
CUST-01930,Professional,Education,Mid-Market,North America,2025-10-17,Treatment,0,0,15,0,332,0.6624,0.1632,4,4,1,0.4886,37,3238,2025-10
CUST-01931,Professional,SaaS,Mid-Market,APAC,2025-10-23,Control,0,0,16,1,372,0.69,0.1028,5,5,0,0.3982,42,3118,2025-10
CUST-01932,Professional,Professional Services,Mid-Market,North America,2025-11-07,Treatment,0,0,16,7,262,0.5235,0.1879,2,6,1,0.2594,45,2736,2025-11
CUST-01933,Business,Financial Services,SMB,North America,2026-01-24,Treatment,1,6,6,4,364,0.8135,0.104,4,5,1,0.2734,60,6917,2026-01
CUST-01934,Business,Financial Services,Mid-Market,North America,2026-01-24,Control,0,0,11,1,485,0.6751,0.1633,5,6,1,0.426,40,6724,2026-01
CUST-01935,Business,Financial Services,Mid-Market,Europe,2026-02-03,Control,0,0,17,3,452,0.5994,0.1633,4,2,1,0.5426,32,7234,2026-02
CUST-01936,Starter,Financial Services,Mid-Market,Europe,2025-10-05,Treatment,0,0,15,0,394,0.7529,0.1429,4,4,0,0.5099,41,1260,2025-10
CUST-01937,Professional,Education,Enterprise,Europe,2026-02-03,Control,0,0,13,5,363,0.654,0.1479,7,8,0,0.3446,50,2711,2026-02
CUST-01938,Professional,E-commerce,Enterprise,Europe,2025-11-21,Control,0,0,6,1,378,0.7363,0.1411,1,5,1,0.5172,40,2771,2025-11
CUST-01939,Starter,SaaS,SMB,APAC,2025-12-18,Control,0,0,5,1,380,0.7512,0.1372,1,1,1,0.5558,32,1428,2025-12
CUST-01940,Starter,Healthcare,Mid-Market,North America,2026-02-11,Treatment,0,0,5,0,410,0.9504,0.164,1,6,0,0.3951,46,1171,2026-02
CUST-01941,Starter,Financial Services,SMB,APAC,2025-11-23,Treatment,0,0,7,0,388,0.6971,0.1949,4,5,1,0.4679,42,1312,2025-11
CUST-01942,Professional,E-commerce,SMB,Europe,2026-01-31,Treatment,0,0,8,3,383,0.7436,0.1479,2,4,0,0.3981,39,3080,2026-01
CUST-01943,Professional,E-commerce,SMB,North America,2025-11-15,Control,0,0,9,0,346,0.7245,0.1629,3,4,1,0.3379,40,2971,2025-11
CUST-01944,Starter,Financial Services,SMB,LATAM,2025-12-02,Treatment,1,1,14,9,388,0.7472,0.0852,6,9,1,0.2475,64,1341,2025-12
CUST-01945,Business,Healthcare,SMB,LATAM,2025-12-02,Control,0,0,17,1,438,0.7446,0.1548,3,6,0,0.3826,47,7213,2025-12
CUST-01946,Enterprise,Professional Services,Mid-Market,APAC,2025-10-31,Treatment,0,0,18,2,537,0.8149,0.1525,2,1,1,0.4987,38,16279,2025-10
CUST-01947,Starter,Professional Services,SMB,APAC,2026-02-08,Treatment,0,0,9,2,421,0.7719,0.1991,3,6,0,0.2379,49,1026,2026-02
CUST-01948,Enterprise,Financial Services,SMB,North America,2025-12-31,Treatment,0,0,10,0,400,0.8087,0.1573,4,4,0,0.5219,39,13814,2025-12
CUST-01949,Starter,Financial Services,SMB,North America,2025-11-29,Control,0,0,4,1,482,0.6648,0.1823,1,6,0,0.3873,44,1046,2025-11
CUST-01950,Enterprise,Education,SMB,North America,2025-11-19,Treatment,0,0,17,1,482,0.7593,0.1586,4,7,1,0.4978,48,13676,2025-11
CUST-01951,Enterprise,Financial Services,Mid-Market,APAC,2026-03-04,Control,0,0,13,4,348,0.626,0.2029,4,8,1,0.4059,47,18696,2026-03
CUST-01952,Starter,Education,SMB,APAC,2025-12-26,Control,1,9,8,4,471,0.6702,0.1222,7,11,1,0.1015,73,1089,2025-12
CUST-01953,Business,SaaS,SMB,LATAM,2025-12-23,Treatment,0,0,12,1,422,0.8643,0.18,3,4,0,0.5323,41,7275,2025-12
CUST-01954,Enterprise,Financial Services,Enterprise,APAC,2025-10-25,Control,1,2,16,11,284,0.8424,0.1079,3,6,1,0.5905,56,17645,2025-10
CUST-01955,Business,Financial Services,Mid-Market,Europe,2025-12-02,Control,0,0,7,0,369,0.7788,0.1757,1,2,1,0.4515,37,8937,2025-12
CUST-01956,Enterprise,E-commerce,Mid-Market,North America,2025-11-01,Treatment,1,7,18,14,320,0.8841,0.0779,7,6,0,0.2267,64,15625,2025-11
CUST-01957,Professional,Healthcare,Mid-Market,North America,2025-10-08,Treatment,1,3,15,9,449,0.806,0.0962,4,7,1,0.2786,67,2934,2025-10
CUST-01958,Starter,E-commerce,SMB,North America,2026-01-17,Treatment,0,0,5,0,419,0.835,0.2185,5,8,1,0.2407,54,1026,2026-01
CUST-01959,Business,Healthcare,Mid-Market,Europe,2025-12-02,Control,0,0,28,7,397,0.7173,0.1708,3,7,1,0.2036,54,6010,2025-12
CUST-01960,Professional,Education,SMB,North America,2026-01-03,Treatment,0,0,13,0,406,0.5559,0.145,4,6,1,0.3408,44,3377,2026-01
CUST-01961,Professional,Healthcare,SMB,APAC,2025-10-16,Control,1,3,11,6,481,0.8224,0.0534,5,7,0,0.315,60,2964,2025-10
CUST-01962,Professional,SaaS,SMB,Europe,2025-12-06,Treatment,0,0,17,3,386,0.8033,0.1479,2,4,0,0.4951,38,3204,2025-12
CUST-01963,Professional,Financial Services,Mid-Market,North America,2026-02-06,Control,0,0,9,2,372,0.6155,0.1311,3,3,1,0.5797,33,3137,2026-02
CUST-01964,Starter,Healthcare,SMB,APAC,2026-02-23,Control,0,0,5,0,475,0.7058,0.1692,4,7,1,0.3675,44,1066,2026-02
CUST-01965,Business,SaaS,SMB,Europe,2026-01-11,Treatment,0,0,12,0,419,0.8172,0.1258,1,4,1,0.5571,34,6735,2026-01
CUST-01966,Starter,E-commerce,SMB,Europe,2025-12-10,Control,0,0,6,1,477,0.7994,0.1224,2,3,1,0.5902,34,1270,2025-12
CUST-01967,Business,E-commerce,Mid-Market,North America,2026-03-03,Treatment,0,0,12,2,375,0.7179,0.1648,2,3,0,0.4174,40,7802,2026-03
CUST-01968,Business,SaaS,SMB,North America,2025-10-30,Control,0,0,10,0,420,0.6667,0.1219,3,4,0,0.5665,35,8488,2025-10
CUST-01969,Professional,Financial Services,SMB,North America,2025-12-19,Control,0,0,7,0,509,0.7277,0.1649,2,5,1,0.3975,43,2726,2025-12
CUST-01970,Professional,E-commerce,SMB,North America,2026-02-12,Control,0,0,10,0,382,0.7477,0.1998,4,6,0,0.4115,43,2679,2026-02
CUST-01971,Starter,Professional Services,Mid-Market,Europe,2026-01-27,Control,1,3,11,5,432,0.8675,0.1,6,6,1,0.387,62,1218,2026-01
CUST-01972,Enterprise,Healthcare,SMB,LATAM,2026-03-01,Control,1,3,25,17,276,0.8217,0.1075,7,8,1,0.2047,67,18780,2026-03
CUST-01973,Business,SaaS,Enterprise,APAC,2025-12-28,Control,1,9,23,15,403,0.9325,0.1049,5,6,0,0.4351,62,8933,2025-12
CUST-01974,Professional,Education,SMB,North America,2026-02-15,Control,0,0,11,1,368,0.7468,0.1119,3,3,0,0.4903,38,2643,2026-02
CUST-01975,Starter,E-commerce,SMB,LATAM,2025-11-18,Treatment,0,0,8,0,458,0.7,0.1048,5,6,0,0.4665,43,1205,2025-11
CUST-01976,Starter,SaaS,SMB,North America,2026-01-31,Treatment,0,0,7,2,329,0.6838,0.171,2,6,0,0.4646,40,1398,2026-01
CUST-01977,Professional,Professional Services,SMB,North America,2025-12-06,Control,0,0,12,1,460,0.6596,0.1769,3,6,0,0.4042,44,3253,2025-12
CUST-01978,Enterprise,SaaS,SMB,Europe,2026-02-27,Control,1,6,6,4,363,0.9149,0.1015,6,4,0,0.3304,61,13280,2026-02
CUST-01979,Business,Professional Services,SMB,APAC,2025-10-31,Control,1,9,18,14,377,0.7921,0.0974,3,6,1,0.4483,59,8344,2025-10
CUST-01980,Starter,Financial Services,Mid-Market,LATAM,2025-11-14,Control,1,5,11,7,372,0.5796,0.0728,7,9,1,0.2152,66,1092,2025-11
CUST-01981,Business,Education,SMB,APAC,2026-02-14,Control,1,4,16,12,351,0.7769,0.0998,3,8,1,0.1207,69,7803,2026-02
CUST-01982,Professional,Education,SMB,North America,2025-10-25,Control,0,0,10,0,373,0.8265,0.1821,2,3,1,0.526,38,3160,2025-10
CUST-01983,Business,Healthcare,SMB,North America,2026-01-12,Treatment,0,0,10,0,356,0.6912,0.1478,5,5,1,0.5837,37,8211,2026-01
CUST-01984,Starter,Professional Services,SMB,North America,2026-01-28,Treatment,1,5,7,5,401,0.7002,0.0697,5,3,1,0.6056,46,1188,2026-01
CUST-01985,Professional,Healthcare,SMB,Europe,2026-03-08,Control,0,0,5,1,334,0.6899,0.1258,1,5,0,0.5401,35,3115,2026-03
CUST-01986,Enterprise,Financial Services,SMB,North America,2026-02-13,Control,1,5,17,9,363,0.8801,0.057,5,6,0,0.3124,62,15979,2026-02
CUST-01987,Starter,Financial Services,SMB,North America,2026-03-01,Control,0,0,9,3,331,0.7083,0.1492,4,7,1,0.3739,43,1219,2026-03
CUST-01988,Professional,SaaS,SMB,North America,2026-03-08,Control,0,0,10,0,390,0.653,0.1643,3,2,1,0.6581,30,3539,2026-03
CUST-01989,Enterprise,SaaS,Enterprise,Europe,2026-02-23,Treatment,0,0,24,1,302,0.7993,0.1949,3,7,1,0.3573,52,16676,2026-02
CUST-01990,Starter,SaaS,Mid-Market,Europe,2025-12-09,Control,0,0,23,3,464,0.8198,0.145,5,8,1,0.3802,53,1073,2025-12
CUST-01991,Starter,SaaS,Enterprise,North America,2025-12-28,Control,0,0,10,1,442,0.8445,0.1297,3,4,0,0.5608,36,1234,2025-12
CUST-01992,Professional,SaaS,SMB,North America,2025-11-25,Control,0,0,17,4,389,0.7438,0.1665,3,4,1,0.4935,40,2868,2025-11
CUST-01993,Professional,Education,Mid-Market,Europe,2025-11-23,Treatment,0,0,16,4,401,0.7135,0.1464,4,6,1,0.3805,45,3329,2025-11
CUST-01994,Starter,E-commerce,SMB,Europe,2026-01-16,Control,0,0,5,0,474,0.7623,0.1907,5,6,1,0.2539,49,1304,2026-01
CUST-01995,Professional,Professional Services,SMB,North America,2025-10-30,Treatment,0,0,16,0,379,0.8281,0.178,2,3,0,0.5052,39,3185,2025-10
CUST-01996,Business,Professional Services,Mid-Market,North America,2025-10-28,Control,1,8,13,6,449,0.8907,0.1042,4,7,1,0.1619,68,6421,2025-10
CUST-01997,Starter,Professional Services,SMB,LATAM,2026-01-24,Control,0,0,5,0,370,0.7218,0.125,5,7,1,0.2423,53,1232,2026-01
CUST-01998,Professional,Healthcare,SMB,Europe,2025-10-01,Control,1,2,11,6,369,0.7317,0.0747,5,8,1,0.2003,69,2619,2025-10
CUST-01999,Business,Education,Mid-Market,North America,2025-10-11,Treatment,0,0,9,2,318,0.7474,0.1852,4,5,0,0.5386,39,6588,2025-10
CUST-02000,Professional,Professional Services,Mid-Market,Europe,2025-12-23,Control,0,0,15,0,485,0.7269,0.1541,2,1,0,0.6215,31,2928,2025-12
CUST-02001,Business,Professional Services,SMB,Europe,2026-01-21,Control,0,0,14,0,393,0.7643,0.1044,3,5,1,0.2701,52,8003,2026-01
CUST-02002,Professional,Education,SMB,North America,2026-01-10,Control,1,1,20,12,385,0.7205,0.1316,7,8,1,0.277,64,3093,2026-01
CUST-02003,Enterprise,Financial Services,SMB,North America,2025-12-10,Control,0,0,13,1,361,0.7004,0.1521,4,7,1,0.2719,48,15022,2025-12
CUST-02004,Professional,E-commerce,Enterprise,LATAM,2025-12-20,Control,0,0,23,1,395,0.7983,0.1677,4,7,0,0.2553,54,3016,2025-12
CUST-02005,Starter,Education,SMB,North America,2026-03-04,Treatment,0,0,5,3,316,0.743,0.1703,2,4,1,0.4137,40,1443,2026-03
CUST-02006,Business,E-commerce,SMB,North America,2025-10-31,Treatment,0,0,9,1,355,0.6339,0.1567,3,6,1,0.5347,42,6937,2025-10
CUST-02007,Professional,Professional Services,SMB,APAC,2025-11-18,Treatment,0,0,9,0,319,0.8328,0.1896,1,4,0,0.4429,44,2396,2025-11
CUST-02008,Starter,SaaS,Enterprise,North America,2026-01-10,Treatment,0,0,8,0,394,0.7046,0.1558,4,4,1,0.569,34,1190,2026-01
CUST-02009,Starter,SaaS,Mid-Market,Europe,2025-11-23,Control,1,1,17,10,328,0.8385,0.0819,4,10,1,0.2326,72,1059,2025-11
CUST-02010,Professional,E-commerce,SMB,North America,2025-11-08,Treatment,0,0,12,3,513,0.6892,0.2213,3,4,1,0.4723,40,3097,2025-11
CUST-02011,Starter,SaaS,Enterprise,North America,2025-12-08,Control,1,9,6,5,293,0.8299,0.0493,6,6,0,0.4049,57,992,2025-12
CUST-02012,Starter,Education,SMB,North America,2025-12-05,Control,0,0,7,0,370,0.8329,0.164,5,6,1,0.2829,50,939,2025-12
CUST-02013,Starter,SaaS,Enterprise,LATAM,2026-01-14,Treatment,0,0,16,0,450,0.8333,0.1695,4,6,0,0.2928,50,1097,2026-01
CUST-02014,Professional,Financial Services,SMB,Europe,2025-11-18,Control,0,0,9,0,353,0.8519,0.1753,3,4,0,0.4004,45,3393,2025-11
CUST-02015,Professional,SaaS,SMB,APAC,2025-12-22,Control,0,0,9,0,400,0.69,0.2088,2,2,1,0.4698,39,2805,2025-12
CUST-02016,Professional,Education,SMB,North America,2025-10-22,Treatment,0,0,6,2,425,0.7799,0.1635,2,5,1,0.3413,43,3291,2025-10
CUST-02017,Starter,Healthcare,Enterprise,Europe,2026-02-05,Control,0,0,14,2,432,0.5945,0.1324,2,2,0,0.6819,28,1196,2026-02
CUST-02018,Starter,SaaS,Enterprise,North America,2026-02-13,Control,1,7,12,10,351,0.8343,0.0962,4,7,0,0.2754,65,974,2026-02
CUST-02019,Professional,SaaS,Mid-Market,Europe,2025-12-06,Treatment,0,0,15,5,378,0.8763,0.1587,3,6,1,0.3199,49,2991,2025-12
CUST-02020,Professional,E-commerce,SMB,North America,2026-01-06,Control,0,0,10,0,459,0.6315,0.1894,3,3,0,0.438,39,3476,2026-01
CUST-02021,Professional,Education,SMB,Europe,2026-01-25,Control,0,0,12,0,473,0.6617,0.1776,3,2,0,0.5423,30,3107,2026-01
CUST-02022,Starter,Education,SMB,North America,2026-01-12,Control,0,0,5,1,397,0.7169,0.1549,1,3,0,0.6167,32,1378,2026-01
CUST-02023,Starter,Healthcare,SMB,North America,2026-02-25,Treatment,0,0,5,0,434,0.7089,0.1484,3,4,0,0.5171,37,1220,2026-02
CUST-02024,Starter,E-commerce,SMB,APAC,2026-03-04,Treatment,0,0,11,0,377,0.7944,0.1701,3,5,1,0.3612,48,1392,2026-03
CUST-02025,Professional,SaaS,Mid-Market,North America,2025-12-29,Treatment,0,0,8,1,460,0.7891,0.1669,4,2,1,0.5632,35,3102,2025-12
CUST-02026,Professional,E-commerce,Mid-Market,North America,2025-10-08,Control,0,0,16,1,444,0.5659,0.1202,3,6,1,0.4493,43,2469,2025-10
CUST-02027,Business,Financial Services,Enterprise,APAC,2025-11-02,Control,0,0,19,0,388,0.6451,0.1248,2,4,1,0.4435,39,6683,2025-11
CUST-02028,Professional,SaaS,SMB,North America,2025-11-06,Control,0,0,5,1,364,0.7164,0.1718,2,3,0,0.5498,36,3420,2025-11
CUST-02029,Professional,Financial Services,SMB,Europe,2026-01-14,Treatment,1,2,13,10,451,0.763,0.0655,4,4,1,0.318,58,2754,2026-01
CUST-02030,Professional,Education,SMB,APAC,2025-11-03,Treatment,0,0,9,5,340,0.7579,0.1253,3,5,0,0.3698,43,3002,2025-11
CUST-02031,Starter,SaaS,SMB,Europe,2025-12-24,Treatment,0,0,5,2,369,0.7617,0.1679,3,3,1,0.3589,42,1248,2025-12
CUST-02032,Professional,SaaS,Mid-Market,North America,2026-02-12,Control,1,4,17,15,274,0.6293,0.0598,4,6,1,0.268,59,2941,2026-02
CUST-02033,Professional,SaaS,Mid-Market,Europe,2026-02-17,Treatment,1,5,17,10,420,0.7841,0.0831,6,9,1,0.2099,70,2843,2026-02
CUST-02034,Professional,SaaS,SMB,Europe,2026-01-09,Control,0,0,9,0,377,0.6611,0.1785,5,10,1,0.0811,58,3167,2026-01
CUST-02035,Starter,SaaS,SMB,North America,2025-12-15,Control,0,0,3,0,407,0.7386,0.1309,3,5,0,0.4659,42,1188,2025-12
CUST-02036,Business,Financial Services,Mid-Market,Europe,2025-12-02,Control,1,3,21,15,351,0.8629,0.103,7,7,1,0.1217,74,8305,2025-12
CUST-02037,Enterprise,SaaS,SMB,LATAM,2025-10-25,Treatment,1,1,11,6,499,0.8176,0.1099,3,6,1,0.3917,59,14019,2025-10
CUST-02038,Starter,Professional Services,SMB,North America,2025-10-30,Treatment,0,0,4,0,505,0.6271,0.1343,3,9,1,0.254,50,1126,2025-10
CUST-02039,Professional,Education,Mid-Market,North America,2026-01-29,Control,0,0,12,0,424,0.8353,0.1976,2,4,0,0.4862,36,3684,2026-01
CUST-02040,Business,Education,Mid-Market,Europe,2026-02-12,Treatment,0,0,23,2,365,0.6668,0.1403,3,5,0,0.3173,47,9151,2026-02
CUST-02041,Starter,Financial Services,SMB,North America,2025-12-13,Control,0,0,8,4,380,0.6878,0.1676,5,8,1,0.1624,56,1185,2025-12
CUST-02042,Business,SaaS,Mid-Market,APAC,2026-02-13,Control,0,0,11,1,397,0.5776,0.1334,4,5,0,0.3773,41,6579,2026-02
CUST-02043,Professional,SaaS,Enterprise,North America,2025-12-16,Control,0,0,13,3,478,0.7725,0.1393,5,9,0,0.1822,59,3420,2025-12
CUST-02044,Enterprise,SaaS,SMB,North America,2025-12-18,Control,1,7,19,15,492,0.8362,0.1259,9,9,0,0.2745,66,21138,2025-12
CUST-02045,Enterprise,Education,SMB,Europe,2026-02-19,Treatment,1,9,9,7,373,0.8743,0.1326,3,8,0,0.2062,70,13480,2026-02
CUST-02046,Starter,Education,Mid-Market,LATAM,2026-02-24,Control,0,0,15,1,446,0.6654,0.1832,4,5,0,0.347,44,1340,2026-02
CUST-02047,Professional,Healthcare,Mid-Market,North America,2026-01-12,Control,0,0,19,0,515,0.782,0.1475,3,5,1,0.331,51,3204,2026-01
CUST-02048,Professional,Healthcare,SMB,APAC,2025-12-31,Control,0,0,9,3,414,0.8433,0.1337,1,6,1,0.3942,49,2690,2025-12
CUST-02049,Starter,E-commerce,SMB,North America,2026-02-14,Treatment,0,0,5,1,351,0.5469,0.1141,4,2,1,0.4817,32,1349,2026-02
CUST-02050,Professional,Healthcare,Mid-Market,North America,2025-12-26,Treatment,1,5,8,5,360,0.8455,0.0945,4,3,1,0.5283,52,2654,2025-12
CUST-02051,Enterprise,Education,SMB,North America,2025-12-10,Treatment,1,7,18,13,356,0.7179,0.0454,5,8,1,0.1775,69,15254,2025-12
CUST-02052,Starter,SaaS,SMB,North America,2025-11-06,Control,0,0,19,3,357,0.7661,0.1505,4,11,0,0.1982,57,1166,2025-11
CUST-02053,Professional,Healthcare,SMB,Europe,2026-03-02,Control,0,0,17,2,402,0.8157,0.1718,3,6,1,0.4129,46,2609,2026-03
CUST-02054,Business,E-commerce,SMB,North America,2025-10-13,Control,1,4,10,6,283,0.7272,0.0659,4,7,1,0.3186,62,7453,2025-10
CUST-02055,Professional,SaaS,Enterprise,North America,2025-10-02,Treatment,0,0,18,4,283,0.6652,0.1572,4,8,1,0.3374,45,2602,2025-10
CUST-02056,Professional,Healthcare,SMB,North America,2025-12-15,Control,0,0,8,1,397,0.7409,0.1476,5,6,1,0.3,47,2834,2025-12
CUST-02057,Enterprise,Professional Services,SMB,APAC,2025-10-11,Treatment,1,5,8,6,346,0.8338,0.1014,2,5,0,0.4904,53,18774,2025-10
CUST-02058,Professional,SaaS,Enterprise,LATAM,2025-12-26,Treatment,0,0,17,2,498,0.6206,0.1592,4,3,0,0.3708,39,3302,2025-12
CUST-02059,Starter,Financial Services,SMB,North America,2026-01-07,Treatment,0,0,7,1,373,0.6845,0.1422,4,6,1,0.3695,41,1297,2026-01
CUST-02060,Starter,Healthcare,SMB,North America,2025-12-29,Treatment,1,1,11,8,376,0.7483,0.055,6,4,1,0.4712,54,1353,2025-12
CUST-02061,Enterprise,SaaS,SMB,LATAM,2026-02-26,Control,0,0,11,1,380,0.7367,0.208,2,6,1,0.4228,48,19115,2026-02
CUST-02062,Starter,SaaS,Mid-Market,North America,2026-02-01,Control,0,0,14,1,303,0.8704,0.1432,3,1,1,0.4852,40,979,2026-02
CUST-02063,Professional,Healthcare,Mid-Market,APAC,2025-12-23,Control,0,0,14,0,406,0.7426,0.1369,3,5,1,0.4535,41,3108,2025-12
CUST-02064,Starter,SaaS,Mid-Market,Europe,2025-12-25,Control,0,0,8,1,413,0.644,0.1891,2,7,0,0.3546,44,1065,2025-12
CUST-02065,Professional,Healthcare,SMB,APAC,2026-01-03,Treatment,1,2,21,16,325,0.8317,0.0858,4,8,1,0.2029,72,2757,2026-01
CUST-02066,Enterprise,Professional Services,SMB,North America,2026-02-15,Control,1,6,12,10,341,0.8144,0.1132,3,6,1,0.2833,62,13781,2026-02
CUST-02067,Professional,Financial Services,SMB,North America,2025-12-14,Treatment,1,5,4,3,417,0.9251,0.0895,4,6,1,0.3511,64,3875,2025-12
CUST-02068,Enterprise,Education,Enterprise,North America,2025-10-26,Treatment,0,0,17,2,386,0.7193,0.1657,5,7,1,0.3262,50,12757,2025-10
CUST-02069,Starter,E-commerce,SMB,North America,2025-10-06,Control,1,6,8,7,421,0.7857,0.1016,5,10,1,0.1846,72,1224,2025-10
CUST-02070,Professional,Financial Services,Mid-Market,North America,2026-01-23,Control,0,0,4,0,422,0.819,0.1584,2,4,1,0.5144,39,3682,2026-01
CUST-02071,Business,Financial Services,Mid-Market,LATAM,2025-11-22,Control,0,0,23,1,465,0.6622,0.1344,5,7,1,0.1822,54,7434,2025-11
CUST-02072,Professional,SaaS,SMB,North America,2025-12-19,Control,0,0,7,0,497,0.6347,0.1483,1,2,0,0.7112,28,2175,2025-12
CUST-02073,Starter,Healthcare,SMB,North America,2026-02-15,Treatment,1,5,9,6,315,0.8317,0.0355,4,7,1,0.4073,59,1567,2026-02
CUST-02074,Business,E-commerce,SMB,North America,2026-02-21,Treatment,0,0,9,0,469,0.7436,0.1762,4,3,0,0.5163,34,9529,2026-02
CUST-02075,Professional,Professional Services,SMB,North America,2026-01-03,Treatment,0,0,6,0,483,0.6237,0.1409,2,4,1,0.2935,43,2646,2026-01
CUST-02076,Professional,E-commerce,Enterprise,Europe,2025-12-11,Control,1,3,13,6,437,0.6508,0.0586,4,6,0,0.0705,65,3421,2025-12
CUST-02077,Enterprise,SaaS,SMB,North America,2025-11-18,Treatment,0,0,13,0,395,0.7807,0.1755,2,5,1,0.3544,46,16670,2025-11
CUST-02078,Starter,Education,Enterprise,APAC,2026-01-27,Treatment,1,3,15,12,202,0.8352,0.0892,5,8,1,0.3547,62,1016,2026-01
CUST-02079,Starter,SaaS,SMB,APAC,2026-01-14,Treatment,0,0,7,0,545,0.7733,0.188,4,8,1,0.2888,53,1360,2026-01
CUST-02080,Starter,Education,SMB,North America,2025-12-09,Treatment,0,0,2,1,299,0.8106,0.1066,1,6,0,0.47,45,1127,2025-12
CUST-02081,Professional,Professional Services,Enterprise,APAC,2026-01-01,Treatment,0,0,11,2,507,0.738,0.1508,6,3,0,0.6069,34,3030,2026-01
CUST-02082,Starter,Professional Services,Mid-Market,North America,2026-02-11,Control,1,1,14,8,306,0.7976,0.0748,3,8,1,0.0414,72,1307,2026-02
CUST-02083,Professional,Professional Services,SMB,North America,2025-11-19,Treatment,0,0,10,0,341,0.7874,0.1792,1,4,1,0.4003,45,3196,2025-11
CUST-02084,Starter,SaaS,Mid-Market,LATAM,2026-01-27,Control,1,3,5,4,364,0.8182,0.0944,5,9,0,0.2076,67,1285,2026-01
CUST-02085,Professional,Financial Services,Mid-Market,APAC,2025-12-17,Control,0,0,19,0,406,0.6103,0.2002,2,6,1,0.3154,48,2609,2025-12
CUST-02086,Starter,Professional Services,Mid-Market,North America,2026-01-22,Control,0,0,4,0,530,0.7487,0.2024,3,6,0,0.489,43,863,2026-01
CUST-02087,Professional,Professional Services,Mid-Market,North America,2026-01-07,Control,0,0,8,0,374,0.7821,0.1771,1,2,1,0.5126,35,2742,2026-01
CUST-02088,Professional,Healthcare,SMB,North America,2025-12-06,Control,0,0,8,1,452,0.6572,0.167,1,5,0,0.4477,37,3335,2025-12
CUST-02089,Business,SaaS,SMB,North America,2025-10-04,Control,0,0,7,2,419,0.867,0.125,4,8,1,0.3399,50,6479,2025-10
CUST-02090,Professional,Healthcare,Mid-Market,Europe,2025-10-04,Treatment,0,0,9,3,339,0.7047,0.1745,4,7,1,0.3575,43,2958,2025-10
CUST-02091,Professional,E-commerce,SMB,North America,2025-10-11,Treatment,0,0,9,1,433,0.8159,0.213,4,4,1,0.4948,39,3102,2025-10
CUST-02092,Business,Financial Services,SMB,APAC,2026-02-11,Treatment,0,0,6,1,395,0.6514,0.1926,4,5,1,0.5475,35,7409,2026-02
CUST-02093,Professional,Professional Services,SMB,Europe,2025-12-15,Treatment,0,0,7,1,466,0.7961,0.1462,4,7,1,0.0573,57,3519,2025-12
CUST-02094,Starter,Professional Services,SMB,North America,2026-01-07,Control,0,0,26,1,396,0.84,0.1528,5,5,1,0.4305,44,1122,2026-01
CUST-02095,Business,Financial Services,SMB,APAC,2025-11-24,Treatment,0,0,13,0,492,0.666,0.2047,4,7,1,0.3585,49,7380,2025-11
CUST-02096,Professional,SaaS,SMB,Europe,2026-01-05,Treatment,1,9,15,14,365,0.8333,0.0618,6,10,1,0.1759,75,3089,2026-01
CUST-02097,Starter,E-commerce,SMB,North America,2025-10-06,Control,0,0,19,6,321,0.711,0.1666,3,6,1,0.5524,41,1222,2025-10
CUST-02098,Professional,Healthcare,SMB,North America,2025-11-06,Treatment,0,0,3,0,313,0.6479,0.1435,3,3,0,0.5336,36,2498,2025-11
CUST-02099,Starter,SaaS,Mid-Market,APAC,2026-03-04,Treatment,0,0,16,2,502,0.739,0.1483,4,4,1,0.5313,38,1429,2026-03
CUST-02100,Starter,SaaS,Mid-Market,LATAM,2025-11-18,Control,0,0,18,0,407,0.7041,0.1701,3,6,1,0.2829,47,1355,2025-11
CUST-02101,Business,Healthcare,SMB,North America,2026-01-23,Treatment,0,0,6,3,375,0.7089,0.1747,4,1,1,0.6462,30,6742,2026-01
CUST-02102,Starter,SaaS,SMB,Europe,2026-02-15,Control,0,0,5,0,424,0.6365,0.1479,4,3,1,0.524,34,1281,2026-02
CUST-02103,Business,Financial Services,SMB,APAC,2025-12-18,Treatment,1,8,15,11,357,0.8785,0.1118,4,7,1,0.2158,63,7165,2025-12
CUST-02104,Enterprise,SaaS,Mid-Market,LATAM,2026-03-06,Treatment,1,9,14,11,362,0.8014,0.1083,6,8,1,0.1611,71,17765,2026-03
CUST-02105,Professional,Healthcare,Mid-Market,North America,2025-12-30,Control,0,0,8,0,321,0.7063,0.1793,1,4,1,0.3594,44,3591,2025-12
CUST-02106,Business,SaaS,Mid-Market,North America,2025-11-19,Treatment,1,4,5,4,412,0.7264,0.0954,5,7,1,0.2394,64,6171,2025-11
CUST-02107,Business,Financial Services,Mid-Market,APAC,2026-01-05,Treatment,1,8,11,7,376,0.8963,0.1275,5,10,1,0.0769,75,9305,2026-01
CUST-02108,Enterprise,E-commerce,SMB,North America,2026-03-04,Control,1,3,15,12,393,0.7302,0.065,4,6,1,0.3465,57,19517,2026-03
CUST-02109,Professional,Healthcare,SMB,North America,2025-12-29,Treatment,0,0,10,0,380,0.6016,0.1644,4,5,1,0.3996,42,2671,2025-12
CUST-02110,Starter,SaaS,SMB,Europe,2025-12-10,Treatment,1,6,6,3,378,0.8212,0.0811,3,7,0,0.2944,62,899,2025-12
CUST-02111,Professional,Education,SMB,North America,2025-12-18,Control,0,0,10,2,318,0.6903,0.1688,3,6,0,0.4904,39,3015,2025-12
CUST-02112,Professional,Financial Services,SMB,Europe,2025-10-12,Treatment,0,0,3,2,434,0.7802,0.1879,1,3,0,0.5014,35,3124,2025-10
CUST-02113,Starter,Financial Services,Mid-Market,North America,2025-12-12,Control,0,0,12,2,392,0.8541,0.1275,3,6,0,0.3298,47,1063,2025-12
CUST-02114,Professional,E-commerce,SMB,Europe,2026-01-15,Control,0,0,9,0,278,0.8327,0.1601,3,3,1,0.411,41,2698,2026-01
CUST-02115,Starter,Professional Services,Mid-Market,North America,2026-03-03,Treatment,1,2,6,3,358,0.8866,0.0763,4,7,1,0.3037,65,1298,2026-03
CUST-02116,Enterprise,Education,SMB,APAC,2025-11-25,Control,0,0,14,2,421,0.682,0.1899,5,6,0,0.4223,45,15980,2025-11
CUST-02117,Starter,Healthcare,SMB,North America,2026-02-16,Control,0,0,10,0,492,0.8137,0.1994,3,6,1,0.2998,46,1097,2026-02
CUST-02118,Starter,Financial Services,Mid-Market,North America,2025-10-04,Treatment,0,0,8,0,330,0.6937,0.1313,3,7,1,0.268,50,1312,2025-10
CUST-02119,Starter,SaaS,SMB,LATAM,2025-10-26,Treatment,0,0,7,1,473,0.6387,0.175,5,3,0,0.5544,32,1209,2025-10
CUST-02120,Starter,Financial Services,SMB,Europe,2025-11-16,Treatment,0,0,6,0,449,0.7734,0.2434,2,4,0,0.5599,40,1523,2025-11
CUST-02121,Starter,Healthcare,SMB,North America,2026-01-31,Treatment,1,8,10,7,338,0.7754,0.0954,6,8,1,0.1163,70,1573,2026-01
CUST-02122,Starter,SaaS,Mid-Market,North America,2025-10-27,Treatment,1,2,16,11,411,0.7974,0.0893,3,4,1,0.3598,56,1237,2025-10
CUST-02123,Starter,Education,SMB,Europe,2025-12-23,Treatment,1,6,6,2,406,0.864,0.1004,4,5,1,0.3395,58,1181,2025-12
CUST-02124,Starter,Education,Enterprise,LATAM,2026-01-22,Control,0,0,9,0,380,0.7923,0.183,2,6,1,0.4566,45,1209,2026-01
CUST-02125,Professional,Healthcare,Enterprise,North America,2026-01-19,Control,0,0,19,3,460,0.7055,0.1951,4,6,0,0.4219,40,2763,2026-01
CUST-02126,Professional,Education,Mid-Market,LATAM,2026-02-14,Control,1,2,14,11,432,0.8209,0.1293,5,6,1,0.2565,62,3162,2026-02
CUST-02127,Professional,Healthcare,SMB,North America,2025-12-20,Control,0,0,14,1,328,0.8038,0.1353,5,4,0,0.5595,37,2696,2025-12
CUST-02128,Professional,E-commerce,Mid-Market,Europe,2026-02-26,Control,0,0,14,2,420,0.6721,0.1896,2,4,1,0.4868,39,3086,2026-02
CUST-02129,Starter,Professional Services,SMB,North America,2025-12-14,Treatment,0,0,11,2,389,0.6031,0.1587,2,2,1,0.6274,30,1102,2025-12
CUST-02130,Starter,Healthcare,Mid-Market,North America,2026-01-01,Treatment,1,5,8,7,378,0.7707,0.0857,5,6,0,0.0703,66,1090,2026-01
CUST-02131,Starter,E-commerce,SMB,LATAM,2025-12-08,Treatment,0,0,15,4,373,0.704,0.1535,4,3,1,0.4985,36,1131,2025-12
CUST-02132,Business,Financial Services,SMB,North America,2025-11-24,Control,1,1,16,10,449,0.7995,0.1087,6,7,0,0.4576,57,7093,2025-11
CUST-02133,Enterprise,SaaS,SMB,LATAM,2026-01-18,Control,0,0,15,1,302,0.936,0.1472,5,7,0,0.298,52,16698,2026-01
CUST-02134,Enterprise,E-commerce,Mid-Market,North America,2025-12-23,Control,0,0,10,3,400,0.6969,0.1941,3,5,0,0.4626,37,16795,2025-12
CUST-02135,Professional,Healthcare,Mid-Market,North America,2026-01-19,Control,0,0,23,1,378,0.7168,0.1563,3,7,0,0.3405,51,3012,2026-01
CUST-02136,Professional,Financial Services,SMB,LATAM,2025-11-18,Control,0,0,3,0,397,0.661,0.1804,1,1,0,0.6,32,3087,2025-11
CUST-02137,Starter,SaaS,SMB,Europe,2026-01-18,Treatment,1,2,8,6,254,0.8288,0.1041,5,11,1,0.1396,72,1273,2026-01
CUST-02138,Business,SaaS,Mid-Market,North America,2025-12-09,Control,0,0,15,0,480,0.7718,0.1349,3,7,1,0.2971,50,6777,2025-12
CUST-02139,Business,Financial Services,Mid-Market,Europe,2025-10-27,Treatment,0,0,15,0,333,0.7898,0.1375,3,5,0,0.3609,45,7594,2025-10
CUST-02140,Business,SaaS,Mid-Market,North America,2026-03-07,Control,0,0,22,1,432,0.7502,0.1767,3,6,1,0.4909,44,7278,2026-03
CUST-02141,Business,E-commerce,SMB,APAC,2025-10-13,Treatment,0,0,3,1,361,0.7375,0.1259,4,6,1,0.5049,43,6872,2025-10
CUST-02142,Professional,Financial Services,Mid-Market,North America,2026-02-19,Treatment,0,0,16,1,390,0.536,0.1636,4,4,1,0.3764,42,3349,2026-02
CUST-02143,Business,Professional Services,Mid-Market,North America,2026-02-07,Treatment,0,0,17,3,430,0.7873,0.1483,3,4,1,0.4747,41,9412,2026-02
CUST-02144,Business,SaaS,SMB,North America,2025-11-22,Control,1,6,9,8,418,0.92,0.0797,8,4,1,0.4331,56,8636,2025-11
CUST-02145,Starter,Professional Services,SMB,Europe,2025-12-22,Treatment,0,0,14,2,327,0.6674,0.1695,4,8,1,0.2842,51,1328,2025-12
CUST-02146,Enterprise,Professional Services,SMB,LATAM,2025-10-06,Control,1,1,22,13,345,0.7657,0.123,4,5,1,0.2661,58,16664,2025-10
CUST-02147,Starter,Healthcare,SMB,APAC,2026-01-18,Treatment,1,2,6,5,372,0.7224,0.1035,3,7,1,0.2068,61,1234,2026-01
CUST-02148,Enterprise,Professional Services,Mid-Market,North America,2025-11-03,Control,1,2,39,25,361,0.8845,0.0559,7,6,1,0.3606,67,16704,2025-11
CUST-02149,Business,Professional Services,SMB,North America,2026-02-09,Treatment,1,6,8,6,407,0.7197,0.0912,4,8,1,0.3144,65,7932,2026-02
CUST-02150,Starter,Financial Services,SMB,North America,2026-01-25,Treatment,1,7,10,9,431,0.8,0.1111,5,7,1,0.0732,72,1377,2026-01
CUST-02151,Professional,E-commerce,SMB,APAC,2026-01-21,Treatment,0,0,2,0,373,0.6111,0.1518,2,6,1,0.2248,48,2908,2026-01
CUST-02152,Starter,Professional Services,Enterprise,North America,2025-10-09,Treatment,0,0,10,1,357,0.7632,0.1574,1,5,1,0.4789,43,1218,2025-10
CUST-02153,Business,Education,Mid-Market,Europe,2025-12-03,Control,1,3,12,7,400,0.7753,0.0763,5,5,1,0.3959,59,8578,2025-12
CUST-02154,Business,Financial Services,SMB,North America,2025-12-05,Treatment,0,0,9,1,337,0.7471,0.1878,4,6,0,0.5021,42,6966,2025-12
CUST-02155,Professional,Professional Services,Mid-Market,LATAM,2026-02-18,Control,0,0,8,0,436,0.6616,0.1348,4,5,0,0.4054,39,2825,2026-02
CUST-02156,Business,Professional Services,SMB,North America,2025-12-05,Control,0,0,16,7,376,0.673,0.1496,4,2,0,0.4814,34,7027,2025-12
CUST-02157,Starter,Professional Services,Mid-Market,Europe,2025-11-18,Control,0,0,4,0,401,0.6842,0.1337,3,5,1,0.2779,44,1149,2025-11
CUST-02158,Starter,Education,Mid-Market,APAC,2026-01-04,Control,0,0,16,5,427,0.662,0.1797,6,7,1,0.2842,49,1350,2026-01
CUST-02159,Professional,SaaS,SMB,LATAM,2026-03-07,Control,1,2,10,5,349,0.738,0.0642,4,6,1,0.2806,61,3780,2026-03
CUST-02160,Starter,SaaS,Enterprise,Europe,2025-12-14,Treatment,1,8,27,19,540,0.7076,0.0714,5,7,1,0.3235,63,1098,2025-12
CUST-02161,Professional,Financial Services,SMB,APAC,2026-01-15,Control,0,0,11,2,381,0.7677,0.1521,3,7,0,0.4787,45,2523,2026-01
CUST-02162,Starter,E-commerce,Mid-Market,Europe,2025-10-20,Treatment,0,0,4,0,369,0.754,0.163,3,2,0,0.5469,31,1123,2025-10
CUST-02163,Professional,Financial Services,SMB,North America,2025-12-10,Control,0,0,6,2,514,0.6962,0.1503,2,6,1,0.4593,42,3033,2025-12
CUST-02164,Professional,Professional Services,Mid-Market,North America,2025-10-07,Treatment,0,0,12,0,409,0.7904,0.1601,3,5,0,0.4394,45,2863,2025-10
CUST-02165,Business,Education,SMB,Europe,2025-11-15,Control,0,0,7,0,351,0.8482,0.112,1,3,0,0.5399,43,7879,2025-11
CUST-02166,Starter,Healthcare,SMB,Europe,2025-11-22,Control,1,2,3,2,363,0.7533,0.107,3,6,0,0.3932,56,1183,2025-11
CUST-02167,Business,Financial Services,SMB,North America,2026-01-30,Treatment,1,1,13,10,457,0.8268,0.098,4,6,1,0.3143,62,8420,2026-01
CUST-02168,Professional,SaaS,Enterprise,North America,2026-01-03,Treatment,0,0,15,1,419,0.7469,0.1617,4,7,0,0.2004,54,3148,2026-01
CUST-02169,Professional,E-commerce,SMB,Europe,2025-12-09,Treatment,0,0,22,0,359,0.6787,0.0976,3,6,1,0.3997,45,2223,2025-12
CUST-02170,Professional,SaaS,Mid-Market,North America,2026-02-24,Control,1,6,5,2,437,0.7059,0.0908,5,8,0,0.2841,67,2625,2026-02
CUST-02171,Professional,E-commerce,SMB,Europe,2025-11-07,Treatment,0,0,11,0,445,0.926,0.1428,4,6,1,0.5129,44,2896,2025-11
CUST-02172,Starter,E-commerce,Mid-Market,Europe,2026-01-17,Treatment,0,0,15,1,439,0.7575,0.1439,3,8,1,0.1569,58,999,2026-01
CUST-02173,Professional,Professional Services,SMB,North America,2025-10-26,Treatment,1,1,19,13,271,0.8124,0.0894,7,9,1,0.1515,69,3168,2025-10
CUST-02174,Starter,Financial Services,SMB,North America,2026-02-18,Control,0,0,11,1,346,0.7561,0.1899,5,7,0,0.4107,46,1333,2026-02
CUST-02175,Professional,Healthcare,Enterprise,North America,2025-11-26,Control,1,1,21,16,270,0.98,0.136,7,10,1,0.01,82,3092,2025-11
CUST-02176,Professional,SaaS,SMB,North America,2025-11-07,Control,1,9,17,10,350,0.7926,0.1201,6,10,1,0.1467,76,2913,2025-11
CUST-02177,Professional,SaaS,SMB,Europe,2025-12-15,Treatment,1,1,6,5,437,0.8139,0.0867,5,3,1,0.5023,49,2933,2025-12
CUST-02178,Business,Education,Mid-Market,Europe,2025-11-02,Control,1,8,13,8,265,0.8148,0.1305,6,6,1,0.2014,63,6862,2025-11
CUST-02179,Starter,Education,SMB,APAC,2026-02-01,Control,1,8,9,8,284,0.8973,0.127,3,5,1,0.261,61,1186,2026-02
CUST-02180,Enterprise,Healthcare,SMB,North America,2026-01-10,Treatment,1,6,6,5,262,0.8566,0.0918,4,6,0,0.3735,57,14025,2026-01
CUST-02181,Business,SaaS,SMB,Europe,2026-02-01,Treatment,0,0,12,2,441,0.6058,0.1137,5,7,1,0.4069,43,7093,2026-02
CUST-02182,Enterprise,E-commerce,Mid-Market,North America,2025-10-10,Treatment,1,9,35,30,450,0.6938,0.0687,4,5,1,0.2881,62,14643,2025-10
CUST-02183,Business,Financial Services,Enterprise,APAC,2025-11-18,Treatment,1,9,25,20,366,0.8928,0.0356,6,6,0,0.2566,66,6873,2025-11
CUST-02184,Starter,Healthcare,Mid-Market,North America,2026-03-02,Control,0,0,16,2,427,0.7498,0.1483,3,5,1,0.5893,40,1555,2026-03
CUST-02185,Professional,SaaS,Mid-Market,Europe,2026-01-12,Treatment,0,0,12,0,408,0.7034,0.1618,1,3,1,0.4952,36,2898,2026-01
CUST-02186,Starter,Healthcare,SMB,Europe,2026-02-10,Control,0,0,8,1,392,0.6666,0.1173,3,4,1,0.3844,41,1259,2026-02
CUST-02187,Business,SaaS,SMB,North America,2025-11-08,Control,1,2,18,13,397,0.9498,0.1123,5,7,1,0.27,67,7406,2025-11
CUST-02188,Professional,Healthcare,SMB,LATAM,2026-01-03,Control,0,0,8,0,360,0.7485,0.1646,3,5,0,0.4256,41,2630,2026-01
CUST-02189,Starter,SaaS,SMB,North America,2025-10-30,Control,0,0,9,0,445,0.7717,0.1142,4,8,1,0.3517,49,1236,2025-10
CUST-02190,Enterprise,Financial Services,SMB,North America,2025-12-23,Treatment,1,2,11,8,343,0.9003,0.0954,4,5,1,0.2836,61,13566,2025-12
CUST-02191,Starter,E-commerce,Mid-Market,Europe,2025-10-28,Treatment,0,0,10,2,394,0.7643,0.1154,4,5,1,0.4375,43,1231,2025-10
CUST-02192,Professional,Healthcare,SMB,North America,2025-11-30,Control,0,0,10,1,372,0.6944,0.2121,2,5,1,0.3393,41,3100,2025-11
CUST-02193,Business,E-commerce,SMB,North America,2026-01-20,Control,1,5,12,8,247,0.7939,0.058,5,8,1,0.1805,67,7323,2026-01
CUST-02194,Starter,E-commerce,SMB,North America,2025-11-17,Control,0,0,2,0,451,0.7817,0.1364,4,9,1,0.1582,56,1052,2025-11
CUST-02195,Professional,Professional Services,SMB,North America,2026-01-01,Control,1,9,12,10,345,0.881,0.0788,5,5,1,0.4825,53,3245,2026-01
CUST-02196,Business,Education,SMB,APAC,2025-11-17,Treatment,1,8,11,8,356,0.8946,0.0928,5,8,0,0.2704,66,8931,2025-11
CUST-02197,Starter,SaaS,SMB,Europe,2025-10-05,Treatment,0,0,6,1,503,0.6662,0.1496,2,3,0,0.441,36,926,2025-10
CUST-02198,Professional,Education,SMB,North America,2025-12-12,Control,0,0,23,0,417,0.7446,0.1205,4,6,1,0.3639,48,2728,2025-12
CUST-02199,Starter,Financial Services,SMB,North America,2026-01-29,Control,0,0,6,1,358,0.6655,0.1619,5,4,0,0.3505,44,1056,2026-01
CUST-02200,Professional,Financial Services,Mid-Market,APAC,2025-11-29,Treatment,1,6,14,10,274,0.8004,0.0752,5,7,1,0.2408,65,2769,2025-11
CUST-02201,Starter,Healthcare,Mid-Market,APAC,2025-11-25,Treatment,0,0,8,0,392,0.7096,0.1448,4,4,1,0.3859,43,1142,2025-11
CUST-02202,Enterprise,Healthcare,Mid-Market,North America,2025-12-22,Treatment,0,0,14,0,432,0.7543,0.1997,3,4,0,0.3889,43,15602,2025-12
CUST-02203,Business,SaaS,Mid-Market,Europe,2025-12-15,Control,0,0,11,1,324,0.8038,0.1497,4,7,1,0.2486,53,9331,2025-12
CUST-02204,Starter,Education,Enterprise,North America,2025-11-22,Treatment,1,1,8,6,419,0.742,0.0814,4,6,0,0.3188,59,1148,2025-11
CUST-02205,Professional,Financial Services,SMB,North America,2026-02-08,Control,0,0,5,2,362,0.8869,0.1635,2,4,0,0.6815,38,3176,2026-02
CUST-02206,Professional,Healthcare,Mid-Market,APAC,2026-03-02,Treatment,0,0,15,0,400,0.8299,0.1722,3,6,1,0.2419,53,3087,2026-03
CUST-02207,Business,E-commerce,SMB,APAC,2026-01-01,Control,0,0,16,2,399,0.6009,0.1666,4,3,1,0.4549,36,7531,2026-01
CUST-02208,Professional,SaaS,SMB,North America,2025-11-18,Treatment,1,7,15,12,274,0.8346,0.0306,5,8,1,0.2315,67,3328,2025-11
CUST-02209,Starter,SaaS,SMB,APAC,2025-12-11,Control,0,0,6,0,380,0.6368,0.1521,3,5,1,0.432,37,1158,2025-12
CUST-02210,Starter,Financial Services,SMB,Europe,2025-11-12,Treatment,0,0,5,0,431,0.7577,0.15,3,6,1,0.2177,47,1334,2025-11
CUST-02211,Enterprise,E-commerce,Mid-Market,Europe,2026-01-01,Control,0,0,13,4,383,0.6401,0.1297,5,6,0,0.5737,36,19692,2026-01
CUST-02212,Professional,Professional Services,SMB,APAC,2026-01-21,Treatment,0,0,6,1,371,0.8218,0.1277,5,7,0,0.4964,44,2680,2026-01
CUST-02213,Business,Financial Services,Mid-Market,North America,2025-10-01,Control,0,0,15,1,386,0.8255,0.1874,4,8,1,0.4335,48,8399,2025-10
CUST-02214,Professional,Financial Services,Mid-Market,LATAM,2025-10-16,Treatment,0,0,11,1,433,0.6914,0.1629,1,3,0,0.603,32,3105,2025-10
CUST-02215,Enterprise,Professional Services,SMB,North America,2026-01-24,Control,1,2,15,9,444,0.8479,0.0762,5,10,1,0.2116,72,16635,2026-01
CUST-02216,Starter,SaaS,SMB,North America,2026-02-02,Treatment,1,2,7,3,371,0.707,0.0981,4,7,1,0.2088,64,1171,2026-02
CUST-02217,Starter,Financial Services,SMB,North America,2026-02-17,Treatment,0,0,3,0,360,0.6844,0.1902,3,3,1,0.4079,34,1331,2026-02
CUST-02218,Enterprise,Financial Services,SMB,APAC,2026-03-03,Control,0,0,5,1,532,0.7407,0.1728,2,7,1,0.2919,51,13321,2026-03
CUST-02219,Enterprise,Healthcare,Enterprise,North America,2026-01-24,Control,1,9,43,22,427,0.708,0.1237,6,7,0,0.1049,73,15714,2026-01
CUST-02220,Starter,SaaS,Mid-Market,North America,2025-12-04,Control,0,0,5,0,402,0.859,0.1664,3,1,1,0.6114,33,1033,2025-12
CUST-02221,Professional,SaaS,Mid-Market,Europe,2025-12-04,Control,0,0,26,4,365,0.7392,0.177,5,4,1,0.4205,45,2388,2025-12
CUST-02222,Professional,SaaS,SMB,North America,2025-11-22,Treatment,0,0,10,3,483,0.8278,0.1542,2,6,1,0.3235,49,3403,2025-11
CUST-02223,Professional,E-commerce,Mid-Market,North America,2025-12-16,Control,0,0,10,0,362,0.7137,0.1899,3,5,1,0.4032,43,2532,2025-12
CUST-02224,Starter,SaaS,Mid-Market,North America,2026-01-24,Control,0,0,8,0,410,0.6723,0.2021,3,5,0,0.5414,37,1444,2026-01
CUST-02225,Business,Financial Services,SMB,Europe,2025-10-19,Control,0,0,7,0,447,0.7361,0.1647,2,3,0,0.4969,36,7929,2025-10
CUST-02226,Starter,SaaS,SMB,North America,2025-11-07,Control,0,0,7,1,411,0.8042,0.1278,4,9,1,0.3418,52,1219,2025-11
CUST-02227,Business,SaaS,SMB,North America,2026-02-20,Control,1,7,14,10,307,0.754,0.0931,4,8,0,0.318,68,6817,2026-02
CUST-02228,Starter,Healthcare,SMB,Europe,2025-11-11,Treatment,0,0,16,1,383,0.7486,0.1577,4,7,1,0.3179,50,1332,2025-11
CUST-02229,Starter,SaaS,Mid-Market,LATAM,2026-03-02,Control,0,0,8,2,392,0.6809,0.1768,2,4,1,0.519,37,1363,2026-03
CUST-02230,Professional,Education,Mid-Market,APAC,2026-03-06,Treatment,0,0,7,1,336,0.5572,0.1512,3,4,1,0.4853,39,3019,2026-03
CUST-02231,Professional,Healthcare,SMB,North America,2026-02-08,Treatment,1,9,9,7,347,0.7791,0.0926,4,3,0,0.5399,51,3620,2026-02
CUST-02232,Professional,SaaS,Enterprise,APAC,2025-12-18,Control,0,0,18,4,474,0.7383,0.175,3,5,1,0.3927,45,2966,2025-12
CUST-02233,Starter,SaaS,SMB,APAC,2026-03-05,Treatment,1,1,6,4,466,0.8082,0.0736,4,8,1,0.2299,62,1150,2026-03
CUST-02234,Enterprise,Healthcare,SMB,Europe,2025-11-14,Treatment,0,0,11,0,397,0.7301,0.1679,2,4,0,0.5322,35,16400,2025-11
CUST-02235,Business,Financial Services,Enterprise,North America,2026-01-22,Treatment,0,0,24,2,400,0.7354,0.1659,4,7,1,0.2405,55,9163,2026-01
CUST-02236,Business,Professional Services,Enterprise,North America,2025-11-06,Control,1,4,27,15,358,0.7562,0.0346,3,4,1,0.3173,60,6804,2025-11
CUST-02237,Starter,Healthcare,Mid-Market,Europe,2025-12-31,Treatment,1,9,6,3,261,0.8476,0.0865,4,6,1,0.2487,62,1364,2025-12
CUST-02238,Professional,Financial Services,SMB,North America,2026-01-26,Control,0,0,13,2,424,0.6921,0.1232,4,9,0,0.3209,51,3204,2026-01
CUST-02239,Professional,E-commerce,Enterprise,North America,2026-01-06,Treatment,0,0,18,1,420,0.7932,0.1946,3,6,0,0.4112,44,3233,2026-01
CUST-02240,Professional,Professional Services,Mid-Market,North America,2026-01-26,Control,0,0,14,2,456,0.6167,0.1449,2,5,1,0.583,37,2919,2026-01
CUST-02241,Starter,E-commerce,Mid-Market,North America,2026-01-25,Control,0,0,10,3,447,0.7345,0.1485,3,6,0,0.3524,45,1116,2026-01
CUST-02242,Starter,Healthcare,SMB,Europe,2025-10-24,Treatment,0,0,18,4,427,0.7667,0.1799,4,4,0,0.4409,42,1249,2025-10
CUST-02243,Professional,Financial Services,SMB,North America,2025-10-17,Control,0,0,9,2,429,0.8273,0.1001,2,2,1,0.5744,34,2780,2025-10
CUST-02244,Starter,Professional Services,Mid-Market,Europe,2025-12-21,Control,0,0,7,0,352,0.6846,0.1305,5,8,1,0.1627,55,1225,2025-12
CUST-02245,Professional,E-commerce,Mid-Market,APAC,2025-11-02,Treatment,1,9,13,8,376,0.9009,0.1219,5,8,1,0.4025,61,2923,2025-11
CUST-02246,Starter,Education,Mid-Market,North America,2026-03-06,Control,0,0,6,0,332,0.7622,0.1584,2,3,0,0.3343,39,1286,2026-03
CUST-02247,Starter,Education,SMB,North America,2025-10-16,Control,0,0,3,1,369,0.8654,0.123,1,1,0,0.6129,32,1308,2025-10
CUST-02248,Professional,SaaS,Mid-Market,North America,2026-01-19,Control,1,8,18,10,459,0.6895,0.0705,6,6,1,0.3599,60,3349,2026-01
CUST-02249,Professional,Professional Services,SMB,North America,2025-12-09,Treatment,1,9,10,5,404,0.8259,0.0562,5,7,0,0.5243,55,2956,2025-12
CUST-02250,Professional,Financial Services,SMB,APAC,2026-02-07,Treatment,0,0,3,0,425,0.724,0.1431,2,3,0,0.5896,33,3346,2026-02
CUST-02251,Professional,E-commerce,SMB,Europe,2026-02-23,Treatment,0,0,15,1,403,0.7399,0.1502,5,6,1,0.4909,42,3475,2026-02
CUST-02252,Business,E-commerce,SMB,APAC,2025-12-30,Treatment,0,0,17,6,383,0.7966,0.2036,2,5,1,0.3598,48,6443,2025-12
CUST-02253,Professional,Professional Services,Mid-Market,LATAM,2026-01-19,Treatment,0,0,6,1,407,0.8383,0.1325,4,7,1,0.4455,47,3125,2026-01
CUST-02254,Professional,Financial Services,SMB,North America,2025-10-19,Treatment,1,4,7,6,358,0.8331,0.055,3,5,0,0.5158,52,2497,2025-10
CUST-02255,Enterprise,E-commerce,SMB,Europe,2025-11-16,Treatment,0,0,22,6,426,0.6233,0.1525,4,6,1,0.3496,46,18309,2025-11
CUST-02256,Professional,SaaS,Enterprise,North America,2025-10-16,Treatment,0,0,23,0,521,0.6965,0.1605,4,6,1,0.274,49,3962,2025-10
CUST-02257,Business,E-commerce,Mid-Market,North America,2025-11-03,Treatment,0,0,14,1,484,0.9792,0.1513,4,3,0,0.4552,43,7716,2025-11
CUST-02258,Business,Education,SMB,North America,2026-01-15,Control,1,3,9,7,333,0.7304,0.0882,5,7,1,0.313,62,7182,2026-01
CUST-02259,Starter,Financial Services,SMB,North America,2026-02-11,Control,0,0,7,1,366,0.7411,0.2002,2,6,0,0.3668,47,1207,2026-02
CUST-02260,Professional,SaaS,Mid-Market,Europe,2026-01-29,Control,1,3,13,3,365,0.865,0.062,5,7,1,0.3265,62,2822,2026-01
CUST-02261,Professional,Education,SMB,Europe,2026-01-26,Treatment,1,5,7,6,318,0.8865,0.0848,3,4,0,0.3703,57,2595,2026-01
CUST-02262,Enterprise,Professional Services,SMB,North America,2026-02-12,Treatment,0,0,11,4,289,0.7034,0.1951,3,3,0,0.5084,38,12264,2026-02
CUST-02263,Professional,E-commerce,SMB,North America,2026-02-28,Treatment,1,8,12,10,358,0.9222,0.133,3,4,0,0.4755,57,2713,2026-02
CUST-02264,Starter,SaaS,SMB,Europe,2026-01-30,Treatment,0,0,6,1,376,0.8244,0.1684,3,3,0,0.654,36,1149,2026-01
CUST-02265,Professional,E-commerce,Mid-Market,Europe,2026-02-24,Treatment,0,0,10,0,408,0.7617,0.1148,4,4,0,0.5639,37,2803,2026-02
CUST-02266,Starter,SaaS,SMB,Europe,2026-03-09,Treatment,0,0,7,2,363,0.6534,0.1797,3,4,0,0.4865,36,1193,2026-03
CUST-02267,Business,Healthcare,SMB,North America,2026-02-24,Treatment,0,0,20,2,406,0.6818,0.1811,5,9,1,0.1224,58,7529,2026-02
CUST-02268,Professional,Financial Services,SMB,North America,2025-11-21,Control,0,0,5,0,374,0.6734,0.1689,4,5,1,0.5589,38,2719,2025-11
CUST-02269,Business,Education,SMB,Europe,2025-10-07,Control,0,0,9,0,375,0.7069,0.1495,6,7,1,0.3791,46,7436,2025-10
CUST-02270,Business,Healthcare,SMB,Europe,2026-01-21,Control,0,0,18,3,508,0.8364,0.1421,1,5,0,0.3639,47,7516,2026-01
CUST-02271,Professional,Education,Mid-Market,North America,2026-01-27,Control,0,0,12,0,342,0.7497,0.1833,2,1,0,0.6739,27,2892,2026-01
CUST-02272,Professional,Education,SMB,North America,2025-10-07,Control,0,0,12,1,576,0.7759,0.1706,2,2,1,0.6948,32,3258,2025-10
CUST-02273,Business,SaaS,SMB,North America,2026-02-04,Control,0,0,10,2,322,0.7388,0.1878,4,7,1,0.4505,42,10235,2026-02
CUST-02274,Business,SaaS,SMB,Europe,2025-10-29,Control,0,0,14,1,359,0.8481,0.1536,1,2,0,0.4742,43,8272,2025-10
CUST-02275,Business,Financial Services,Mid-Market,North America,2025-12-05,Control,0,0,18,3,329,0.6011,0.172,3,5,1,0.4876,40,7319,2025-12
CUST-02276,Starter,Professional Services,SMB,Europe,2025-10-19,Treatment,0,0,7,0,388,0.4241,0.1339,2,4,0,0.4138,36,1072,2025-10
CUST-02277,Professional,Healthcare,Enterprise,LATAM,2025-12-11,Control,1,7,17,12,173,0.8021,0.129,6,6,1,0.2595,68,4070,2025-12
CUST-02278,Starter,Financial Services,Mid-Market,North America,2025-11-17,Treatment,0,0,7,1,455,0.7241,0.205,3,6,1,0.4753,40,1291,2025-11
CUST-02279,Business,Financial Services,SMB,North America,2025-12-27,Control,1,4,14,7,330,0.8017,0.0896,4,3,0,0.4461,52,7460,2025-12
CUST-02280,Professional,Professional Services,Mid-Market,North America,2025-12-13,Treatment,0,0,18,0,427,0.6699,0.1153,3,3,0,0.6283,35,3289,2025-12
CUST-02281,Professional,Financial Services,SMB,North America,2026-01-28,Treatment,0,0,6,1,494,0.6207,0.1907,2,1,1,0.67,28,3105,2026-01
CUST-02282,Starter,SaaS,Enterprise,LATAM,2025-11-19,Treatment,1,3,18,13,330,0.7965,0.142,6,8,1,0.2115,67,1316,2025-11
CUST-02283,Professional,SaaS,Enterprise,LATAM,2025-10-05,Treatment,1,9,24,15,386,0.7757,0.0817,5,4,1,0.3594,61,3051,2025-10
CUST-02284,Business,SaaS,SMB,North America,2026-01-15,Treatment,0,0,11,1,353,0.7439,0.1514,2,3,0,0.5306,39,6716,2026-01
CUST-02285,Starter,Education,Mid-Market,APAC,2025-11-23,Control,0,0,8,0,456,0.7804,0.1515,5,7,0,0.2535,54,1166,2025-11
CUST-02286,Starter,Education,SMB,North America,2025-10-08,Control,0,0,11,0,429,0.819,0.153,3,4,0,0.438,41,1024,2025-10
CUST-02287,Business,Professional Services,SMB,Europe,2025-10-02,Treatment,1,7,15,13,280,0.8712,0.1178,7,9,1,0.2461,69,8065,2025-10
CUST-02288,Business,SaaS,Mid-Market,Europe,2026-02-20,Control,1,5,28,13,451,0.8035,0.1028,6,6,1,0.1944,67,8016,2026-02
CUST-02289,Starter,Financial Services,Enterprise,North America,2025-11-20,Control,0,0,8,1,396,0.7618,0.1333,3,3,0,0.5392,35,1320,2025-11
CUST-02290,Starter,SaaS,SMB,North America,2026-02-17,Treatment,0,0,11,0,401,0.6317,0.1531,4,6,1,0.3588,44,1357,2026-02
CUST-02291,Enterprise,Healthcare,Mid-Market,Europe,2026-02-17,Control,0,0,20,3,437,0.6835,0.1675,3,3,1,0.517,39,11777,2026-02
CUST-02292,Business,SaaS,Mid-Market,North America,2026-03-03,Treatment,0,0,16,0,467,0.8623,0.1442,3,5,1,0.4103,48,7241,2026-03
CUST-02293,Professional,Professional Services,SMB,LATAM,2026-01-09,Control,0,0,9,2,338,0.8091,0.171,4,3,1,0.4526,37,2909,2026-01
CUST-02294,Starter,SaaS,Mid-Market,North America,2026-02-26,Control,1,6,9,4,431,0.6888,0.0931,4,3,0,0.4307,53,1125,2026-02
CUST-02295,Starter,Financial Services,Mid-Market,North America,2026-02-19,Control,0,0,7,2,393,0.6701,0.1879,5,6,1,0.4247,42,1201,2026-02
CUST-02296,Starter,Education,Mid-Market,LATAM,2026-03-06,Control,0,0,11,0,396,0.874,0.1788,2,2,1,0.6025,35,1048,2026-03
CUST-02297,Business,Financial Services,Enterprise,North America,2025-11-18,Treatment,0,0,30,0,374,0.6645,0.1487,2,4,1,0.5116,43,8663,2025-11
CUST-02298,Starter,SaaS,SMB,North America,2025-12-16,Treatment,0,0,7,1,413,0.5783,0.1611,2,5,1,0.404,40,962,2025-12
CUST-02299,Starter,Education,SMB,North America,2026-01-16,Control,0,0,9,0,332,0.6852,0.1408,2,2,1,0.5953,31,1011,2026-01
CUST-02300,Business,Financial Services,SMB,North America,2026-02-23,Control,0,0,12,2,353,0.6873,0.2116,4,5,0,0.4005,45,6518,2026-02
CUST-02301,Enterprise,E-commerce,SMB,North America,2025-12-21,Treatment,0,0,21,2,311,0.8432,0.177,1,3,1,0.5053,40,17109,2025-12
CUST-02302,Business,Financial Services,SMB,North America,2025-11-13,Control,1,1,8,5,414,0.8761,0.0552,4,8,1,0.2637,63,6851,2025-11
CUST-02303,Professional,Education,Mid-Market,North America,2026-01-09,Control,0,0,6,2,398,0.6899,0.1541,2,2,1,0.6181,34,3411,2026-01
CUST-02304,Professional,E-commerce,SMB,North America,2025-12-18,Control,0,0,10,1,416,0.7237,0.1194,4,7,1,0.3129,50,2583,2025-12
CUST-02305,Professional,E-commerce,Mid-Market,APAC,2025-12-28,Treatment,0,0,8,1,376,0.7526,0.1494,1,4,0,0.5228,39,2959,2025-12
CUST-02306,Professional,E-commerce,SMB,APAC,2025-10-23,Control,0,0,9,1,392,0.7874,0.1619,3,3,0,0.477,38,3104,2025-10
CUST-02307,Professional,SaaS,SMB,North America,2025-11-15,Control,0,0,17,1,395,0.6998,0.1815,5,8,1,0.1394,55,3134,2025-11
CUST-02308,Professional,Professional Services,Mid-Market,LATAM,2026-01-24,Treatment,0,0,19,2,421,0.7532,0.1851,3,6,1,0.4986,41,2620,2026-01
CUST-02309,Professional,SaaS,Mid-Market,APAC,2025-10-31,Treatment,0,0,11,0,326,0.8443,0.1258,3,6,1,0.3321,50,3017,2025-10
CUST-02310,Business,Healthcare,SMB,LATAM,2026-02-23,Treatment,1,1,5,5,353,0.7983,0.0944,3,5,1,0.6027,49,5809,2026-02
CUST-02311,Enterprise,Healthcare,Enterprise,Europe,2025-10-10,Treatment,0,0,23,0,435,0.7661,0.168,3,2,0,0.5901,34,21824,2025-10
CUST-02312,Starter,Healthcare,SMB,North America,2026-01-17,Treatment,1,5,4,3,392,0.8587,0.0921,5,8,0,0.4127,61,1356,2026-01
CUST-02313,Professional,Healthcare,SMB,North America,2025-11-09,Treatment,1,7,13,10,467,0.7643,0.0524,5,8,1,0.0698,71,3347,2025-11
CUST-02314,Starter,Financial Services,SMB,APAC,2025-12-13,Treatment,1,2,6,2,403,0.7392,0.0696,6,12,1,0.0609,75,1157,2025-12
CUST-02315,Professional,Healthcare,Mid-Market,North America,2025-10-09,Control,0,0,15,0,458,0.7615,0.1554,3,3,0,0.5297,38,2947,2025-10
CUST-02316,Starter,SaaS,SMB,APAC,2026-03-02,Control,0,0,3,0,462,0.7766,0.1793,2,6,1,0.3482,44,1292,2026-03
CUST-02317,Starter,Education,Mid-Market,Europe,2026-01-21,Treatment,0,0,14,3,354,0.7235,0.1368,3,6,0,0.4709,45,1162,2026-01
CUST-02318,Business,Education,SMB,North America,2025-10-30,Treatment,1,4,16,12,401,0.7591,0.0761,3,2,1,0.5048,49,8011,2025-10
CUST-02319,Professional,E-commerce,SMB,North America,2026-01-29,Control,0,0,12,1,299,0.6928,0.1534,4,9,0,0.1477,56,3568,2026-01
CUST-02320,Business,Healthcare,Mid-Market,LATAM,2026-03-08,Treatment,0,0,24,4,353,0.7508,0.1191,4,6,0,0.3119,48,6587,2026-03
CUST-02321,Starter,SaaS,SMB,North America,2026-01-05,Treatment,0,0,8,3,423,0.6359,0.1501,1,6,0,0.3749,41,1348,2026-01
CUST-02322,Starter,SaaS,SMB,Europe,2025-10-17,Control,0,0,6,2,327,0.8137,0.1695,4,3,1,0.6725,32,1073,2025-10
CUST-02323,Professional,Healthcare,SMB,LATAM,2025-10-19,Treatment,0,0,16,4,452,0.8552,0.1356,3,7,0,0.2127,54,2676,2025-10
CUST-02324,Starter,Education,SMB,North America,2025-11-26,Control,1,1,13,8,425,0.6899,0.0779,5,7,1,0.2661,64,1193,2025-11
CUST-02325,Starter,Professional Services,SMB,North America,2026-01-10,Treatment,0,0,8,0,434,0.7745,0.1452,2,5,0,0.4264,42,1265,2026-01
CUST-02326,Enterprise,Healthcare,SMB,Europe,2025-10-26,Treatment,0,0,11,1,420,0.8185,0.1759,3,3,1,0.4911,41,13070,2025-10
CUST-02327,Starter,Education,Mid-Market,APAC,2025-11-04,Treatment,0,0,12,3,380,0.7998,0.1184,4,6,1,0.2471,53,1389,2025-11
CUST-02328,Starter,E-commerce,SMB,North America,2025-12-24,Treatment,0,0,4,0,421,0.5978,0.1459,3,6,0,0.4135,43,1052,2025-12
CUST-02329,Professional,Healthcare,SMB,North America,2025-12-03,Treatment,0,0,9,0,467,0.7041,0.198,4,2,1,0.5941,37,2212,2025-12
CUST-02330,Professional,E-commerce,Mid-Market,North America,2025-12-09,Control,0,0,15,4,455,0.6845,0.1879,5,4,1,0.4466,40,2796,2025-12
CUST-02331,Professional,SaaS,SMB,North America,2025-11-06,Treatment,0,0,15,2,407,0.7105,0.1861,4,9,1,0.1291,60,2602,2025-11
CUST-02332,Professional,Education,Mid-Market,North America,2026-02-09,Control,0,0,23,5,321,0.6312,0.194,5,7,1,0.3369,49,3001,2026-02
CUST-02333,Business,Healthcare,Mid-Market,North America,2025-10-13,Treatment,0,0,22,2,388,0.868,0.1357,4,6,1,0.4309,47,7677,2025-10
CUST-02334,Starter,Financial Services,SMB,APAC,2026-01-10,Treatment,0,0,5,0,425,0.7649,0.1917,2,3,1,0.401,41,1018,2026-01
CUST-02335,Professional,Healthcare,SMB,North America,2026-02-02,Treatment,0,0,10,1,448,0.6487,0.1075,4,9,1,0.2704,53,2916,2026-02
CUST-02336,Professional,Education,SMB,APAC,2026-02-06,Control,0,0,13,0,434,0.6859,0.146,2,6,1,0.4852,45,3390,2026-02
CUST-02337,Business,Financial Services,SMB,LATAM,2025-12-19,Control,0,0,5,0,482,0.8421,0.1756,2,3,1,0.4529,40,9638,2025-12
CUST-02338,Professional,E-commerce,SMB,Europe,2025-11-01,Control,0,0,13,0,373,0.722,0.1647,5,4,0,0.4771,39,2889,2025-11
CUST-02339,Professional,SaaS,Mid-Market,Europe,2026-02-03,Control,0,0,16,1,369,0.8323,0.1655,3,4,1,0.5456,36,3102,2026-02
CUST-02340,Starter,Education,Mid-Market,North America,2025-11-22,Control,0,0,5,1,453,0.7841,0.1357,2,3,0,0.4593,36,1077,2025-11
CUST-02341,Starter,E-commerce,SMB,Europe,2025-11-17,Control,1,1,8,3,335,0.7014,0.02,4,6,1,0.3206,57,1164,2025-11
CUST-02342,Starter,Healthcare,Enterprise,North America,2025-10-20,Treatment,1,8,14,9,309,0.7308,0.0995,6,7,0,0.2766,60,1376,2025-10
CUST-02343,Business,Education,SMB,North America,2025-11-17,Control,1,9,17,8,380,0.7161,0.1151,5,6,1,0.1924,64,7107,2025-11
CUST-02344,Starter,SaaS,Mid-Market,Europe,2025-10-30,Treatment,0,0,17,1,448,0.7673,0.1626,2,3,1,0.5173,37,1088,2025-10
CUST-02345,Business,Healthcare,Mid-Market,North America,2026-01-07,Control,0,0,9,0,423,0.8825,0.166,4,5,1,0.4092,43,7360,2026-01
CUST-02346,Starter,E-commerce,SMB,North America,2025-10-29,Treatment,1,1,7,6,210,0.8239,0.0991,4,6,1,0.2875,60,1085,2025-10
CUST-02347,Business,Healthcare,SMB,Europe,2025-12-13,Treatment,0,0,8,0,403,0.7214,0.1387,5,5,0,0.3525,43,6857,2025-12
CUST-02348,Business,E-commerce,SMB,North America,2025-12-19,Treatment,1,2,9,6,324,0.853,0.0859,3,5,1,0.287,60,7666,2025-12
CUST-02349,Starter,SaaS,Enterprise,North America,2025-12-04,Treatment,0,0,23,1,473,0.724,0.1301,4,6,1,0.4854,47,1075,2025-12
CUST-02350,Starter,SaaS,SMB,North America,2025-12-21,Treatment,0,0,7,0,326,0.703,0.1854,4,4,1,0.4184,39,885,2025-12
CUST-02351,Starter,SaaS,Mid-Market,North America,2026-01-02,Control,0,0,8,1,433,0.7455,0.1017,2,6,0,0.4332,41,1115,2026-01
CUST-02352,Business,SaaS,SMB,Europe,2026-01-03,Treatment,0,0,10,0,411,0.7908,0.153,2,6,1,0.3653,48,6927,2026-01
CUST-02353,Starter,Education,SMB,North America,2025-10-10,Control,0,0,3,0,425,0.6892,0.2031,4,5,0,0.4288,38,1200,2025-10
CUST-02354,Professional,Financial Services,Mid-Market,North America,2025-11-07,Treatment,1,3,12,5,425,0.7301,0.1016,3,5,1,0.2087,61,3183,2025-11
CUST-02355,Professional,E-commerce,SMB,Europe,2025-10-11,Treatment,0,0,7,1,389,0.8058,0.1313,1,4,1,0.4323,39,3011,2025-10
CUST-02356,Business,Healthcare,SMB,LATAM,2026-01-11,Control,0,0,26,3,407,0.5525,0.1705,4,8,1,0.3735,46,6836,2026-01
CUST-02357,Professional,Financial Services,Enterprise,Europe,2026-01-13,Treatment,0,0,14,0,506,0.6241,0.1799,4,9,1,0.2345,53,3075,2026-01
CUST-02358,Professional,SaaS,SMB,North America,2026-02-03,Control,0,0,15,2,456,0.7307,0.1639,4,8,0,0.2677,54,3247,2026-02
CUST-02359,Enterprise,Healthcare,Enterprise,Europe,2026-01-07,Treatment,1,3,24,18,407,0.906,0.1041,5,7,1,0.3249,66,14664,2026-01
CUST-02360,Starter,Financial Services,Enterprise,APAC,2026-01-18,Treatment,0,0,8,2,443,0.7462,0.129,4,6,0,0.4172,47,1161,2026-01
CUST-02361,Business,E-commerce,SMB,LATAM,2025-10-17,Treatment,0,0,11,1,508,0.6841,0.1425,5,3,0,0.4184,40,9316,2025-10
CUST-02362,Starter,Professional Services,SMB,North America,2025-11-09,Treatment,0,0,3,1,423,0.7946,0.1682,4,6,0,0.3585,46,1297,2025-11
CUST-02363,Professional,Education,SMB,North America,2025-10-21,Control,0,0,6,0,417,0.6672,0.1517,3,5,1,0.4696,37,3530,2025-10
CUST-02364,Business,Professional Services,Mid-Market,North America,2025-11-17,Treatment,1,7,15,9,403,0.8632,0.0788,5,10,0,0.1465,74,7682,2025-11
CUST-02365,Professional,SaaS,Enterprise,Europe,2026-01-24,Treatment,0,0,24,5,365,0.6938,0.1344,3,1,1,0.6013,31,2772,2026-01
CUST-02366,Professional,SaaS,Enterprise,North America,2025-11-18,Control,1,1,17,12,407,0.7146,0.1248,5,3,0,0.5353,46,3259,2025-11
CUST-02367,Starter,SaaS,Enterprise,APAC,2025-12-12,Control,0,0,17,1,462,0.7869,0.1623,5,7,1,0.5219,45,1138,2025-12
CUST-02368,Professional,Professional Services,SMB,North America,2025-10-23,Control,0,0,9,3,370,0.8562,0.1843,5,7,1,0.1453,55,2563,2025-10
CUST-02369,Professional,Education,SMB,Europe,2025-12-06,Treatment,0,0,10,0,403,0.698,0.1052,4,3,1,0.6329,35,2704,2025-12
CUST-02370,Professional,Education,SMB,North America,2026-02-09,Treatment,0,0,13,0,429,0.8095,0.1833,3,6,1,0.452,46,3136,2026-02
CUST-02371,Professional,Healthcare,Enterprise,North America,2025-12-07,Control,0,0,18,1,371,0.5714,0.1315,2,5,0,0.5067,37,2961,2025-12
CUST-02372,Professional,Professional Services,SMB,North America,2026-03-01,Control,0,0,9,0,353,0.6204,0.1531,4,3,0,0.306,41,2874,2026-03
CUST-02373,Starter,E-commerce,SMB,Europe,2026-02-26,Control,0,0,16,2,388,0.6509,0.1647,2,2,1,0.5236,35,1142,2026-02
CUST-02374,Starter,Professional Services,SMB,North America,2025-10-17,Control,0,0,9,0,414,0.7158,0.2094,4,4,0,0.4446,38,1187,2025-10
CUST-02375,Professional,E-commerce,SMB,North America,2025-10-06,Control,0,0,5,0,447,0.767,0.2053,3,2,1,0.5854,36,3477,2025-10
CUST-02376,Starter,SaaS,SMB,Europe,2025-11-28,Treatment,1,3,7,7,375,0.7107,0.0882,2,3,1,0.4009,54,961,2025-11
CUST-02377,Business,SaaS,SMB,LATAM,2025-11-20,Control,0,0,21,6,387,0.6535,0.1705,2,7,0,0.5308,42,7722,2025-11
CUST-02378,Professional,Education,Mid-Market,APAC,2026-02-06,Treatment,0,0,10,0,442,0.793,0.1449,3,6,1,0.2803,50,3429,2026-02
CUST-02379,Starter,E-commerce,Mid-Market,Europe,2025-12-02,Control,0,0,13,2,371,0.6599,0.161,7,8,0,0.3488,47,1230,2025-12
CUST-02380,Professional,Healthcare,SMB,North America,2025-11-03,Treatment,1,9,7,3,299,0.9181,0.0895,6,7,1,0.4249,60,3172,2025-11
CUST-02381,Business,Healthcare,Mid-Market,APAC,2025-12-07,Control,0,0,6,1,388,0.669,0.168,1,2,0,0.3984,39,8534,2025-12
CUST-02382,Starter,Healthcare,SMB,North America,2025-12-09,Control,0,0,4,0,424,0.8201,0.146,4,2,0,0.6116,35,1080,2025-12
CUST-02383,Starter,Education,Mid-Market,LATAM,2026-01-08,Control,0,0,13,1,373,0.7923,0.1723,5,6,1,0.3978,44,1220,2026-01
CUST-02384,Starter,SaaS,SMB,APAC,2025-10-03,Treatment,0,0,5,3,292,0.7338,0.1692,2,2,1,0.4977,39,1039,2025-10
CUST-02385,Starter,SaaS,Mid-Market,North America,2026-02-17,Treatment,0,0,8,0,363,0.7447,0.1332,4,8,1,0.2778,49,1314,2026-02
CUST-02386,Business,Professional Services,SMB,North America,2026-03-08,Control,1,8,12,9,292,0.8174,0.0873,6,7,0,0.3237,61,9083,2026-03
CUST-02387,Enterprise,E-commerce,SMB,Europe,2025-11-22,Treatment,1,5,16,11,287,0.9228,0.0767,6,7,0,0.2038,69,17279,2025-11
CUST-02388,Starter,SaaS,Mid-Market,Europe,2025-11-23,Treatment,1,5,15,13,352,0.6328,0.1409,6,7,0,0.3707,57,1065,2025-11
CUST-02389,Business,SaaS,Mid-Market,Europe,2026-02-17,Control,1,9,16,11,427,0.7802,0.122,3,9,1,0.1489,70,10166,2026-02
CUST-02390,Starter,SaaS,Mid-Market,LATAM,2025-12-29,Treatment,0,0,12,0,412,0.7425,0.1846,1,1,1,0.6023,27,1363,2025-12
CUST-02391,Professional,SaaS,SMB,Europe,2026-01-02,Control,1,9,10,6,434,0.9039,0.0776,4,6,1,0.4099,59,2728,2026-01
CUST-02392,Business,SaaS,SMB,North America,2025-11-09,Treatment,1,1,12,10,209,0.7616,0.1361,4,5,1,0.2921,59,7654,2025-11
CUST-02393,Professional,SaaS,Mid-Market,Europe,2025-12-24,Treatment,0,0,13,3,405,0.5603,0.1514,3,6,1,0.4261,40,2838,2025-12
CUST-02394,Starter,Professional Services,SMB,North America,2025-11-02,Control,1,2,4,3,396,0.606,0.0723,4,5,0,0.3452,57,1204,2025-11
CUST-02395,Professional,Professional Services,SMB,Europe,2026-03-09,Treatment,1,5,6,2,347,0.8131,0.1467,3,4,0,0.5291,48,3325,2026-03
CUST-02396,Enterprise,Education,SMB,APAC,2026-01-04,Control,0,0,16,0,361,0.6472,0.1767,3,6,0,0.3917,44,15271,2026-01
CUST-02397,Starter,Healthcare,SMB,North America,2025-12-29,Treatment,0,0,6,1,380,0.7086,0.1404,5,8,1,0.2911,48,1045,2025-12
CUST-02398,Starter,Healthcare,SMB,APAC,2026-01-02,Treatment,1,7,6,3,427,0.7052,0.0803,3,6,1,0.4256,58,1023,2026-01
CUST-02399,Starter,Education,SMB,APAC,2025-11-24,Treatment,0,0,6,1,335,0.6986,0.1795,2,5,1,0.4972,40,1196,2025-11
CUST-02400,Professional,Professional Services,Mid-Market,North America,2026-02-06,Control,0,0,15,6,337,0.8837,0.1525,5,9,1,0.217,58,3309,2026-02
CUST-02401,Professional,E-commerce,Mid-Market,APAC,2026-02-01,Control,0,0,13,1,333,0.829,0.1578,2,3,1,0.4882,40,2455,2026-02
CUST-02402,Business,SaaS,Mid-Market,Europe,2025-12-14,Treatment,0,0,11,1,437,0.7261,0.2021,2,7,1,0.2776,47,7429,2025-12
CUST-02403,Business,Healthcare,Mid-Market,North America,2025-12-28,Treatment,0,0,10,3,351,0.7053,0.1435,4,5,1,0.4286,40,7506,2025-12
CUST-02404,Business,E-commerce,SMB,North America,2025-10-19,Treatment,0,0,11,1,398,0.656,0.1484,3,3,1,0.5616,37,6896,2025-10
CUST-02405,Business,E-commerce,Enterprise,North America,2026-02-19,Control,0,0,25,4,425,0.772,0.2299,5,10,0,0.1332,61,6424,2026-02
CUST-02406,Starter,SaaS,Mid-Market,Europe,2026-01-03,Treatment,0,0,7,0,383,0.6987,0.172,4,3,0,0.6626,29,1226,2026-01
CUST-02407,Professional,Education,SMB,North America,2025-12-26,Treatment,1,1,14,10,279,0.9151,0.1026,4,7,1,0.2922,61,3119,2025-12
CUST-02408,Starter,Financial Services,SMB,North America,2026-01-16,Treatment,0,0,6,0,438,0.7366,0.1986,3,2,1,0.6713,29,1190,2026-01
CUST-02409,Professional,Financial Services,Mid-Market,LATAM,2025-12-30,Control,1,7,9,8,382,0.8199,0.1045,3,4,1,0.4407,54,2997,2025-12
CUST-02410,Enterprise,SaaS,Mid-Market,Europe,2025-10-01,Control,0,0,34,5,488,0.6185,0.1932,4,8,0,0.372,46,15345,2025-10
CUST-02411,Professional,Professional Services,Mid-Market,Europe,2025-12-31,Control,0,0,13,4,406,0.6814,0.1249,6,5,1,0.3253,43,2933,2025-12
CUST-02412,Enterprise,Professional Services,Mid-Market,LATAM,2025-12-28,Treatment,1,6,28,21,360,0.98,0.1024,5,7,1,0.4516,65,19955,2025-12
CUST-02413,Professional,SaaS,Enterprise,North America,2026-02-22,Treatment,1,2,9,7,373,0.684,0.086,3,6,0,0.2507,61,3082,2026-02
CUST-02414,Professional,Financial Services,Enterprise,North America,2026-01-12,Treatment,1,8,16,10,356,0.787,0.103,5,6,1,0.3381,59,3296,2026-01
CUST-02415,Professional,Financial Services,Mid-Market,Europe,2026-03-02,Control,1,8,7,6,352,0.7888,0.0351,4,11,1,0.0758,77,2699,2026-03
CUST-02416,Starter,Professional Services,Enterprise,North America,2025-12-07,Treatment,0,0,12,0,377,0.7473,0.1243,4,4,1,0.3924,39,1079,2025-12
CUST-02417,Starter,SaaS,Enterprise,North America,2025-12-30,Treatment,0,0,13,1,419,0.7578,0.159,4,6,0,0.471,45,1217,2025-12
CUST-02418,Professional,Education,SMB,Europe,2026-02-04,Control,1,5,11,6,388,0.763,0.1089,4,8,1,0.1635,68,2757,2026-02
CUST-02419,Starter,E-commerce,Mid-Market,North America,2026-01-31,Control,0,0,13,3,385,0.7957,0.1275,3,6,1,0.3998,45,1066,2026-01
CUST-02420,Enterprise,SaaS,SMB,Europe,2025-11-13,Control,0,0,13,0,358,0.7013,0.1464,4,6,0,0.4534,40,14508,2025-11
CUST-02421,Starter,SaaS,SMB,Europe,2025-11-13,Treatment,0,0,11,1,322,0.7721,0.1691,6,7,0,0.4507,44,1125,2025-11
CUST-02422,Starter,SaaS,SMB,Europe,2025-10-22,Control,1,6,5,3,343,0.6818,0.0877,3,6,1,0.2211,61,1563,2025-10
CUST-02423,Business,Healthcare,SMB,North America,2025-12-21,Control,0,0,16,1,371,0.6642,0.186,4,6,1,0.4606,41,9454,2025-12
CUST-02424,Starter,E-commerce,SMB,North America,2026-02-19,Treatment,0,0,6,0,388,0.6043,0.1886,4,7,1,0.3123,44,1386,2026-02
CUST-02425,Business,Professional Services,SMB,APAC,2026-02-02,Treatment,0,0,5,0,385,0.747,0.1338,3,2,0,0.4668,38,8632,2026-02
CUST-02426,Business,SaaS,SMB,LATAM,2025-11-09,Treatment,0,0,7,1,495,0.7503,0.158,2,4,1,0.4899,37,8280,2025-11
CUST-02427,Starter,Education,Mid-Market,North America,2026-01-31,Treatment,0,0,12,0,389,0.6931,0.147,1,4,0,0.5294,37,1010,2026-01
CUST-02428,Professional,SaaS,Mid-Market,North America,2025-12-10,Treatment,0,0,6,0,337,0.7466,0.1918,3,3,0,0.4803,37,3302,2025-12
CUST-02429,Professional,Financial Services,Enterprise,Europe,2025-10-07,Treatment,1,6,18,12,364,0.7104,0.1126,7,10,1,0.1315,76,2457,2025-10
CUST-02430,Business,Education,SMB,North America,2025-12-23,Treatment,0,0,9,0,389,0.8241,0.1368,2,4,1,0.3439,46,9032,2025-12
CUST-02431,Business,Professional Services,SMB,North America,2025-11-24,Control,1,2,10,5,478,0.8769,0.1246,5,7,0,0.3675,62,7976,2025-11
CUST-02432,Business,Financial Services,Mid-Market,North America,2025-12-05,Treatment,0,0,10,0,426,0.6501,0.1271,4,6,1,0.3353,46,6814,2025-12
CUST-02433,Professional,Financial Services,SMB,North America,2026-03-04,Treatment,0,0,10,0,459,0.6295,0.1486,2,6,1,0.4283,43,3150,2026-03
CUST-02434,Professional,SaaS,Enterprise,North America,2025-11-28,Treatment,1,6,28,22,355,0.766,0.063,5,8,1,0.2104,68,2655,2025-11
CUST-02435,Professional,SaaS,Mid-Market,North America,2025-11-11,Control,0,0,11,2,408,0.7437,0.1488,4,8,1,0.2394,53,2938,2025-11
CUST-02436,Enterprise,E-commerce,SMB,APAC,2025-12-31,Control,0,0,11,0,381,0.7599,0.1042,2,3,0,0.4919,38,15859,2025-12
CUST-02437,Professional,SaaS,SMB,North America,2025-12-27,Control,0,0,6,1,397,0.6406,0.16,3,6,0,0.3475,40,2882,2025-12
CUST-02438,Professional,Healthcare,SMB,North America,2026-02-09,Control,0,0,12,2,349,0.6914,0.1172,1,3,0,0.604,33,3719,2026-02
CUST-02439,Professional,SaaS,SMB,North America,2025-11-16,Control,0,0,9,1,378,0.7519,0.148,4,7,1,0.1821,53,3233,2025-11
CUST-02440,Business,Education,SMB,APAC,2025-11-22,Control,1,3,10,8,373,0.7732,0.1189,6,8,0,0.2531,64,8041,2025-11
CUST-02441,Enterprise,Education,Mid-Market,North America,2025-12-01,Control,0,0,13,1,426,0.7587,0.1641,2,3,0,0.5167,39,15089,2025-12
CUST-02442,Starter,Professional Services,Mid-Market,North America,2025-12-07,Treatment,0,0,12,0,422,0.8049,0.2158,1,6,1,0.2741,51,1163,2025-12
CUST-02443,Starter,Financial Services,SMB,Europe,2026-01-04,Treatment,0,0,7,2,358,0.6757,0.187,1,2,0,0.5465,32,1353,2026-01
CUST-02444,Professional,SaaS,SMB,Europe,2026-01-03,Treatment,0,0,5,2,507,0.7976,0.1864,2,4,1,0.3826,44,2818,2026-01
CUST-02445,Professional,SaaS,SMB,APAC,2026-03-06,Control,0,0,19,3,394,0.7227,0.1463,5,9,1,0.2597,53,2818,2026-03
CUST-02446,Professional,Financial Services,SMB,North America,2025-10-27,Control,0,0,10,3,403,0.7163,0.1531,4,9,1,0.1695,57,3046,2025-10
CUST-02447,Starter,Financial Services,Mid-Market,North America,2025-10-27,Control,0,0,12,0,479,0.6183,0.1733,5,8,0,0.2343,50,1239,2025-10
CUST-02448,Professional,Healthcare,Mid-Market,North America,2026-01-15,Treatment,0,0,12,0,359,0.7892,0.1475,3,7,1,0.3988,48,2892,2026-01
CUST-02449,Professional,E-commerce,Mid-Market,Europe,2025-12-12,Control,0,0,11,0,400,0.8843,0.1604,5,6,1,0.264,50,2867,2025-12
CUST-02450,Professional,E-commerce,SMB,North America,2026-01-15,Treatment,1,5,8,7,453,0.7247,0.1183,3,5,1,0.4069,56,2558,2026-01
CUST-02451,Professional,SaaS,SMB,North America,2025-11-01,Control,0,0,6,0,435,0.6533,0.1636,2,5,1,0.376,38,3279,2025-11
CUST-02452,Business,Healthcare,Mid-Market,North America,2025-11-22,Control,1,4,16,11,405,0.9325,0.0538,6,5,1,0.4832,55,6909,2025-11
CUST-02453,Professional,Healthcare,Mid-Market,LATAM,2025-11-13,Control,0,0,13,0,389,0.7804,0.1773,3,5,0,0.403,45,2982,2025-11
CUST-02454,Business,Financial Services,Mid-Market,North America,2025-12-18,Control,0,0,14,1,382,0.6748,0.1495,3,5,1,0.3287,44,5558,2025-12
CUST-02455,Professional,Education,SMB,North America,2025-11-01,Control,0,0,6,1,340,0.864,0.1469,4,6,0,0.2765,52,3264,2025-11
CUST-02456,Professional,E-commerce,Mid-Market,LATAM,2025-12-20,Treatment,0,0,14,3,505,0.6932,0.2207,4,10,1,0.1682,58,3412,2025-12
CUST-02457,Professional,Professional Services,SMB,Europe,2026-02-05,Control,0,0,11,1,379,0.7322,0.1638,4,7,0,0.3715,46,3272,2026-02
CUST-02458,Starter,Professional Services,SMB,Europe,2025-10-14,Control,1,7,10,9,274,0.837,0.1425,3,4,1,0.4135,56,1314,2025-10
CUST-02459,Starter,SaaS,Mid-Market,Europe,2026-01-16,Control,0,0,14,0,475,0.7908,0.1413,4,2,0,0.6354,35,1163,2026-01
CUST-02460,Professional,Financial Services,SMB,North America,2025-10-01,Treatment,0,0,5,2,348,0.7653,0.1433,2,2,0,0.4923,37,3746,2025-10
CUST-02461,Business,E-commerce,Mid-Market,APAC,2026-03-08,Treatment,1,1,9,6,404,0.9751,0.0782,3,6,0,0.1842,67,7295,2026-03
CUST-02462,Professional,Financial Services,SMB,North America,2025-11-01,Treatment,0,0,10,5,413,0.8398,0.1576,2,3,0,0.3004,46,3582,2025-11
CUST-02463,Starter,SaaS,SMB,LATAM,2026-02-17,Treatment,1,2,10,9,406,0.9356,0.0825,4,5,0,0.3368,59,1130,2026-02
CUST-02464,Professional,Education,SMB,North America,2026-03-05,Treatment,1,9,15,9,291,0.7571,0.0653,6,7,1,0.1734,67,3739,2026-03
CUST-02465,Starter,Education,Mid-Market,Europe,2025-10-27,Control,1,3,9,7,378,0.8359,0.1136,4,5,1,0.2853,63,1208,2025-10
CUST-02466,Business,SaaS,Mid-Market,Europe,2025-12-20,Treatment,0,0,30,3,343,0.8648,0.1625,4,9,1,0.2229,61,6731,2025-12
CUST-02467,Business,SaaS,SMB,North America,2025-11-10,Treatment,0,0,8,0,413,0.6982,0.1812,4,6,1,0.4367,43,5809,2025-11
CUST-02468,Professional,SaaS,SMB,North America,2026-01-05,Control,0,0,10,0,457,0.6989,0.1681,4,5,1,0.2923,41,2828,2026-01
CUST-02469,Professional,Professional Services,SMB,Europe,2025-10-28,Control,0,0,15,0,316,0.8038,0.224,2,8,1,0.2518,55,3365,2025-10
CUST-02470,Professional,Financial Services,SMB,North America,2025-10-27,Treatment,1,5,15,13,325,0.8475,0.0938,4,5,1,0.3082,61,2728,2025-10
CUST-02471,Professional,SaaS,Mid-Market,LATAM,2026-01-07,Control,0,0,18,2,350,0.7285,0.1846,3,5,0,0.5414,39,2488,2026-01
CUST-02472,Business,Professional Services,SMB,North America,2025-10-08,Control,0,0,10,3,398,0.7518,0.1925,3,4,1,0.6021,36,7333,2025-10
CUST-02473,Business,Healthcare,SMB,Europe,2026-01-26,Control,0,0,13,2,338,0.5843,0.131,4,2,1,0.4471,33,9166,2026-01
CUST-02474,Professional,E-commerce,SMB,Europe,2025-12-23,Control,0,0,12,2,436,0.7032,0.1339,2,5,0,0.5732,35,3660,2025-12
CUST-02475,Professional,Healthcare,Mid-Market,North America,2025-11-19,Treatment,0,0,10,1,390,0.662,0.1353,2,3,1,0.5396,36,2025,2025-11
CUST-02476,Starter,E-commerce,Mid-Market,Europe,2025-10-04,Control,0,0,16,1,403,0.8583,0.151,3,7,1,0.395,49,1286,2025-10
CUST-02477,Starter,E-commerce,Mid-Market,Europe,2026-01-03,Treatment,0,0,9,1,415,0.7157,0.1526,3,7,1,0.4527,45,1270,2026-01
CUST-02478,Starter,Healthcare,Mid-Market,Europe,2026-03-02,Control,0,0,14,1,251,0.7368,0.1661,4,7,1,0.4285,47,1009,2026-03
CUST-02479,Professional,E-commerce,Enterprise,Europe,2026-03-07,Control,1,1,15,7,318,0.8981,0.1301,5,7,1,0.2523,66,2987,2026-03
CUST-02480,Enterprise,Education,SMB,Europe,2026-02-01,Control,0,0,20,5,472,0.8792,0.1203,2,6,0,0.3428,49,19898,2026-02
CUST-02481,Professional,E-commerce,Mid-Market,North America,2026-01-06,Treatment,0,0,15,2,333,0.7513,0.1216,3,6,0,0.4279,42,3134,2026-01
CUST-02482,Starter,Education,Mid-Market,North America,2026-01-29,Control,0,0,8,0,352,0.6619,0.1457,2,3,0,0.6855,30,1398,2026-01
CUST-02483,Starter,E-commerce,SMB,North America,2026-02-26,Treatment,1,7,12,10,332,0.7661,0.0658,5,4,0,0.4369,55,1024,2026-02
CUST-02484,Professional,Professional Services,Mid-Market,Europe,2026-01-02,Treatment,0,0,14,1,448,0.7535,0.1225,1,3,1,0.4969,39,3339,2026-01
CUST-02485,Business,Healthcare,Mid-Market,LATAM,2025-10-23,Treatment,0,0,15,1,329,0.7558,0.1517,7,6,1,0.3288,48,7422,2025-10
CUST-02486,Professional,Professional Services,Mid-Market,North America,2026-01-21,Control,1,6,7,4,358,0.7453,0.096,3,7,0,0.4232,57,2877,2026-01
CUST-02487,Business,SaaS,SMB,Europe,2026-01-30,Control,0,0,14,2,467,0.5651,0.1583,2,5,1,0.4138,41,6794,2026-01
CUST-02488,Business,SaaS,SMB,North America,2025-12-23,Treatment,0,0,13,1,422,0.6003,0.1462,2,6,1,0.3197,45,6978,2025-12
CUST-02489,Starter,SaaS,Mid-Market,Europe,2026-01-22,Treatment,0,0,13,1,350,0.6351,0.1604,2,3,1,0.6146,34,1203,2026-01
CUST-02490,Professional,SaaS,SMB,Europe,2025-10-16,Treatment,0,0,4,0,467,0.7125,0.117,2,7,0,0.3054,46,2806,2025-10
CUST-02491,Enterprise,Education,SMB,Europe,2025-11-12,Treatment,0,0,17,1,388,0.7296,0.1777,5,8,1,0.368,50,17786,2025-11
CUST-02492,Professional,Education,SMB,Europe,2026-01-07,Control,0,0,8,1,427,0.5969,0.1602,3,4,1,0.4563,35,2329,2026-01
CUST-02493,Starter,Professional Services,SMB,Europe,2025-10-14,Treatment,1,6,6,4,324,0.7905,0.0992,5,5,1,0.2994,61,1344,2025-10
CUST-02494,Enterprise,SaaS,Mid-Market,North America,2026-02-11,Treatment,0,0,12,1,459,0.8883,0.1619,3,5,1,0.5264,43,13008,2026-02
CUST-02495,Business,Education,Mid-Market,North America,2025-10-01,Treatment,0,0,22,3,382,0.7585,0.12,4,8,0,0.3861,50,6754,2025-10
CUST-02496,Professional,Professional Services,Enterprise,North America,2025-12-20,Treatment,0,0,9,1,415,0.8901,0.1492,2,5,0,0.5891,37,3341,2025-12
CUST-02497,Professional,Healthcare,SMB,LATAM,2026-01-08,Control,1,4,15,9,267,0.8104,0.1246,4,9,1,0.059,72,3356,2026-01
CUST-02498,Starter,E-commerce,SMB,Europe,2026-01-27,Treatment,1,1,8,5,451,0.8079,0.1052,4,2,1,0.5143,46,1260,2026-01
CUST-02499,Business,Financial Services,SMB,North America,2026-01-04,Treatment,1,1,6,5,428,0.8326,0.0851,3,4,0,0.4969,52,8419,2026-01
CUST-02500,Professional,SaaS,SMB,North America,2025-11-01,Control,1,2,8,5,303,0.9557,0.1107,5,5,1,0.2511,65,3104,2025-11
CUST-02501,Starter,E-commerce,Mid-Market,North America,2026-01-30,Treatment,1,6,27,20,441,0.9358,0.1158,6,8,1,0.2952,67,1173,2026-01
CUST-02502,Professional,Professional Services,SMB,LATAM,2026-01-29,Control,1,8,11,6,299,0.8707,0.125,3,3,1,0.4317,48,2870,2026-01
CUST-02503,Enterprise,SaaS,SMB,North America,2025-10-18,Control,0,0,11,1,334,0.7892,0.1802,4,4,0,0.5605,36,15782,2025-10
CUST-02504,Business,E-commerce,Mid-Market,Europe,2025-12-10,Treatment,1,2,39,31,340,0.7414,0.1273,4,4,0,0.5246,53,7560,2025-12
CUST-02505,Starter,E-commerce,Mid-Market,North America,2025-12-26,Control,0,0,5,0,420,0.6227,0.1618,3,5,1,0.4507,38,1161,2025-12
CUST-02506,Starter,Professional Services,SMB,Europe,2025-12-31,Treatment,1,8,8,7,401,0.7742,0.1137,7,12,1,0.0654,77,1084,2025-12
CUST-02507,Enterprise,Education,Mid-Market,Europe,2025-11-02,Control,0,0,12,1,399,0.8775,0.1351,5,6,0,0.3864,46,13287,2025-11
CUST-02508,Enterprise,Professional Services,SMB,North America,2025-11-03,Treatment,0,0,6,1,341,0.8979,0.1801,2,5,1,0.4016,47,14305,2025-11
CUST-02509,Professional,Financial Services,Mid-Market,Europe,2025-11-13,Treatment,0,0,13,1,464,0.6013,0.1653,6,9,1,0.21,53,3386,2025-11
CUST-02510,Professional,Financial Services,Mid-Market,North America,2026-02-06,Treatment,0,0,18,1,397,0.838,0.1756,4,8,1,0.2666,54,2915,2026-02
CUST-02511,Professional,Financial Services,SMB,APAC,2025-10-27,Control,0,0,15,3,431,0.8762,0.1917,4,6,0,0.3534,49,2815,2025-10
CUST-02512,Professional,E-commerce,SMB,North America,2025-12-15,Treatment,1,3,14,13,398,0.9099,0.0676,4,4,1,0.3507,59,3356,2025-12
CUST-02513,Starter,SaaS,SMB,Europe,2025-12-27,Control,1,4,7,6,323,0.7737,0.1266,5,7,1,0.3442,62,1186,2025-12
CUST-02514,Starter,Financial Services,Mid-Market,North America,2025-11-25,Treatment,0,0,9,1,389,0.7957,0.1773,4,6,1,0.2392,51,1261,2025-11
CUST-02515,Starter,Financial Services,SMB,Europe,2025-12-06,Control,0,0,11,2,433,0.6067,0.1676,5,5,0,0.5095,38,1145,2025-12
CUST-02516,Business,E-commerce,Mid-Market,North America,2025-10-18,Control,0,0,10,3,443,0.6178,0.1303,3,5,0,0.4276,39,7227,2025-10
CUST-02517,Starter,Education,SMB,Europe,2025-12-16,Treatment,0,0,7,0,377,0.9301,0.1452,4,5,1,0.5719,42,1048,2025-12
CUST-02518,Starter,Financial Services,SMB,North America,2026-03-05,Control,1,6,5,2,383,0.7737,0.1138,2,4,0,0.5977,51,1196,2026-03
CUST-02519,Professional,Healthcare,SMB,North America,2026-01-12,Control,0,0,12,0,334,0.639,0.1603,3,4,0,0.5802,34,2736,2026-01
CUST-02520,Starter,SaaS,SMB,APAC,2025-10-12,Control,1,9,6,3,356,0.7817,0.1197,5,4,1,0.5285,50,1075,2025-10
CUST-02521,Starter,SaaS,SMB,North America,2025-10-20,Control,0,0,3,1,473,0.8794,0.181,2,5,1,0.4397,43,1220,2025-10
CUST-02522,Professional,Healthcare,SMB,North America,2025-11-27,Treatment,1,6,23,16,260,0.9033,0.0717,6,5,1,0.3938,60,3028,2025-11
CUST-02523,Professional,E-commerce,Enterprise,Europe,2026-01-29,Treatment,1,8,18,14,455,0.7571,0.0895,2,9,1,0.1899,68,2732,2026-01
CUST-02524,Professional,SaaS,SMB,North America,2025-10-31,Control,0,0,9,0,511,0.725,0.1578,1,4,0,0.483,36,2894,2025-10
CUST-02525,Business,SaaS,Mid-Market,APAC,2026-01-08,Treatment,0,0,14,0,344,0.7702,0.1828,4,6,1,0.3166,50,7381,2026-01
CUST-02526,Starter,SaaS,SMB,North America,2026-01-23,Treatment,0,0,6,0,352,0.7847,0.1624,4,3,1,0.3704,41,1378,2026-01
CUST-02527,Business,Professional Services,Mid-Market,LATAM,2025-10-05,Treatment,0,0,14,2,401,0.7715,0.1591,3,3,1,0.5,40,6210,2025-10
CUST-02528,Business,Professional Services,SMB,APAC,2025-11-02,Treatment,1,9,17,13,334,0.7351,0.1017,4,5,1,0.3951,58,8689,2025-11
CUST-02529,Business,Healthcare,Mid-Market,North America,2025-11-22,Control,1,9,11,7,425,0.7926,0.0839,5,5,0,0.33,62,8443,2025-11
CUST-02530,Professional,SaaS,SMB,North America,2026-01-10,Control,0,0,8,0,453,0.6426,0.1809,5,8,1,0.2282,50,3005,2026-01
CUST-02531,Professional,SaaS,SMB,Europe,2026-01-14,Treatment,0,0,12,0,406,0.8076,0.1649,4,8,1,0.3347,48,3163,2026-01
CUST-02532,Professional,SaaS,SMB,Europe,2026-01-09,Treatment,0,0,15,3,324,0.7236,0.1917,6,7,1,0.4396,45,3190,2026-01
CUST-02533,Professional,Healthcare,SMB,North America,2025-12-03,Treatment,0,0,16,1,391,0.7581,0.1803,1,4,0,0.5018,41,2537,2025-12
CUST-02534,Starter,SaaS,SMB,North America,2025-12-30,Control,0,0,3,1,532,0.678,0.1657,2,3,1,0.504,37,1236,2025-12
CUST-02535,Enterprise,Healthcare,SMB,North America,2025-10-14,Treatment,1,2,8,7,365,0.8875,0.1273,3,4,1,0.3629,60,15238,2025-10
CUST-02536,Professional,Education,Enterprise,Europe,2025-10-23,Control,0,0,18,0,490,0.7852,0.1463,3,5,1,0.2915,48,2395,2025-10
CUST-02537,Business,E-commerce,SMB,Europe,2026-01-14,Treatment,0,0,10,2,418,0.6173,0.165,5,7,1,0.2721,49,6817,2026-01
CUST-02538,Professional,Professional Services,SMB,North America,2025-10-17,Control,0,0,8,3,481,0.7948,0.1641,2,5,1,0.3424,46,3419,2025-10
CUST-02539,Starter,SaaS,Mid-Market,North America,2025-12-14,Treatment,0,0,5,0,407,0.6388,0.171,2,4,0,0.5331,36,1171,2025-12
CUST-02540,Professional,SaaS,Mid-Market,Europe,2026-01-01,Treatment,1,5,18,13,426,0.7569,0.0771,4,7,1,0.3348,63,3345,2026-01
CUST-02541,Professional,Education,SMB,LATAM,2025-10-09,Control,0,0,9,0,465,0.805,0.1641,5,3,0,0.574,36,3095,2025-10
CUST-02542,Professional,Healthcare,SMB,North America,2025-12-11,Treatment,0,0,6,1,405,0.6794,0.1463,3,4,1,0.4791,38,2551,2025-12
CUST-02543,Professional,Financial Services,SMB,North America,2025-10-22,Treatment,0,0,8,0,416,0.741,0.1253,2,5,0,0.3769,45,3292,2025-10
CUST-02544,Starter,Education,SMB,North America,2025-11-24,Control,0,0,4,1,315,0.7242,0.157,3,1,1,0.3646,40,1325,2025-11
CUST-02545,Professional,E-commerce,SMB,Europe,2026-01-15,Control,0,0,21,2,383,0.6165,0.1674,5,8,0,0.3287,49,2823,2026-01
CUST-02546,Professional,Healthcare,Mid-Market,North America,2025-11-05,Treatment,0,0,21,2,541,0.8447,0.135,3,5,1,0.497,43,2510,2025-11
CUST-02547,Enterprise,E-commerce,Mid-Market,North America,2025-10-02,Control,0,0,20,7,485,0.8708,0.1518,3,8,1,0.2933,56,15674,2025-10
CUST-02548,Starter,SaaS,SMB,Europe,2025-11-14,Control,0,0,7,0,407,0.7688,0.1741,5,2,0,0.6496,33,1114,2025-11
CUST-02549,Starter,SaaS,SMB,Europe,2025-11-01,Treatment,1,5,7,4,327,0.7878,0.1074,3,6,1,0.2622,64,1182,2025-11
CUST-02550,Starter,SaaS,SMB,North America,2025-11-21,Treatment,1,5,9,6,434,0.8195,0.1096,3,3,0,0.4205,57,1392,2025-11
CUST-02551,Professional,Education,SMB,North America,2025-10-18,Treatment,0,0,7,0,427,0.8389,0.1353,1,5,1,0.3257,49,3408,2025-10
CUST-02552,Professional,Financial Services,SMB,North America,2025-12-25,Treatment,0,0,10,1,431,0.6904,0.2168,1,4,0,0.3597,40,3309,2025-12
CUST-02553,Professional,Healthcare,Mid-Market,North America,2025-11-04,Treatment,0,0,9,0,395,0.6977,0.1223,4,8,1,0.2198,55,3202,2025-11
CUST-02554,Enterprise,SaaS,SMB,North America,2025-12-07,Treatment,0,0,17,3,481,0.7392,0.1557,3,6,1,0.4177,42,15703,2025-12
CUST-02555,Starter,Financial Services,Enterprise,North America,2026-01-30,Control,0,0,12,1,420,0.5575,0.1026,7,4,0,0.4488,41,1387,2026-01
CUST-02556,Professional,Education,SMB,North America,2025-12-21,Control,0,0,5,0,446,0.788,0.1355,2,3,1,0.3565,39,2696,2025-12
CUST-02557,Starter,Healthcare,SMB,APAC,2025-11-23,Treatment,0,0,5,0,354,0.7478,0.1382,3,5,1,0.3037,43,1106,2025-11
CUST-02558,Starter,Healthcare,SMB,APAC,2025-11-29,Treatment,0,0,9,0,369,0.7987,0.1918,4,5,0,0.5214,43,1272,2025-11
CUST-02559,Professional,Professional Services,Mid-Market,North America,2026-01-22,Control,0,0,6,0,348,0.6947,0.2024,3,4,0,0.7643,29,3888,2026-01
CUST-02560,Starter,Education,SMB,Europe,2026-02-26,Treatment,1,6,3,2,398,0.6966,0.096,6,8,1,0.242,66,1176,2026-02
CUST-02561,Professional,Education,SMB,North America,2025-12-28,Treatment,1,2,22,18,357,0.8234,0.0783,4,11,1,0.2074,75,3428,2025-12
CUST-02562,Professional,Healthcare,SMB,APAC,2025-10-09,Control,1,8,17,9,300,0.7195,0.0258,5,8,1,0.1941,65,2634,2025-10
CUST-02563,Business,SaaS,Mid-Market,APAC,2025-11-03,Control,0,0,10,4,401,0.7783,0.14,3,6,1,0.4147,47,7740,2025-11
CUST-02564,Professional,E-commerce,Enterprise,Europe,2025-10-13,Control,0,0,17,0,418,0.7851,0.1144,6,8,0,0.2209,54,3241,2025-10
CUST-02565,Professional,Healthcare,SMB,Europe,2025-11-20,Treatment,1,1,12,9,256,0.98,0.0733,8,7,1,0.3895,64,3317,2025-11
CUST-02566,Professional,Education,SMB,North America,2025-12-18,Control,1,2,14,10,321,0.9251,0.082,4,4,0,0.4504,55,2909,2025-12
CUST-02567,Starter,SaaS,SMB,North America,2025-12-24,Control,0,0,7,1,415,0.7545,0.1653,4,5,1,0.4857,39,1115,2025-12
CUST-02568,Starter,Financial Services,SMB,North America,2025-11-22,Control,0,0,9,1,346,0.7123,0.1552,3,8,0,0.3334,51,1050,2025-11
CUST-02569,Professional,Education,Enterprise,North America,2026-02-13,Treatment,0,0,13,1,390,0.8034,0.1486,5,5,0,0.339,48,2945,2026-02
CUST-02570,Enterprise,Education,SMB,Europe,2026-01-30,Control,0,0,15,4,350,0.782,0.1475,3,5,0,0.4369,44,19584,2026-01
CUST-02571,Starter,Financial Services,Mid-Market,North America,2025-10-09,Control,0,0,7,0,323,0.6951,0.1565,4,4,1,0.4131,40,1159,2025-10
CUST-02572,Professional,Education,Enterprise,North America,2025-12-08,Control,1,6,18,9,258,0.6476,0.1173,7,9,1,0.1683,67,4046,2025-12
CUST-02573,Business,SaaS,Mid-Market,Europe,2025-11-06,Control,1,3,12,6,310,0.98,0.107,5,7,0,0.2986,65,7528,2025-11
CUST-02574,Business,Healthcare,SMB,APAC,2025-11-27,Control,0,0,14,3,504,0.8182,0.1434,4,5,0,0.4157,42,8306,2025-11
CUST-02575,Professional,SaaS,Mid-Market,Europe,2025-10-23,Treatment,1,1,17,13,288,0.8643,0.0817,3,4,0,0.476,56,3903,2025-10
CUST-02576,Professional,Education,SMB,North America,2026-02-17,Treatment,0,0,15,0,400,0.7375,0.209,5,5,1,0.5403,39,3054,2026-02
CUST-02577,Professional,Education,SMB,APAC,2026-03-09,Control,0,0,18,1,402,0.8847,0.145,4,10,1,0.0403,64,3771,2026-03
CUST-02578,Business,SaaS,Enterprise,North America,2025-12-23,Treatment,1,1,17,12,467,0.8838,0.1063,5,7,1,0.3337,67,7578,2025-12
CUST-02579,Starter,SaaS,SMB,Europe,2025-10-20,Control,1,4,9,6,251,0.7013,0.1147,5,8,0,0.294,65,1174,2025-10
CUST-02580,Enterprise,Healthcare,SMB,North America,2026-03-03,Treatment,0,0,17,2,362,0.7372,0.1606,3,6,0,0.3503,47,16282,2026-03
CUST-02581,Starter,SaaS,SMB,North America,2025-11-05,Control,1,3,9,5,388,0.8732,0.0738,6,10,1,0.1479,72,1003,2025-11
CUST-02582,Business,Professional Services,SMB,LATAM,2025-10-14,Treatment,0,0,5,0,403,0.8293,0.1131,3,8,0,0.3302,53,6770,2025-10
CUST-02583,Starter,SaaS,Mid-Market,North America,2026-03-03,Treatment,0,0,8,0,386,0.7092,0.1752,2,2,1,0.5606,31,1059,2026-03
CUST-02584,Starter,Professional Services,Mid-Market,North America,2025-11-24,Treatment,1,9,13,5,413,0.9349,0.0957,5,8,1,0.3512,67,1201,2025-11
CUST-02585,Starter,E-commerce,Mid-Market,North America,2025-10-23,Control,1,7,8,6,243,0.7062,0.0719,3,5,1,0.3713,56,1289,2025-10
CUST-02586,Professional,Healthcare,SMB,LATAM,2025-11-08,Treatment,0,0,13,2,382,0.7119,0.1736,4,6,0,0.4423,45,2808,2025-11
CUST-02587,Professional,SaaS,SMB,APAC,2025-10-26,Treatment,0,0,4,0,377,0.7153,0.1635,2,1,1,0.539,35,4052,2025-10
CUST-02588,Starter,Education,SMB,North America,2025-12-19,Treatment,1,3,10,9,396,0.8886,0.0707,5,7,1,0.4789,62,994,2025-12
CUST-02589,Professional,Financial Services,SMB,Europe,2025-10-19,Control,1,3,5,4,242,0.9169,0.0544,4,4,0,0.5217,53,2598,2025-10
CUST-02590,Professional,E-commerce,Mid-Market,North America,2025-10-21,Control,0,0,20,1,393,0.8349,0.1493,4,4,0,0.5982,41,3277,2025-10
CUST-02591,Business,Healthcare,Mid-Market,Europe,2025-10-10,Control,0,0,18,1,395,0.6213,0.1958,1,3,0,0.4189,39,7186,2025-10
CUST-02592,Business,Education,Mid-Market,North America,2026-03-03,Control,0,0,10,2,370,0.744,0.1769,3,4,1,0.4022,41,5889,2026-03
CUST-02593,Professional,Professional Services,Mid-Market,North America,2025-12-07,Control,0,0,15,3,361,0.6099,0.1696,1,4,1,0.3015,45,3172,2025-12
CUST-02594,Starter,Professional Services,SMB,Europe,2026-01-01,Treatment,0,0,4,0,400,0.7356,0.1707,1,5,0,0.4361,41,1250,2026-01
CUST-02595,Starter,Financial Services,Mid-Market,APAC,2026-01-24,Control,0,0,14,2,458,0.8658,0.1388,5,5,1,0.4043,46,1231,2026-01
CUST-02596,Business,Education,Mid-Market,North America,2025-10-02,Control,0,0,17,0,443,0.8945,0.148,3,4,0,0.4648,43,7462,2025-10
CUST-02597,Starter,Healthcare,Enterprise,North America,2026-02-10,Control,1,6,8,7,309,0.851,0.0916,5,6,1,0.323,62,1197,2026-02
CUST-02598,Professional,Financial Services,SMB,LATAM,2025-11-05,Treatment,0,0,3,0,367,0.7558,0.1585,3,4,1,0.5634,37,3668,2025-11
CUST-02599,Enterprise,Healthcare,Mid-Market,North America,2026-03-08,Treatment,1,6,14,11,292,0.8238,0.0635,5,8,0,0.1652,68,18126,2026-03
CUST-02600,Enterprise,Financial Services,SMB,North America,2025-11-03,Treatment,1,1,14,10,412,0.8359,0.0621,6,10,1,0.2169,70,17505,2025-11
CUST-02601,Professional,Education,Mid-Market,Europe,2026-02-20,Treatment,0,0,11,1,367,0.849,0.158,4,7,0,0.2899,51,3423,2026-02
CUST-02602,Professional,Education,Enterprise,North America,2025-10-05,Treatment,0,0,17,1,335,0.6633,0.1477,4,7,1,0.3156,49,2976,2025-10
CUST-02603,Professional,E-commerce,Enterprise,North America,2026-02-16,Control,1,4,23,19,352,0.7909,0.0831,7,8,1,0.2457,67,3122,2026-02
CUST-02604,Business,Financial Services,SMB,North America,2026-01-15,Treatment,0,0,9,1,414,0.7337,0.1551,1,5,0,0.5394,40,5127,2026-01
CUST-02605,Starter,Education,SMB,North America,2026-02-07,Control,0,0,8,2,373,0.6754,0.195,4,4,0,0.5464,36,1627,2026-02
CUST-02606,Starter,Education,Mid-Market,North America,2025-10-05,Treatment,0,0,15,2,402,0.7723,0.1487,5,8,1,0.4099,49,1206,2025-10
CUST-02607,Professional,Professional Services,Mid-Market,APAC,2025-10-14,Control,0,0,16,1,392,0.8558,0.1722,4,5,1,0.4642,43,3458,2025-10
CUST-02608,Starter,SaaS,Enterprise,North America,2025-12-26,Treatment,0,0,8,0,433,0.7821,0.1336,4,6,1,0.25,54,1339,2025-12
CUST-02609,Professional,Healthcare,SMB,Europe,2025-11-02,Treatment,1,2,11,4,395,0.7553,0.1246,5,7,1,0.234,64,3304,2025-11
CUST-02610,Professional,Education,Mid-Market,North America,2025-12-04,Control,1,7,16,8,335,0.7512,0.1339,4,6,1,0.2942,60,2891,2025-12
CUST-02611,Business,Professional Services,Mid-Market,North America,2026-01-27,Treatment,0,0,19,2,433,0.6293,0.1502,1,4,1,0.5884,37,8793,2026-01
CUST-02612,Business,Professional Services,SMB,North America,2025-10-13,Control,0,0,20,0,358,0.7219,0.1287,5,9,1,0.2529,54,8290,2025-10
CUST-02613,Professional,Financial Services,SMB,North America,2025-11-25,Control,0,0,17,3,334,0.664,0.1168,6,7,0,0.2924,50,2616,2025-11
CUST-02614,Business,Healthcare,Mid-Market,Europe,2026-01-25,Treatment,0,0,22,3,405,0.75,0.1646,2,5,0,0.3486,46,7670,2026-01
CUST-02615,Starter,Healthcare,SMB,North America,2026-02-13,Treatment,0,0,4,0,426,0.6744,0.1525,5,7,1,0.22,49,1217,2026-02
CUST-02616,Professional,Professional Services,Mid-Market,Europe,2025-10-30,Treatment,0,0,13,0,452,0.6178,0.1951,5,7,1,0.3453,50,2850,2025-10
CUST-02617,Starter,Healthcare,SMB,APAC,2026-01-15,Control,0,0,3,0,507,0.5751,0.1674,3,5,1,0.4781,39,1050,2026-01
CUST-02618,Business,Financial Services,SMB,North America,2026-02-09,Control,0,0,11,1,298,0.7803,0.143,4,6,1,0.3853,44,6695,2026-02
CUST-02619,Business,Professional Services,SMB,LATAM,2025-10-15,Control,0,0,9,2,358,0.6188,0.1828,3,6,1,0.3599,43,8116,2025-10
CUST-02620,Business,Professional Services,Enterprise,North America,2025-10-04,Treatment,0,0,26,1,409,0.7697,0.1078,3,7,1,0.2905,53,7166,2025-10
CUST-02621,Business,Healthcare,Mid-Market,North America,2026-01-31,Treatment,1,3,22,17,443,0.7579,0.0893,2,5,1,0.3954,57,7983,2026-01
CUST-02622,Enterprise,Professional Services,Mid-Market,North America,2026-02-09,Control,0,0,24,2,378,0.7759,0.1621,2,3,1,0.3293,46,15744,2026-02
CUST-02623,Starter,SaaS,Mid-Market,APAC,2025-12-05,Control,1,9,12,4,292,0.8061,0.1024,4,8,1,0.2459,65,1184,2025-12
CUST-02624,Enterprise,SaaS,Mid-Market,Europe,2025-10-16,Control,1,1,27,15,305,0.8468,0.0765,6,5,1,0.3247,62,14339,2025-10
CUST-02625,Professional,Healthcare,Enterprise,LATAM,2025-12-25,Control,1,2,15,11,343,0.8864,0.0862,4,6,1,0.2344,64,2792,2025-12
CUST-02626,Professional,SaaS,Mid-Market,Europe,2026-02-21,Control,0,0,14,2,417,0.6733,0.147,6,9,1,0.1493,56,2973,2026-02
CUST-02627,Professional,Education,SMB,North America,2025-10-27,Control,0,0,11,4,501,0.849,0.1727,5,5,0,0.6232,38,2464,2025-10
CUST-02628,Professional,Education,SMB,APAC,2025-11-16,Control,0,0,11,0,369,0.7911,0.1786,6,6,1,0.2592,49,3087,2025-11
CUST-02629,Starter,SaaS,SMB,LATAM,2025-12-16,Control,0,0,7,0,435,0.703,0.1389,3,2,0,0.5813,32,1188,2025-12
CUST-02630,Starter,Professional Services,Mid-Market,APAC,2026-02-14,Control,0,0,12,2,451,0.7113,0.1781,2,5,0,0.4981,40,998,2026-02
CUST-02631,Starter,E-commerce,SMB,Europe,2025-11-19,Treatment,0,0,14,1,369,0.7391,0.13,3,5,1,0.4086,46,1184,2025-11
CUST-02632,Professional,Financial Services,Mid-Market,APAC,2025-11-14,Treatment,1,1,18,12,449,0.7757,0.0837,7,10,1,0.207,67,2158,2025-11
CUST-02633,Business,Education,Enterprise,North America,2025-10-28,Control,1,4,15,7,340,0.6707,0.1123,3,7,1,0.103,68,7097,2025-10
CUST-02634,Professional,Financial Services,SMB,APAC,2026-02-26,Control,0,0,11,1,342,0.6514,0.1483,6,9,1,0.2271,53,3031,2026-02
CUST-02635,Professional,SaaS,SMB,LATAM,2025-12-24,Treatment,0,0,13,0,490,0.6511,0.1479,1,5,0,0.484,41,3348,2025-12
CUST-02636,Professional,SaaS,Mid-Market,Europe,2025-12-15,Control,0,0,8,1,394,0.714,0.1648,4,6,0,0.5005,41,4120,2025-12
CUST-02637,Professional,E-commerce,SMB,North America,2025-10-02,Control,0,0,4,0,343,0.6324,0.0838,1,1,0,0.7044,28,3069,2025-10
CUST-02638,Starter,Education,Mid-Market,North America,2025-11-17,Control,0,0,11,1,374,0.7962,0.1424,3,6,1,0.2661,50,1243,2025-11
CUST-02639,Business,Financial Services,SMB,LATAM,2025-10-07,Control,1,6,7,5,318,0.8201,0.0802,2,3,0,0.4042,53,6194,2025-10
CUST-02640,Starter,Healthcare,SMB,APAC,2025-10-12,Treatment,0,0,10,3,354,0.6966,0.1544,4,6,1,0.307,46,1174,2025-10
CUST-02641,Business,SaaS,Mid-Market,Europe,2025-11-26,Treatment,0,0,9,0,414,0.6643,0.1653,4,6,1,0.2748,47,7096,2025-11
CUST-02642,Business,Education,SMB,LATAM,2025-12-05,Control,0,0,17,1,381,0.7314,0.159,4,6,0,0.3944,43,6116,2025-12
CUST-02643,Professional,Healthcare,SMB,North America,2025-10-18,Control,0,0,10,2,504,0.8049,0.1905,3,4,0,0.6042,35,3694,2025-10
CUST-02644,Business,Financial Services,SMB,APAC,2025-11-19,Treatment,0,0,21,0,385,0.5793,0.2037,4,2,0,0.544,30,7911,2025-11
CUST-02645,Starter,Financial Services,SMB,North America,2026-02-27,Treatment,1,2,9,8,336,0.6897,0.0873,5,11,0,0.1626,73,1280,2026-02
CUST-02646,Business,SaaS,Enterprise,North America,2025-11-25,Treatment,1,3,22,14,440,0.7273,0.0735,5,5,1,0.3789,58,9170,2025-11
CUST-02647,Business,SaaS,SMB,North America,2025-11-11,Treatment,1,3,11,6,435,0.7047,0.1212,6,10,1,0.1828,70,6334,2025-11
CUST-02648,Business,Healthcare,SMB,North America,2026-03-07,Control,0,0,13,0,446,0.6138,0.1535,5,9,1,0.1406,54,6436,2026-03
CUST-02649,Professional,Healthcare,SMB,North America,2026-03-04,Control,0,0,15,3,368,0.7304,0.1441,3,5,0,0.4151,42,3550,2026-03
CUST-02650,Business,Financial Services,SMB,APAC,2025-10-23,Control,0,0,5,2,459,0.7267,0.1802,1,4,0,0.5138,35,6668,2025-10
CUST-02651,Enterprise,Professional Services,SMB,North America,2026-01-11,Treatment,0,0,12,2,372,0.7244,0.1604,3,3,1,0.5581,34,17383,2026-01
CUST-02652,Professional,SaaS,Mid-Market,Europe,2025-11-29,Control,0,0,8,0,346,0.7458,0.1812,3,5,0,0.3547,44,3108,2025-11
CUST-02653,Business,E-commerce,SMB,North America,2026-02-26,Treatment,0,0,6,1,361,0.7234,0.1423,3,6,1,0.3043,48,9548,2026-02
CUST-02654,Business,SaaS,Mid-Market,APAC,2025-10-22,Treatment,0,0,18,0,448,0.669,0.153,4,6,1,0.2533,50,8982,2025-10
CUST-02655,Professional,SaaS,SMB,North America,2026-01-04,Treatment,0,0,7,1,381,0.6951,0.1811,4,7,0,0.4014,46,3611,2026-01
CUST-02656,Enterprise,Professional Services,SMB,Europe,2026-02-14,Treatment,0,0,24,0,415,0.772,0.1047,4,9,0,0.2725,57,13096,2026-02
CUST-02657,Professional,Professional Services,SMB,Europe,2026-02-23,Control,0,0,19,4,335,0.6325,0.1483,4,8,1,0.3449,52,3256,2026-02
CUST-02658,Professional,Professional Services,Mid-Market,North America,2025-11-09,Control,1,6,18,11,406,0.8334,0.1153,6,8,1,0.2262,69,3406,2025-11
CUST-02659,Starter,SaaS,Enterprise,North America,2025-12-04,Treatment,0,0,5,2,339,0.4728,0.1537,3,6,1,0.331,42,1198,2025-12
CUST-02660,Starter,E-commerce,SMB,North America,2026-02-12,Treatment,0,0,4,0,356,0.7272,0.1868,1,3,0,0.4717,38,1115,2026-02
CUST-02661,Business,E-commerce,Enterprise,North America,2025-11-14,Treatment,0,0,15,2,383,0.7553,0.1415,1,2,1,0.6349,32,7387,2025-11
CUST-02662,Professional,Education,SMB,North America,2025-10-27,Treatment,0,0,5,0,333,0.6525,0.1661,1,6,0,0.3881,41,3331,2025-10
CUST-02663,Professional,Financial Services,SMB,North America,2026-01-21,Treatment,1,7,9,6,309,0.895,0.0826,4,7,1,0.2925,66,2580,2026-01
CUST-02664,Starter,Education,Mid-Market,Europe,2026-01-28,Control,1,1,8,5,315,0.9015,0.0491,5,3,1,0.5655,50,1484,2026-01
CUST-02665,Professional,SaaS,SMB,North America,2025-10-10,Control,0,0,6,1,406,0.7467,0.1517,2,5,0,0.3849,40,2399,2025-10
CUST-02666,Business,E-commerce,SMB,North America,2026-01-23,Treatment,0,0,10,0,365,0.8595,0.1484,2,5,0,0.5089,45,6915,2026-01
CUST-02667,Business,Professional Services,SMB,North America,2026-03-06,Treatment,1,3,9,7,368,0.7459,0.0739,3,8,1,0.2845,64,6484,2026-03
CUST-02668,Starter,Healthcare,Mid-Market,North America,2025-11-15,Treatment,0,0,14,3,381,0.8004,0.138,2,7,1,0.2652,51,1203,2025-11
CUST-02669,Professional,Financial Services,SMB,North America,2026-02-01,Control,0,0,4,0,378,0.8429,0.1951,3,5,1,0.4262,41,2824,2026-02
CUST-02670,Professional,E-commerce,Enterprise,Europe,2026-02-02,Treatment,0,0,17,3,460,0.6386,0.143,5,6,1,0.5585,37,3511,2026-02
CUST-02671,Professional,Education,SMB,Europe,2026-02-17,Control,0,0,4,0,314,0.7361,0.1682,3,5,0,0.3639,43,2922,2026-02
CUST-02672,Professional,SaaS,Enterprise,North America,2026-02-25,Control,1,4,15,8,401,0.6917,0.0869,5,7,1,0.2397,62,3115,2026-02
CUST-02673,Professional,Education,SMB,North America,2025-11-25,Control,1,9,15,10,295,0.8768,0.1108,6,8,1,0.1273,72,2956,2025-11
CUST-02674,Professional,Healthcare,Mid-Market,North America,2025-10-09,Treatment,0,0,12,0,360,0.8633,0.2033,2,1,0,0.6565,32,2889,2025-10
CUST-02675,Professional,E-commerce,SMB,Europe,2025-11-17,Control,1,8,4,3,336,0.7662,0.1287,3,6,1,0.3025,60,3073,2025-11
CUST-02676,Professional,E-commerce,SMB,North America,2025-10-12,Control,0,0,16,0,392,0.7273,0.1467,6,8,0,0.2765,50,2563,2025-10
CUST-02677,Professional,SaaS,SMB,APAC,2026-02-22,Control,0,0,5,0,401,0.6891,0.174,2,3,0,0.6424,33,2675,2026-02
CUST-02678,Business,Education,Mid-Market,Europe,2025-12-30,Control,0,0,20,2,403,0.9294,0.1895,5,6,1,0.4388,48,6567,2025-12
CUST-02679,Business,Education,SMB,Europe,2026-01-13,Treatment,1,9,13,8,333,0.7373,0.0828,3,7,1,0.3061,60,7787,2026-01
CUST-02680,Professional,Education,Mid-Market,North America,2025-10-12,Treatment,1,8,9,7,221,0.737,0.1153,3,2,0,0.5074,49,3052,2025-10
CUST-02681,Business,Education,Enterprise,LATAM,2025-10-08,Treatment,1,8,19,15,308,0.8546,0.0908,5,6,1,0.3251,63,7701,2025-10
CUST-02682,Business,Financial Services,SMB,North America,2025-10-23,Control,0,0,14,0,450,0.7229,0.128,1,4,0,0.5376,37,7534,2025-10
CUST-02683,Starter,E-commerce,SMB,North America,2025-12-04,Control,0,0,6,1,424,0.931,0.2097,4,4,0,0.4137,45,1260,2025-12
CUST-02684,Professional,Professional Services,SMB,APAC,2025-12-08,Control,0,0,6,0,436,0.8889,0.1168,3,7,1,0.3784,48,2851,2025-12
CUST-02685,Starter,SaaS,SMB,Europe,2025-10-19,Treatment,0,0,7,0,390,0.7793,0.1256,2,6,1,0.405,45,1179,2025-10
CUST-02686,Business,Professional Services,SMB,North America,2025-12-16,Treatment,1,6,12,10,372,0.8845,0.0782,6,5,0,0.3111,62,7857,2025-12
CUST-02687,Starter,E-commerce,Mid-Market,North America,2026-03-07,Control,1,9,14,10,328,0.8685,0.113,5,5,0,0.2905,63,1097,2026-03
CUST-02688,Professional,Financial Services,SMB,North America,2026-02-09,Treatment,0,0,12,4,360,0.8136,0.1747,6,11,1,0.3435,53,3182,2026-02
CUST-02689,Starter,Healthcare,SMB,APAC,2026-02-21,Control,0,0,12,0,371,0.7719,0.2074,3,5,1,0.3628,46,1378,2026-02
CUST-02690,Professional,Healthcare,Mid-Market,North America,2025-10-15,Treatment,0,0,9,0,456,0.6493,0.1852,2,4,0,0.4907,39,3074,2025-10
CUST-02691,Enterprise,SaaS,SMB,North America,2025-12-12,Treatment,0,0,12,0,261,0.6892,0.1643,3,4,1,0.5036,41,19051,2025-12
CUST-02692,Professional,E-commerce,Mid-Market,North America,2026-01-01,Treatment,1,3,7,3,382,0.8877,0.1203,5,4,0,0.4371,54,2963,2026-01
CUST-02693,Business,Healthcare,Enterprise,LATAM,2025-12-10,Treatment,0,0,19,4,395,0.6899,0.153,3,2,1,0.485,36,8564,2025-12
CUST-02694,Enterprise,SaaS,SMB,Europe,2025-10-17,Control,1,4,24,16,366,0.9424,0.093,7,8,1,0.0945,74,14532,2025-10
CUST-02695,Business,SaaS,SMB,North America,2025-12-01,Treatment,0,0,14,1,393,0.7881,0.1478,6,7,1,0.3315,51,7797,2025-12
CUST-02696,Starter,Financial Services,Mid-Market,APAC,2025-11-14,Control,0,0,5,0,471,0.6351,0.1868,4,4,0,0.4049,40,1285,2025-11
CUST-02697,Business,Healthcare,Mid-Market,North America,2025-11-29,Treatment,1,6,19,14,353,0.7182,0.0811,5,7,1,0.0926,69,8454,2025-11
CUST-02698,Starter,Professional Services,Mid-Market,APAC,2026-02-02,Control,0,0,5,0,391,0.6255,0.1269,4,6,0,0.2573,47,1277,2026-02
CUST-02699,Professional,SaaS,Mid-Market,Europe,2025-11-22,Control,0,0,14,0,439,0.7928,0.1267,5,7,0,0.4054,47,3621,2025-11
CUST-02700,Business,Financial Services,SMB,North America,2026-01-22,Treatment,0,0,9,0,316,0.8231,0.132,6,8,1,0.2819,54,8218,2026-01
CUST-02701,Professional,SaaS,SMB,Europe,2026-02-15,Control,0,0,9,2,348,0.6988,0.1719,5,7,1,0.287,51,3033,2026-02
CUST-02702,Professional,E-commerce,Mid-Market,LATAM,2025-11-27,Control,0,0,13,1,456,0.7296,0.1558,3,8,1,0.2676,52,3044,2025-11
CUST-02703,Professional,E-commerce,Mid-Market,North America,2026-03-09,Control,0,0,21,3,408,0.7556,0.1605,2,5,0,0.4178,46,2787,2026-03
CUST-02704,Business,Financial Services,Mid-Market,North America,2026-03-01,Treatment,0,0,12,0,326,0.8,0.1697,2,5,0,0.5398,39,7283,2026-03
CUST-02705,Business,E-commerce,SMB,APAC,2025-10-04,Treatment,0,0,24,4,535,0.7021,0.1726,4,5,1,0.4414,43,7372,2025-10
CUST-02706,Professional,E-commerce,Mid-Market,North America,2025-11-28,Treatment,0,0,17,1,390,0.7647,0.1517,4,5,1,0.4064,43,3088,2025-11
CUST-02707,Business,SaaS,SMB,Europe,2026-01-07,Treatment,1,6,17,10,319,0.8041,0.0873,9,8,1,0.3583,64,7380,2026-01
CUST-02708,Starter,E-commerce,SMB,North America,2025-12-24,Control,1,7,9,5,287,0.6852,0.0784,4,5,1,0.3385,59,1018,2025-12
CUST-02709,Starter,Healthcare,SMB,APAC,2026-01-29,Control,1,8,11,8,428,0.9194,0.0989,4,6,1,0.3921,59,1392,2026-01
CUST-02710,Professional,Financial Services,SMB,Europe,2026-02-18,Control,0,0,6,1,341,0.7553,0.1572,3,4,0,0.4623,42,2322,2026-02
CUST-02711,Enterprise,E-commerce,Mid-Market,LATAM,2026-01-29,Treatment,0,0,13,1,376,0.7397,0.1378,4,9,1,0.1945,54,14441,2026-01
CUST-02712,Starter,Professional Services,SMB,North America,2025-12-26,Treatment,0,0,7,0,421,0.6694,0.1621,4,6,0,0.2625,47,1399,2025-12
CUST-02713,Starter,E-commerce,Mid-Market,LATAM,2025-10-25,Control,1,3,7,7,227,0.7533,0.1067,5,5,1,0.284,58,1091,2025-10
CUST-02714,Starter,SaaS,SMB,North America,2025-11-07,Control,0,0,4,0,448,0.6143,0.2039,2,4,0,0.4415,37,1354,2025-11
CUST-02715,Business,Healthcare,SMB,Europe,2025-10-18,Treatment,1,3,13,8,311,0.7201,0.0604,5,9,1,0.1581,68,7734,2025-10
CUST-02716,Starter,SaaS,SMB,Europe,2025-10-07,Treatment,1,7,7,5,416,0.735,0.0576,6,8,1,0.3165,64,1280,2025-10
CUST-02717,Professional,E-commerce,SMB,North America,2025-12-26,Treatment,0,0,8,0,419,0.6856,0.124,6,7,1,0.3272,48,2859,2025-12
CUST-02718,Enterprise,Professional Services,Mid-Market,Europe,2025-12-17,Control,0,0,10,1,459,0.8608,0.144,3,3,0,0.6472,32,15512,2025-12
CUST-02719,Starter,Professional Services,SMB,North America,2025-12-18,Control,0,0,7,3,386,0.7777,0.1551,4,7,1,0.3792,47,1299,2025-12
CUST-02720,Professional,E-commerce,SMB,North America,2025-11-07,Control,0,0,11,0,460,0.6565,0.1485,5,7,1,0.3315,49,3029,2025-11
CUST-02721,Professional,SaaS,SMB,Europe,2025-10-31,Control,1,3,8,4,395,0.6825,0.0538,6,9,1,0.2631,67,2839,2025-10
CUST-02722,Business,Education,SMB,North America,2025-10-02,Treatment,0,0,21,1,397,0.6566,0.1957,5,7,1,0.2701,51,7479,2025-10
CUST-02723,Professional,SaaS,SMB,Europe,2026-01-03,Control,1,6,12,8,376,0.9256,0.0433,5,5,0,0.4269,57,2898,2026-01
CUST-02724,Professional,Healthcare,Enterprise,North America,2026-01-01,Control,0,0,24,1,237,0.7831,0.2042,3,6,0,0.4009,45,2578,2026-01
CUST-02725,Starter,Professional Services,SMB,North America,2026-02-28,Treatment,1,7,8,7,315,0.7956,0.1041,4,6,1,0.3272,61,1213,2026-02
CUST-02726,Business,Healthcare,SMB,Europe,2025-10-25,Treatment,0,0,16,1,464,0.7286,0.1957,1,5,1,0.4816,41,8160,2025-10
CUST-02727,Business,SaaS,Mid-Market,North America,2025-12-09,Control,0,0,9,0,333,0.8216,0.1351,5,5,1,0.3587,45,7493,2025-12
CUST-02728,Starter,SaaS,Mid-Market,LATAM,2026-01-06,Treatment,0,0,5,0,371,0.7282,0.151,1,3,1,0.5522,34,1180,2026-01
CUST-02729,Professional,Financial Services,SMB,LATAM,2026-02-21,Control,0,0,16,0,320,0.9113,0.1548,4,6,1,0.3553,49,3120,2026-02
CUST-02730,Business,SaaS,Mid-Market,North America,2026-02-21,Treatment,1,6,12,9,254,0.8166,0.0787,5,7,1,0.4678,56,6638,2026-02
CUST-02731,Starter,Financial Services,Enterprise,North America,2026-02-23,Control,1,9,10,7,334,0.7355,0.096,7,8,1,0.2476,64,947,2026-02
CUST-02732,Starter,E-commerce,SMB,North America,2025-11-08,Treatment,0,0,8,0,426,0.5684,0.1663,5,6,1,0.413,41,1344,2025-11
CUST-02733,Professional,Healthcare,SMB,Europe,2026-01-10,Control,0,0,24,1,385,0.7653,0.1377,5,6,1,0.4762,42,3226,2026-01
CUST-02734,Professional,SaaS,Mid-Market,North America,2026-03-03,Control,0,0,12,0,333,0.7132,0.2073,5,7,0,0.3583,49,2359,2026-03
CUST-02735,Starter,Professional Services,Mid-Market,LATAM,2025-12-07,Treatment,0,0,6,0,338,0.655,0.1321,3,5,1,0.4592,40,1176,2025-12
CUST-02736,Professional,Healthcare,Enterprise,LATAM,2025-11-25,Treatment,0,0,30,3,342,0.7853,0.1723,4,6,0,0.4933,46,2996,2025-11
CUST-02737,Starter,Professional Services,SMB,North America,2026-01-10,Control,0,0,6,0,386,0.7516,0.1662,4,3,1,0.4313,40,1138,2026-01
CUST-02738,Professional,E-commerce,Enterprise,Europe,2025-10-05,Control,1,6,19,16,290,0.7732,0.0969,4,5,1,0.4372,55,2700,2025-10
CUST-02739,Business,SaaS,SMB,North America,2025-10-28,Control,1,5,20,15,409,0.8345,0.0279,7,7,1,0.1465,68,7448,2025-10
CUST-02740,Professional,E-commerce,Mid-Market,Europe,2025-11-27,Control,0,0,13,4,341,0.719,0.1553,3,5,0,0.4762,42,2735,2025-11
CUST-02741,Starter,E-commerce,Mid-Market,North America,2025-12-04,Treatment,1,7,11,8,325,0.8839,0.0855,5,8,0,0.1736,71,1192,2025-12
CUST-02742,Business,E-commerce,SMB,Europe,2026-01-25,Control,0,0,25,2,425,0.7372,0.1694,3,9,1,0.1941,58,6360,2026-01
CUST-02743,Starter,Professional Services,SMB,North America,2025-12-14,Treatment,0,0,7,1,281,0.6994,0.1267,2,4,0,0.6478,32,1276,2025-12
CUST-02744,Business,Education,Mid-Market,APAC,2025-11-27,Treatment,0,0,11,2,473,0.8297,0.1681,5,7,1,0.4453,46,9092,2025-11
CUST-02745,Professional,Professional Services,Mid-Market,North America,2025-12-17,Treatment,0,0,8,2,431,0.6445,0.1805,3,6,1,0.4193,41,3014,2025-12
CUST-02746,Business,Financial Services,SMB,Europe,2025-11-05,Treatment,0,0,28,3,438,0.6174,0.1767,2,6,1,0.2336,53,8175,2025-11
CUST-02747,Starter,E-commerce,Mid-Market,LATAM,2025-10-04,Control,0,0,5,2,336,0.6821,0.161,2,6,0,0.3108,47,1166,2025-10
CUST-02748,Starter,Financial Services,SMB,Europe,2025-10-31,Treatment,0,0,10,0,355,0.5872,0.1898,3,7,0,0.2888,51,1445,2025-10
CUST-02749,Professional,Healthcare,SMB,Europe,2025-10-08,Control,1,7,4,2,339,0.6871,0.1124,5,6,0,0.3538,55,2767,2025-10
CUST-02750,Starter,Professional Services,SMB,North America,2025-11-02,Control,0,0,7,0,381,0.7109,0.1426,4,5,0,0.4772,42,991,2025-11
CUST-02751,Starter,Professional Services,Enterprise,North America,2025-10-11,Treatment,0,0,11,2,459,0.7348,0.165,2,4,1,0.574,37,1009,2025-10
CUST-02752,Business,SaaS,SMB,North America,2026-02-03,Treatment,0,0,14,2,285,0.7089,0.1849,2,5,1,0.2948,47,6742,2026-02
CUST-02753,Business,Education,Mid-Market,LATAM,2025-11-30,Control,0,0,12,3,457,0.7703,0.201,1,3,1,0.4543,39,7651,2025-11
CUST-02754,Starter,Professional Services,SMB,North America,2025-10-26,Control,0,0,4,0,390,0.6926,0.1447,3,1,0,0.641,29,1156,2025-10
CUST-02755,Business,E-commerce,Enterprise,North America,2025-12-20,Control,0,0,18,1,458,0.5781,0.1386,2,3,0,0.4948,33,9534,2025-12
CUST-02756,Business,Education,Mid-Market,Europe,2026-01-11,Treatment,1,4,10,6,383,0.8697,0.0644,4,2,0,0.4698,52,7727,2026-01
CUST-02757,Business,SaaS,SMB,North America,2026-02-23,Control,0,0,12,1,432,0.7234,0.128,7,7,0,0.3187,49,7594,2026-02
CUST-02758,Professional,SaaS,SMB,APAC,2026-01-04,Treatment,1,8,8,7,396,0.8658,0.0907,6,7,1,0.3286,63,3050,2026-01
CUST-02759,Professional,Healthcare,SMB,North America,2025-12-08,Treatment,0,0,13,0,396,0.78,0.1439,4,7,0,0.355,47,3507,2025-12
CUST-02760,Professional,E-commerce,SMB,North America,2026-01-01,Control,0,0,13,2,339,0.8166,0.1748,5,6,1,0.4548,49,2449,2026-01
CUST-02761,Professional,Healthcare,Mid-Market,Europe,2025-12-05,Treatment,0,0,13,1,347,0.6591,0.1453,4,6,1,0.3921,44,3235,2025-12
CUST-02762,Business,Education,Mid-Market,North America,2026-01-05,Treatment,0,0,12,2,444,0.635,0.1322,2,3,0,0.62,33,6708,2026-01
CUST-02763,Starter,SaaS,SMB,LATAM,2025-11-15,Treatment,0,0,5,0,487,0.7228,0.1843,3,6,0,0.3859,45,1246,2025-11
CUST-02764,Starter,Healthcare,Mid-Market,North America,2025-11-09,Control,0,0,17,0,362,0.718,0.1591,3,7,0,0.3261,51,1151,2025-11
CUST-02765,Starter,Financial Services,SMB,North America,2025-12-27,Control,1,2,7,4,426,0.9098,0.1114,4,6,0,0.2667,62,1213,2025-12
CUST-02766,Enterprise,SaaS,SMB,North America,2025-12-24,Treatment,0,0,20,0,456,0.7959,0.1477,4,9,0,0.2876,58,16986,2025-12
CUST-02767,Professional,Professional Services,SMB,North America,2026-01-22,Treatment,0,0,16,2,311,0.7418,0.2037,3,5,1,0.5129,40,3339,2026-01
CUST-02768,Professional,Healthcare,SMB,Europe,2025-11-03,Treatment,0,0,12,0,454,0.6328,0.1693,3,6,1,0.2994,49,3184,2025-11
CUST-02769,Business,Education,Mid-Market,North America,2025-12-01,Control,1,5,16,15,304,0.7536,0.0625,3,6,0,0.4136,58,7628,2025-12
CUST-02770,Enterprise,Financial Services,SMB,Europe,2025-10-22,Treatment,0,0,3,0,486,0.6258,0.1193,3,6,1,0.3644,44,16978,2025-10
CUST-02771,Starter,SaaS,SMB,APAC,2026-02-21,Control,0,0,9,1,409,0.6646,0.1678,3,8,1,0.3082,49,1192,2026-02
CUST-02772,Business,SaaS,SMB,North America,2026-01-22,Control,1,3,16,7,510,0.8247,0.101,5,6,1,0.3795,59,8016,2026-01
CUST-02773,Business,SaaS,Mid-Market,Europe,2025-10-13,Control,1,6,14,11,347,0.8461,0.108,4,8,1,0.2071,66,8632,2025-10
CUST-02774,Starter,Education,SMB,North America,2025-12-14,Control,0,0,6,2,349,0.7814,0.1155,3,8,1,0.2526,57,1491,2025-12
CUST-02775,Business,Financial Services,SMB,APAC,2025-10-07,Treatment,0,0,17,3,421,0.7912,0.1162,3,7,1,0.3535,47,8637,2025-10
CUST-02776,Professional,E-commerce,SMB,North America,2025-12-19,Control,0,0,20,2,440,0.7756,0.115,1,3,1,0.6336,35,3567,2025-12
CUST-02777,Professional,SaaS,SMB,Europe,2026-01-27,Treatment,1,8,9,6,391,0.7619,0.0669,3,7,1,0.3649,60,2706,2026-01
CUST-02778,Professional,Education,SMB,North America,2025-10-02,Treatment,0,0,14,0,384,0.6689,0.1753,3,4,0,0.3683,42,3353,2025-10
CUST-02779,Starter,SaaS,SMB,North America,2025-11-17,Control,0,0,9,1,441,0.834,0.1606,4,4,1,0.4938,41,1234,2025-11
CUST-02780,Starter,Financial Services,Mid-Market,North America,2026-02-15,Treatment,0,0,10,1,334,0.6988,0.1176,4,4,0,0.4786,38,1088,2026-02
CUST-02781,Starter,Professional Services,SMB,North America,2025-10-24,Control,0,0,5,0,280,0.7024,0.1222,1,1,1,0.7191,29,1111,2025-10
CUST-02782,Starter,Healthcare,Mid-Market,APAC,2025-10-05,Control,1,4,11,6,388,0.8006,0.0986,4,8,1,0.264,65,1368,2025-10
CUST-02783,Professional,E-commerce,Mid-Market,North America,2026-02-08,Treatment,1,6,12,6,494,0.6907,0.1188,5,8,0,0.292,64,3373,2026-02
CUST-02784,Professional,SaaS,SMB,LATAM,2025-10-31,Control,0,0,16,1,435,0.7154,0.1729,4,6,0,0.4319,42,2625,2025-10
CUST-02785,Starter,Healthcare,Mid-Market,North America,2025-10-30,Control,0,0,10,1,356,0.6049,0.199,3,4,0,0.5218,33,1182,2025-10
CUST-02786,Professional,Education,SMB,North America,2026-01-08,Treatment,1,8,20,10,352,0.8603,0.1001,6,6,1,0.3068,64,2566,2026-01
CUST-02787,Professional,Financial Services,Mid-Market,North America,2026-02-07,Control,0,0,14,0,406,0.6946,0.1985,2,4,0,0.5907,37,2865,2026-02
CUST-02788,Professional,Professional Services,Mid-Market,North America,2025-12-13,Control,0,0,18,1,352,0.6834,0.2207,5,8,1,0.1856,52,2762,2025-12
CUST-02789,Enterprise,E-commerce,Mid-Market,APAC,2026-01-10,Treatment,1,5,18,14,296,0.6816,0.0851,4,5,0,0.3296,58,15945,2026-01
CUST-02790,Professional,SaaS,SMB,North America,2025-12-21,Treatment,0,0,9,1,419,0.7557,0.178,3,2,0,0.4766,38,3295,2025-12
CUST-02791,Business,Financial Services,Mid-Market,APAC,2026-01-05,Treatment,0,0,15,4,411,0.9215,0.1062,3,4,1,0.4158,43,6817,2026-01
CUST-02792,Starter,E-commerce,SMB,North America,2026-02-02,Treatment,0,0,6,0,354,0.6843,0.1784,1,4,0,0.3737,40,1062,2026-02
CUST-02793,Business,SaaS,SMB,North America,2025-10-19,Control,0,0,12,2,318,0.7261,0.1335,3,3,0,0.5998,35,7507,2025-10
CUST-02794,Enterprise,Healthcare,SMB,North America,2025-12-29,Control,0,0,11,0,393,0.8813,0.1755,4,6,1,0.4657,42,15983,2025-12
CUST-02795,Business,Financial Services,SMB,Europe,2026-02-19,Control,0,0,8,1,373,0.9196,0.1489,2,3,1,0.4965,38,6463,2026-02
CUST-02796,Professional,Professional Services,Mid-Market,North America,2026-01-04,Control,0,0,23,0,440,0.6333,0.1714,5,6,1,0.3888,44,3204,2026-01
CUST-02797,Professional,SaaS,Mid-Market,LATAM,2025-10-16,Treatment,0,0,9,0,363,0.8269,0.1305,3,5,0,0.4842,41,2692,2025-10
CUST-02798,Professional,Education,SMB,North America,2026-02-02,Treatment,0,0,7,2,403,0.508,0.1512,4,5,1,0.3901,41,3532,2026-02
CUST-02799,Professional,Healthcare,SMB,North America,2025-10-12,Control,0,0,10,0,427,0.4781,0.179,3,3,1,0.4821,32,3282,2025-10
CUST-02800,Business,Healthcare,Mid-Market,Europe,2026-02-15,Control,0,0,14,4,428,0.5869,0.1691,1,3,1,0.4814,36,8714,2026-02
CUST-02801,Enterprise,SaaS,Enterprise,Europe,2026-02-06,Control,1,6,24,16,352,0.8053,0.0417,4,3,1,0.5113,50,15570,2026-02
CUST-02802,Professional,Professional Services,Mid-Market,APAC,2026-02-02,Treatment,0,0,10,1,359,0.5702,0.1565,5,5,1,0.3512,40,3607,2026-02
CUST-02803,Starter,Healthcare,SMB,North America,2025-11-10,Control,0,0,7,1,378,0.8348,0.1443,4,4,1,0.3794,44,1275,2025-11
CUST-02804,Professional,E-commerce,SMB,Europe,2025-10-23,Treatment,0,0,4,0,394,0.7334,0.1352,2,7,1,0.2374,54,3359,2025-10
CUST-02805,Starter,SaaS,Mid-Market,North America,2026-02-06,Control,1,5,18,13,462,0.8595,0.0723,3,6,1,0.4369,58,1363,2026-02
CUST-02806,Starter,Financial Services,SMB,LATAM,2025-11-12,Control,0,0,13,0,375,0.7023,0.1794,4,5,0,0.4379,43,1320,2025-11
CUST-02807,Professional,Professional Services,Enterprise,North America,2025-12-27,Treatment,1,5,12,10,450,0.7626,0.1292,6,5,1,0.359,53,2611,2025-12
CUST-02808,Business,Healthcare,Enterprise,APAC,2025-12-10,Treatment,1,8,20,18,342,0.8033,0.1054,5,6,1,0.3785,58,7223,2025-12
CUST-02809,Starter,Education,Enterprise,North America,2025-11-09,Control,0,0,19,5,363,0.8858,0.1442,6,6,0,0.3825,50,1232,2025-11
CUST-02810,Starter,SaaS,SMB,Europe,2026-02-28,Control,1,4,13,9,319,0.826,0.0912,5,6,1,0.2777,63,1094,2026-02
CUST-02811,Starter,SaaS,Mid-Market,APAC,2025-11-03,Treatment,1,3,10,9,283,0.8229,0.0911,7,8,0,0.1837,69,1267,2025-11
CUST-02812,Business,Financial Services,Mid-Market,APAC,2025-12-02,Treatment,1,2,16,13,336,0.7258,0.1129,4,8,0,0.2471,66,6823,2025-12
CUST-02813,Professional,Financial Services,SMB,North America,2026-02-06,Treatment,1,2,8,6,350,0.7297,0.0907,4,5,1,0.2142,60,3234,2026-02
CUST-02814,Starter,SaaS,SMB,North America,2025-11-06,Treatment,0,0,6,2,383,0.6758,0.1754,1,3,1,0.4409,38,1377,2025-11
CUST-02815,Starter,E-commerce,SMB,APAC,2025-11-27,Treatment,0,0,4,1,510,0.7792,0.1616,4,8,1,0.2509,51,1544,2025-11
CUST-02816,Professional,Healthcare,SMB,Europe,2026-03-07,Treatment,0,0,8,0,480,0.7561,0.1734,1,2,1,0.5239,36,2939,2026-03
CUST-02817,Starter,E-commerce,Enterprise,Europe,2025-11-26,Control,1,5,22,16,356,0.6519,0.1125,5,8,1,0.2408,65,1241,2025-11
CUST-02818,Professional,Financial Services,Mid-Market,North America,2026-02-11,Control,1,8,24,15,336,0.8458,0.0629,6,8,1,0.0994,72,2910,2026-02
CUST-02819,Professional,Education,SMB,North America,2026-01-31,Treatment,0,0,7,0,326,0.7876,0.156,4,9,1,0.2218,55,3303,2026-01
CUST-02820,Enterprise,E-commerce,SMB,North America,2026-01-16,Control,1,5,19,15,362,0.8822,0.0838,5,8,1,0.3226,68,15993,2026-01
CUST-02821,Starter,Financial Services,SMB,Europe,2025-11-10,Control,0,0,7,0,458,0.7756,0.1793,3,8,1,0.258,49,1152,2025-11
CUST-02822,Professional,Financial Services,SMB,North America,2025-11-10,Treatment,1,2,8,5,434,0.8576,0.0895,2,5,1,0.433,58,3829,2025-11
CUST-02823,Starter,Healthcare,SMB,North America,2026-02-03,Control,0,0,3,0,373,0.7594,0.1415,1,2,0,0.5042,34,1335,2026-02
CUST-02824,Enterprise,SaaS,Mid-Market,APAC,2026-01-27,Treatment,1,3,16,12,276,0.7282,0.0793,4,5,1,0.3683,57,13679,2026-01
CUST-02825,Enterprise,Education,Mid-Market,Europe,2025-12-30,Control,0,0,15,0,404,0.8324,0.1636,2,5,1,0.2959,47,15197,2025-12
CUST-02826,Business,SaaS,Mid-Market,APAC,2026-02-21,Treatment,1,4,15,10,383,0.9478,0.1051,4,6,0,0.3592,63,7748,2026-02
CUST-02827,Professional,Professional Services,Mid-Market,North America,2025-10-16,Treatment,0,0,13,1,380,0.8313,0.1425,3,6,0,0.3573,49,3129,2025-10
CUST-02828,Starter,SaaS,SMB,North America,2026-02-28,Control,0,0,5,0,429,0.7519,0.146,2,4,0,0.7213,32,980,2026-02
CUST-02829,Business,Professional Services,Mid-Market,North America,2025-12-30,Control,0,0,13,1,392,0.7241,0.145,4,4,0,0.5104,39,7328,2025-12
CUST-02830,Business,SaaS,SMB,North America,2026-01-25,Control,0,0,16,1,407,0.6798,0.1461,5,7,0,0.2694,47,9081,2026-01
CUST-02831,Starter,Education,SMB,Europe,2025-10-27,Treatment,0,0,12,2,405,0.5801,0.1495,5,5,0,0.5704,34,1337,2025-10
CUST-02832,Professional,Financial Services,SMB,North America,2025-12-31,Treatment,0,0,16,0,399,0.8074,0.1696,4,5,1,0.3688,47,3307,2025-12
CUST-02833,Professional,SaaS,SMB,North America,2025-11-28,Control,1,3,5,2,308,0.6914,0.1133,2,3,1,0.3943,50,2336,2025-11
CUST-02834,Business,Financial Services,SMB,North America,2026-03-07,Control,0,0,10,0,470,0.7013,0.1455,2,4,0,0.3311,40,5980,2026-03
CUST-02835,Professional,Financial Services,SMB,Europe,2025-11-22,Treatment,0,0,5,0,371,0.6996,0.1168,4,6,0,0.3184,43,2951,2025-11
CUST-02836,Professional,Healthcare,SMB,APAC,2026-02-04,Control,1,4,6,5,221,0.9105,0.0972,7,8,0,0.1899,70,2701,2026-02
CUST-02837,Professional,SaaS,Enterprise,North America,2026-02-27,Treatment,0,0,25,0,396,0.7832,0.1204,4,9,1,0.2254,57,2833,2026-02
CUST-02838,Starter,Financial Services,SMB,North America,2025-11-15,Control,0,0,8,2,406,0.6808,0.1933,5,6,1,0.3826,46,1120,2025-11
CUST-02839,Professional,Professional Services,SMB,North America,2026-02-19,Control,0,0,5,0,454,0.7209,0.1578,2,3,0,0.5687,36,3046,2026-02
CUST-02840,Starter,Healthcare,Enterprise,Europe,2026-02-15,Treatment,0,0,17,0,413,0.7134,0.1649,3,6,1,0.3819,47,1132,2026-02
CUST-02841,Business,Education,Mid-Market,North America,2026-01-17,Control,1,4,10,6,365,0.8599,0.1156,4,3,0,0.4914,53,8999,2026-01
CUST-02842,Professional,SaaS,SMB,North America,2026-02-02,Treatment,1,6,15,12,354,0.7292,0.0833,4,3,1,0.489,53,2233,2026-02
CUST-02843,Professional,SaaS,Enterprise,Europe,2025-10-28,Treatment,1,8,13,10,310,0.8336,0.0994,7,10,1,0.1583,73,3175,2025-10
CUST-02844,Starter,Financial Services,SMB,North America,2026-01-26,Treatment,0,0,7,0,383,0.7138,0.1696,3,4,0,0.6004,34,1168,2026-01
CUST-02845,Starter,SaaS,SMB,Europe,2025-12-31,Treatment,0,0,7,3,422,0.926,0.2023,5,9,1,0.2481,52,1249,2025-12
CUST-02846,Professional,Healthcare,SMB,North America,2026-01-10,Treatment,0,0,9,1,367,0.6668,0.2112,3,4,1,0.476,37,3138,2026-01
CUST-02847,Starter,E-commerce,SMB,LATAM,2026-01-17,Treatment,1,1,6,5,356,0.9079,0.0886,4,7,0,0.1488,68,1090,2026-01
CUST-02848,Starter,Healthcare,Mid-Market,North America,2026-02-28,Treatment,0,0,8,0,379,0.6962,0.1973,1,5,1,0.4859,41,1182,2026-02
CUST-02849,Business,SaaS,SMB,North America,2025-12-25,Treatment,0,0,20,2,360,0.7228,0.1074,4,8,0,0.3341,48,8013,2025-12
CUST-02850,Professional,Financial Services,Mid-Market,North America,2025-12-08,Treatment,0,0,26,1,389,0.8385,0.1535,6,9,0,0.2146,56,2774,2025-12
CUST-02851,Professional,E-commerce,Mid-Market,North America,2026-02-12,Control,0,0,5,0,393,0.774,0.1758,1,4,0,0.4824,38,3229,2026-02
CUST-02852,Professional,Professional Services,Enterprise,Europe,2026-02-07,Control,0,0,17,1,390,0.7213,0.1245,4,6,1,0.4681,45,3354,2026-02
CUST-02853,Business,Financial Services,SMB,North America,2026-01-26,Control,0,0,7,0,418,0.7019,0.2138,3,2,0,0.5933,35,6319,2026-01
CUST-02854,Professional,E-commerce,SMB,North America,2026-02-22,Control,0,0,12,2,286,0.8415,0.1969,2,3,1,0.4713,40,2679,2026-02
CUST-02855,Business,SaaS,Enterprise,Europe,2025-10-29,Control,0,0,11,0,379,0.7016,0.1509,3,1,0,0.5519,34,5633,2025-10
CUST-02856,Enterprise,Professional Services,Mid-Market,North America,2026-01-13,Control,0,0,18,4,417,0.7265,0.2138,5,7,1,0.3491,48,18743,2026-01
CUST-02857,Professional,SaaS,SMB,Europe,2026-02-07,Control,0,0,11,1,473,0.6758,0.1797,5,5,1,0.4256,43,2743,2026-02
CUST-02858,Professional,SaaS,SMB,Europe,2025-11-06,Treatment,1,2,6,3,304,0.9548,0.096,6,8,1,0.0685,71,3752,2025-11
CUST-02859,Business,Professional Services,Mid-Market,North America,2026-01-26,Treatment,0,0,9,2,327,0.6296,0.1711,5,2,1,0.6227,32,7216,2026-01
CUST-02860,Professional,Professional Services,Mid-Market,Europe,2026-02-16,Control,1,8,10,4,387,0.8331,0.071,3,5,0,0.5073,52,3836,2026-02
CUST-02861,Professional,Financial Services,Mid-Market,APAC,2026-02-25,Treatment,0,0,17,0,458,0.7569,0.1642,4,6,1,0.3755,45,2939,2026-02
CUST-02862,Professional,SaaS,Mid-Market,APAC,2026-02-22,Treatment,1,1,7,7,295,0.7142,0.0697,5,6,1,0.1729,64,2593,2026-02
CUST-02863,Starter,SaaS,SMB,North America,2025-11-07,Treatment,0,0,3,0,302,0.7084,0.16,4,3,0,0.5123,36,1204,2025-11
CUST-02864,Starter,E-commerce,SMB,North America,2026-01-19,Control,0,0,5,0,415,0.7003,0.1626,4,9,1,0.3118,53,1131,2026-01
CUST-02865,Professional,Professional Services,Mid-Market,APAC,2025-10-22,Control,0,0,11,4,330,0.6817,0.1654,2,3,0,0.624,34,2894,2025-10
CUST-02866,Starter,E-commerce,Mid-Market,Europe,2026-03-07,Control,0,0,4,2,459,0.7385,0.1597,2,2,0,0.5592,31,1361,2026-03
CUST-02867,Professional,SaaS,SMB,North America,2026-01-01,Treatment,0,0,7,1,386,0.7551,0.2188,3,4,1,0.4952,40,3282,2026-01
CUST-02868,Professional,SaaS,Mid-Market,North America,2025-11-24,Treatment,0,0,5,0,338,0.707,0.1197,3,4,1,0.3727,41,3094,2025-11
CUST-02869,Enterprise,Financial Services,SMB,Europe,2025-10-03,Treatment,1,8,16,7,322,0.98,0.0449,4,4,1,0.482,54,15377,2025-10
CUST-02870,Starter,Financial Services,SMB,Europe,2025-11-29,Treatment,0,0,5,0,410,0.6774,0.1381,5,8,1,0.3566,46,1152,2025-11
CUST-02871,Professional,SaaS,Enterprise,APAC,2025-10-18,Treatment,0,0,15,3,369,0.7508,0.1596,3,2,0,0.5601,36,3227,2025-10
CUST-02872,Professional,SaaS,SMB,APAC,2026-03-05,Treatment,0,0,9,1,400,0.7398,0.1501,5,6,0,0.3995,45,3687,2026-03
CUST-02873,Starter,SaaS,SMB,North America,2025-11-28,Treatment,1,7,5,3,525,0.8588,0.0546,3,5,0,0.5111,52,1368,2025-11
CUST-02874,Starter,SaaS,Mid-Market,Europe,2026-02-26,Treatment,0,0,11,3,325,0.747,0.2077,1,5,0,0.3806,41,1013,2026-02
CUST-02875,Starter,E-commerce,SMB,North America,2025-11-18,Control,0,0,8,1,435,0.6631,0.1735,2,4,1,0.4078,42,1343,2025-11
CUST-02876,Starter,SaaS,SMB,North America,2025-12-11,Treatment,0,0,9,1,467,0.7822,0.1517,4,6,1,0.4887,46,1127,2025-12
CUST-02877,Starter,Financial Services,Mid-Market,North America,2025-11-24,Control,0,0,3,0,467,0.7317,0.1369,4,4,0,0.5618,36,1181,2025-11
CUST-02878,Professional,Professional Services,SMB,LATAM,2025-10-13,Control,0,0,16,3,333,0.8086,0.1533,4,8,1,0.3597,52,3372,2025-10
CUST-02879,Professional,Education,Mid-Market,North America,2026-01-19,Treatment,1,9,3,1,389,0.8729,0.0773,4,6,1,0.2685,65,3034,2026-01
CUST-02880,Starter,Education,SMB,North America,2025-10-08,Control,0,0,3,0,322,0.7783,0.1696,4,6,0,0.386,47,1337,2025-10
CUST-02881,Starter,Healthcare,SMB,North America,2025-12-08,Control,0,0,5,0,445,0.8048,0.1275,1,7,0,0.3173,46,1165,2025-12
CUST-02882,Starter,SaaS,Mid-Market,North America,2025-10-28,Treatment,1,8,30,20,328,0.765,0.0704,7,11,1,0.0249,79,983,2025-10
CUST-02883,Professional,Healthcare,SMB,North America,2025-10-24,Control,0,0,11,0,420,0.7376,0.1813,4,6,1,0.4638,44,2790,2025-10
CUST-02884,Professional,Financial Services,Mid-Market,North America,2025-10-19,Control,1,5,12,6,442,0.8992,0.0749,3,4,1,0.5437,53,2417,2025-10
CUST-02885,Professional,SaaS,Enterprise,North America,2025-10-28,Control,0,0,14,5,390,0.7491,0.1758,4,9,1,0.1632,58,3153,2025-10
CUST-02886,Starter,Healthcare,Mid-Market,North America,2026-01-17,Treatment,1,3,14,11,359,0.7487,0.0882,6,7,1,0.2555,65,1137,2026-01
CUST-02887,Starter,Healthcare,SMB,APAC,2025-10-19,Control,1,3,4,2,360,0.7272,0.0833,3,4,1,0.5269,50,1153,2025-10
CUST-02888,Enterprise,SaaS,SMB,Europe,2025-10-10,Control,0,0,9,1,463,0.817,0.1423,3,7,0,0.2874,52,15479,2025-10
CUST-02889,Starter,Financial Services,Enterprise,APAC,2026-02-18,Treatment,1,2,13,9,323,0.766,0.0917,3,8,1,0.441,59,1334,2026-02
CUST-02890,Starter,Financial Services,SMB,North America,2026-02-05,Control,1,7,4,4,366,0.806,0.0848,5,8,1,0.2206,66,1269,2026-02
CUST-02891,Starter,E-commerce,Mid-Market,North America,2025-12-01,Treatment,1,7,5,3,396,0.9229,0.0298,5,6,0,0.2275,69,820,2025-12
CUST-02892,Enterprise,Education,Mid-Market,North America,2025-10-15,Control,0,0,39,11,423,0.6879,0.1879,5,10,1,0.0761,66,12060,2025-10
CUST-02893,Professional,SaaS,SMB,LATAM,2025-12-19,Treatment,1,5,15,13,359,0.9048,0.0981,5,4,1,0.3894,56,3395,2025-12
CUST-02894,Professional,SaaS,SMB,North America,2025-11-21,Treatment,0,0,5,0,348,0.65,0.1241,7,8,1,0.2027,57,3100,2025-11
CUST-02895,Enterprise,Healthcare,Mid-Market,North America,2025-12-29,Control,1,7,15,12,346,0.9309,0.0853,4,5,0,0.4324,62,15610,2025-12
CUST-02896,Starter,Financial Services,Mid-Market,LATAM,2025-11-24,Control,0,0,7,3,283,0.7437,0.1514,3,4,0,0.4581,39,1203,2025-11
CUST-02897,Enterprise,Financial Services,SMB,LATAM,2026-02-06,Control,0,0,14,0,389,0.6184,0.1361,2,2,0,0.5262,33,16263,2026-02
CUST-02898,Starter,SaaS,Mid-Market,North America,2025-11-13,Control,1,3,10,6,398,0.7126,0.1062,5,8,1,0.3021,64,1205,2025-11
CUST-02899,Professional,Education,Mid-Market,Europe,2026-01-05,Control,1,6,31,15,423,0.7413,0.1253,5,8,1,0.1722,71,3269,2026-01
CUST-02900,Professional,Healthcare,SMB,North America,2026-01-17,Control,1,8,13,10,315,0.8207,0.0786,6,8,1,0.2556,66,2637,2026-01
CUST-02901,Professional,Healthcare,SMB,North America,2026-02-15,Control,1,5,6,4,473,0.9001,0.0794,3,4,1,0.4637,57,2882,2026-02
CUST-02902,Enterprise,Financial Services,Mid-Market,North America,2026-01-01,Control,0,0,9,1,311,0.7862,0.1364,2,8,1,0.2465,51,15860,2026-01
CUST-02903,Starter,Education,Mid-Market,LATAM,2026-02-02,Control,0,0,16,1,425,0.6611,0.1044,4,8,0,0.3766,45,1224,2026-02
CUST-02904,Enterprise,Financial Services,Enterprise,North America,2025-12-13,Treatment,0,0,13,0,435,0.8707,0.1705,3,4,1,0.5125,40,15638,2025-12
CUST-02905,Professional,Education,SMB,Europe,2026-01-20,Control,1,4,8,7,377,0.8051,0.1375,4,7,1,0.2931,63,2937,2026-01
CUST-02906,Professional,SaaS,Mid-Market,North America,2025-10-31,Treatment,0,0,15,3,412,0.6568,0.1561,4,4,1,0.547,39,3190,2025-10
CUST-02907,Enterprise,Financial Services,Mid-Market,Europe,2025-12-02,Treatment,1,1,14,11,354,0.8257,0.0855,4,9,1,0.1795,73,18105,2025-12
CUST-02908,Starter,Professional Services,Mid-Market,Europe,2025-12-04,Control,0,0,9,1,490,0.7308,0.1583,3,3,1,0.44,38,1233,2025-12
CUST-02909,Enterprise,E-commerce,SMB,Europe,2026-02-14,Control,0,0,17,0,347,0.6867,0.1472,5,7,1,0.3793,47,13748,2026-02
CUST-02910,Professional,Healthcare,SMB,LATAM,2026-01-26,Control,0,0,5,0,386,0.8061,0.1313,5,6,1,0.3789,44,2843,2026-01
CUST-02911,Business,Education,SMB,Europe,2026-03-07,Treatment,1,9,5,1,398,0.781,0.154,3,5,1,0.4261,58,6158,2026-03
CUST-02912,Starter,SaaS,SMB,Europe,2026-01-01,Control,0,0,10,0,397,0.6637,0.1716,5,8,1,0.2899,49,1287,2026-01
CUST-02913,Professional,Healthcare,SMB,North America,2025-12-06,Control,0,0,12,0,353,0.7788,0.1748,4,5,0,0.4063,42,2913,2025-12
CUST-02914,Professional,Education,Enterprise,LATAM,2025-10-09,Treatment,0,0,25,0,438,0.7617,0.2165,5,6,1,0.4899,45,3382,2025-10
CUST-02915,Professional,Education,SMB,North America,2026-03-02,Treatment,0,0,7,1,409,0.793,0.165,2,5,0,0.3582,42,3115,2026-03
CUST-02916,Starter,Education,Enterprise,North America,2026-03-06,Control,0,0,8,0,497,0.7912,0.1388,4,5,0,0.3596,45,1266,2026-03
CUST-02917,Starter,Education,SMB,North America,2025-12-21,Treatment,0,0,6,0,449,0.6772,0.1328,4,5,1,0.3655,38,1026,2025-12
CUST-02918,Business,SaaS,Mid-Market,North America,2025-10-14,Control,0,0,10,0,464,0.7208,0.208,2,4,0,0.4601,41,6691,2025-10
CUST-02919,Starter,Education,SMB,Europe,2026-03-09,Control,1,2,7,3,434,0.6301,0.1099,5,6,1,0.0869,66,1162,2026-03
CUST-02920,Business,E-commerce,Mid-Market,North America,2025-10-02,Control,1,3,12,9,297,0.8209,0.0875,5,9,1,0.2893,68,7067,2025-10
CUST-02921,Enterprise,Financial Services,SMB,North America,2025-11-16,Treatment,1,9,8,8,320,0.8542,0.0763,4,4,1,0.487,55,15422,2025-11
CUST-02922,Starter,Healthcare,Enterprise,LATAM,2025-10-30,Control,0,0,21,1,385,0.7138,0.1528,3,8,1,0.2921,51,1062,2025-10
CUST-02923,Starter,Professional Services,SMB,LATAM,2025-10-17,Treatment,1,1,8,6,417,0.7333,0.0999,6,6,0,0.4109,60,1280,2025-10
CUST-02924,Professional,Financial Services,SMB,North America,2026-02-27,Treatment,1,6,9,8,356,0.8945,0.1358,5,7,1,0.2548,64,2931,2026-02
CUST-02925,Starter,Professional Services,Enterprise,LATAM,2025-12-25,Treatment,1,8,11,9,352,0.7132,0.0883,5,6,1,0.2861,59,1351,2025-12
CUST-02926,Professional,SaaS,SMB,North America,2025-12-06,Control,0,0,5,1,392,0.8502,0.1386,3,5,0,0.5053,39,2522,2025-12
CUST-02927,Professional,SaaS,Mid-Market,North America,2026-01-08,Control,0,0,10,1,460,0.6084,0.1279,1,5,0,0.4491,40,3572,2026-01
CUST-02928,Professional,E-commerce,SMB,APAC,2026-01-12,Treatment,1,5,12,7,313,0.7888,0.1058,6,10,1,0.2625,69,2952,2026-01
CUST-02929,Professional,SaaS,SMB,Europe,2026-03-01,Control,1,4,17,13,356,0.6276,0.117,4,6,1,0.4554,57,2708,2026-03
CUST-02930,Professional,Financial Services,Mid-Market,Europe,2025-11-08,Treatment,0,0,12,3,473,0.6695,0.206,2,1,0,0.5287,34,2905,2025-11
CUST-02931,Professional,Healthcare,SMB,North America,2025-10-26,Control,0,0,12,1,431,0.7493,0.2273,4,4,0,0.514,37,2707,2025-10
CUST-02932,Starter,E-commerce,Mid-Market,North America,2025-12-12,Treatment,1,5,5,5,326,0.8352,0.0524,3,3,0,0.4826,51,1160,2025-12
CUST-02933,Professional,SaaS,SMB,North America,2025-10-16,Treatment,1,6,14,9,379,0.7907,0.0908,7,7,1,0.2754,66,3399,2025-10
CUST-02934,Business,SaaS,Mid-Market,LATAM,2026-01-07,Treatment,1,1,13,10,275,0.7697,0.0802,6,5,0,0.3402,57,7211,2026-01
CUST-02935,Professional,Financial Services,Enterprise,North America,2026-02-19,Control,0,0,16,0,372,0.9188,0.1552,2,6,0,0.3062,51,3039,2026-02
CUST-02936,Professional,Healthcare,SMB,North America,2026-03-01,Control,0,0,9,1,384,0.7234,0.1392,2,4,1,0.4451,45,2861,2026-03
CUST-02937,Professional,SaaS,SMB,North America,2025-12-30,Control,1,9,12,5,319,0.98,0.0985,7,7,1,0.2075,68,2915,2025-12
CUST-02938,Starter,SaaS,SMB,Europe,2025-12-01,Control,0,0,15,2,437,0.8527,0.1285,4,6,1,0.4064,44,1142,2025-12
CUST-02939,Starter,SaaS,Mid-Market,North America,2025-10-25,Treatment,0,0,11,3,325,0.6765,0.1722,1,6,0,0.395,48,1031,2025-10
CUST-02940,Starter,Financial Services,SMB,Europe,2025-11-30,Control,0,0,3,0,474,0.6911,0.1892,3,2,0,0.6046,31,1488,2025-11
CUST-02941,Enterprise,SaaS,Mid-Market,North America,2025-10-26,Control,0,0,27,4,428,0.8844,0.1472,3,4,0,0.6627,38,16650,2025-10
CUST-02942,Starter,Healthcare,SMB,North America,2025-10-16,Control,0,0,9,0,373,0.6187,0.1884,5,8,0,0.2935,45,1485,2025-10
CUST-02943,Business,Financial Services,Mid-Market,North America,2025-11-08,Control,0,0,17,2,372,0.8421,0.1634,3,5,1,0.5144,44,8094,2025-11
CUST-02944,Starter,E-commerce,Mid-Market,North America,2026-02-05,Treatment,0,0,13,0,408,0.721,0.1837,4,6,0,0.1567,48,968,2026-02
CUST-02945,Starter,Financial Services,SMB,Europe,2026-02-24,Treatment,1,7,5,5,396,0.6114,0.0979,3,7,1,0.3044,59,1253,2026-02
CUST-02946,Professional,SaaS,SMB,APAC,2026-03-02,Control,0,0,4,1,390,0.6394,0.1368,3,4,0,0.5375,38,2990,2026-03
CUST-02947,Professional,Education,SMB,North America,2026-01-11,Control,1,3,4,3,419,0.7908,0.0894,2,5,1,0.4685,55,2911,2026-01
CUST-02948,Business,Healthcare,SMB,North America,2025-10-01,Treatment,0,0,9,3,386,0.6887,0.149,4,3,1,0.4288,42,7215,2025-10
CUST-02949,Enterprise,Healthcare,SMB,North America,2025-11-29,Treatment,1,9,9,9,377,0.7775,0.1111,5,5,0,0.5014,55,18717,2025-11
CUST-02950,Business,Education,Mid-Market,APAC,2026-02-11,Treatment,0,0,18,0,488,0.6115,0.1541,5,5,1,0.3231,46,6555,2026-02
CUST-02951,Starter,Financial Services,SMB,LATAM,2026-03-03,Treatment,0,0,4,0,421,0.7272,0.1864,2,4,1,0.4125,39,1161,2026-03
CUST-02952,Business,Financial Services,SMB,Europe,2025-10-30,Treatment,0,0,11,0,351,0.8521,0.1729,5,6,1,0.3289,48,7938,2025-10
CUST-02953,Starter,Education,SMB,North America,2025-12-26,Treatment,0,0,8,0,398,0.8502,0.165,3,2,0,0.673,27,1109,2025-12
CUST-02954,Business,SaaS,SMB,North America,2026-02-28,Treatment,1,2,13,9,467,0.9066,0.0962,4,5,1,0.2469,65,7667,2026-02
CUST-02955,Professional,Professional Services,Enterprise,LATAM,2025-10-13,Treatment,0,0,17,1,377,0.7158,0.1846,4,6,1,0.3752,43,3416,2025-10
CUST-02956,Professional,Financial Services,SMB,North America,2025-12-29,Treatment,0,0,5,0,308,0.8273,0.1767,3,3,0,0.5119,40,3228,2025-12
CUST-02957,Starter,Healthcare,SMB,Europe,2025-11-24,Treatment,0,0,12,1,351,0.6038,0.1839,4,4,0,0.4229,36,950,2025-11
CUST-02958,Starter,SaaS,SMB,LATAM,2026-02-15,Control,0,0,8,1,387,0.7792,0.1342,5,6,0,0.4549,41,1093,2026-02
CUST-02959,Starter,SaaS,Enterprise,Europe,2026-02-20,Control,1,2,7,6,379,0.9374,0.0764,1,4,0,0.3179,59,1078,2026-02
CUST-02960,Business,Education,Mid-Market,Europe,2026-01-05,Treatment,1,1,23,17,418,0.8694,0.0901,6,7,1,0.3001,65,8096,2026-01
CUST-02961,Business,SaaS,SMB,North America,2025-11-14,Treatment,0,0,6,0,364,0.6003,0.1534,3,7,1,0.3309,45,7058,2025-11
CUST-02962,Enterprise,SaaS,Mid-Market,LATAM,2026-01-20,Control,0,0,22,5,465,0.6834,0.1365,4,5,1,0.5244,42,16076,2026-01
CUST-02963,Starter,Financial Services,Mid-Market,North America,2026-02-07,Control,0,0,5,0,448,0.6779,0.1913,1,7,1,0.4409,41,1121,2026-02
CUST-02964,Professional,Financial Services,Mid-Market,APAC,2026-02-22,Control,0,0,22,2,460,0.6436,0.1315,3,5,0,0.4528,39,2946,2026-02
CUST-02965,Starter,SaaS,SMB,North America,2025-12-05,Control,0,0,5,0,463,0.7036,0.1845,5,4,1,0.6363,32,1487,2025-12
CUST-02966,Professional,Professional Services,Mid-Market,Europe,2025-11-12,Treatment,1,9,18,16,325,0.8019,0.1345,5,9,1,0.2496,67,3963,2025-11
CUST-02967,Professional,E-commerce,Mid-Market,APAC,2025-10-20,Treatment,1,8,9,8,448,0.7915,0.0774,3,6,1,0.2084,65,3096,2025-10
CUST-02968,Starter,Professional Services,SMB,Europe,2025-12-22,Control,0,0,5,0,481,0.6577,0.1046,3,5,1,0.323,44,1062,2025-12
CUST-02969,Professional,SaaS,SMB,North America,2025-10-09,Control,0,0,6,0,414,0.8185,0.1481,1,4,1,0.3181,46,3080,2025-10
CUST-02970,Starter,SaaS,SMB,North America,2026-02-20,Control,1,9,3,2,449,0.7953,0.0708,5,4,1,0.3518,57,1440,2026-02
CUST-02971,Professional,Financial Services,SMB,APAC,2026-01-30,Control,0,0,9,3,531,0.6159,0.1248,3,6,1,0.3186,44,3093,2026-01
CUST-02972,Professional,SaaS,SMB,Europe,2026-01-30,Control,0,0,8,0,464,0.6942,0.1705,4,5,1,0.3576,46,2454,2026-01
CUST-02973,Starter,E-commerce,Mid-Market,North America,2025-10-10,Treatment,0,0,18,0,304,0.6851,0.171,3,4,0,0.6222,38,1175,2025-10
CUST-02974,Enterprise,SaaS,Mid-Market,APAC,2025-10-15,Control,0,0,24,1,318,0.6091,0.1716,3,5,0,0.287,47,13660,2025-10
CUST-02975,Professional,Professional Services,SMB,LATAM,2026-01-31,Treatment,0,0,7,0,426,0.6992,0.1368,4,7,1,0.3234,47,2675,2026-01
CUST-02976,Business,Education,SMB,APAC,2025-11-06,Treatment,1,2,12,10,303,0.9126,0.117,4,7,0,0.3037,66,7387,2025-11
CUST-02977,Professional,Professional Services,Mid-Market,Europe,2025-11-14,Control,0,0,13,1,365,0.7097,0.1436,2,7,1,0.3732,48,2711,2025-11
CUST-02978,Business,Education,SMB,LATAM,2026-01-10,Control,0,0,18,1,419,0.715,0.1337,4,5,0,0.3559,47,7942,2026-01
CUST-02979,Business,Education,SMB,APAC,2025-11-30,Control,0,0,10,1,383,0.7739,0.1328,5,7,1,0.1431,55,8407,2025-11
CUST-02980,Business,E-commerce,Mid-Market,North America,2025-10-29,Control,1,1,11,8,408,0.7622,0.0714,3,9,1,0.1943,65,6437,2025-10
CUST-02981,Professional,Healthcare,SMB,LATAM,2026-02-04,Treatment,0,0,15,1,460,0.6426,0.1628,2,5,1,0.2805,45,3367,2026-02
CUST-02982,Starter,Education,SMB,Europe,2025-11-13,Treatment,0,0,8,0,354,0.786,0.1337,4,3,0,0.5703,36,1327,2025-11
CUST-02983,Starter,Education,Mid-Market,LATAM,2025-10-17,Treatment,0,0,11,0,426,0.7283,0.1396,3,6,1,0.3613,45,1211,2025-10
CUST-02984,Professional,Education,Mid-Market,Europe,2025-11-14,Treatment,1,5,16,12,330,0.6728,0.1297,6,4,1,0.3749,54,3118,2025-11
CUST-02985,Starter,Professional Services,SMB,Europe,2026-01-30,Treatment,0,0,7,0,450,0.7627,0.1439,2,2,1,0.471,37,1290,2026-01
CUST-02986,Starter,SaaS,Mid-Market,North America,2025-11-03,Treatment,1,6,8,7,340,0.8353,0.112,5,7,1,0.4021,60,1358,2025-11
CUST-02987,Starter,Education,Enterprise,North America,2025-10-24,Control,0,0,15,0,462,0.59,0.1621,5,7,0,0.5102,42,980,2025-10
CUST-02988,Professional,Education,SMB,North America,2026-01-20,Control,0,0,11,1,400,0.5386,0.1839,3,7,1,0.2944,45,3347,2026-01
CUST-02989,Starter,Financial Services,Mid-Market,Europe,2026-01-16,Control,0,0,7,0,497,0.6765,0.1653,4,7,1,0.3844,42,1372,2026-01
CUST-02990,Professional,Professional Services,SMB,APAC,2025-11-16,Control,0,0,12,0,425,0.9333,0.1603,2,5,1,0.4291,46,3080,2025-11
CUST-02991,Business,E-commerce,SMB,North America,2026-03-06,Treatment,1,6,15,10,279,0.98,0.0818,5,7,1,0.2253,70,8304,2026-03
CUST-02992,Business,Education,SMB,North America,2026-02-14,Control,0,0,9,3,419,0.851,0.1402,1,2,0,0.5037,37,5913,2026-02
CUST-02993,Starter,SaaS,SMB,Europe,2025-10-16,Treatment,1,1,11,11,325,0.7495,0.0964,4,6,0,0.3328,61,1329,2025-10
CUST-02994,Professional,Education,SMB,North America,2026-03-09,Control,1,9,16,12,246,0.7435,0.0763,4,7,1,0.3553,61,2597,2026-03
CUST-02995,Professional,SaaS,Mid-Market,North America,2025-10-11,Treatment,0,0,20,2,385,0.6261,0.1113,6,7,1,0.1695,53,3377,2025-10
CUST-02996,Professional,Healthcare,SMB,North America,2025-12-01,Control,0,0,12,1,435,0.6311,0.1687,2,4,1,0.3679,42,3803,2025-12
CUST-02997,Professional,SaaS,Mid-Market,Europe,2025-10-04,Control,1,7,9,7,400,0.8596,0.0873,4,6,1,0.2864,66,3668,2025-10
CUST-02998,Starter,E-commerce,SMB,Europe,2026-02-20,Treatment,0,0,3,0,447,0.8688,0.1695,2,4,0,0.4766,42,1449,2026-02
CUST-02999,Enterprise,SaaS,Mid-Market,APAC,2026-01-12,Control,0,0,24,5,394,0.7348,0.16,5,7,0,0.4136,47,15573,2026-01
CUST-03000,Starter,Education,SMB,North America,2025-12-20,Treatment,1,6,10,7,342,0.7662,0.1096,4,6,0,0.5416,56,1373,2025-12
CUST-03001,Business,E-commerce,SMB,North America,2026-02-07,Treatment,0,0,8,1,352,0.656,0.1713,3,4,1,0.4031,42,7306,2026-02
CUST-03002,Professional,Education,Mid-Market,APAC,2026-01-14,Control,1,2,11,8,406,0.7926,0.0868,4,7,1,0.3303,62,3569,2026-01
CUST-03003,Starter,Healthcare,Mid-Market,LATAM,2026-01-13,Control,0,0,4,0,449,0.661,0.17,3,4,1,0.5533,33,1273,2026-01
CUST-03004,Business,SaaS,SMB,North America,2026-03-01,Control,0,0,10,0,378,0.6172,0.193,4,6,1,0.5421,36,5630,2026-03
CUST-03005,Starter,Professional Services,SMB,APAC,2025-12-16,Control,0,0,6,0,491,0.7444,0.1387,4,7,1,0.2854,51,1327,2025-12
CUST-03006,Business,Financial Services,Mid-Market,Europe,2026-01-02,Treatment,1,8,8,6,410,0.7456,0.0402,4,4,0,0.3064,57,6243,2026-01
CUST-03007,Professional,E-commerce,Mid-Market,APAC,2025-12-04,Treatment,1,6,9,6,416,0.768,0.1138,5,7,1,0.1602,70,3761,2025-12
CUST-03008,Starter,Professional Services,SMB,North America,2026-03-08,Control,0,0,13,1,404,0.7312,0.1754,5,7,1,0.3564,49,1325,2026-03
CUST-03009,Starter,Professional Services,Mid-Market,North America,2026-01-29,Treatment,0,0,4,1,506,0.5644,0.2296,4,6,1,0.3024,42,1181,2026-01
CUST-03010,Business,Financial Services,SMB,North America,2025-11-07,Treatment,0,0,6,0,366,0.6074,0.1628,1,4,1,0.5366,31,9283,2025-11
CUST-03011,Starter,Education,SMB,Europe,2025-12-16,Control,0,0,6,1,282,0.7405,0.1536,1,5,1,0.3362,45,1234,2025-12
CUST-03012,Business,Financial Services,Mid-Market,APAC,2026-03-06,Control,0,0,12,1,454,0.6369,0.1713,3,5,1,0.5269,41,6740,2026-03
CUST-03013,Business,Financial Services,Enterprise,North America,2026-01-20,Treatment,0,0,15,4,444,0.7339,0.1817,4,8,1,0.3856,51,7754,2026-01
CUST-03014,Professional,Healthcare,SMB,North America,2025-10-28,Treatment,0,0,11,0,457,0.6713,0.1753,6,8,1,0.1523,48,3696,2025-10
CUST-03015,Starter,SaaS,SMB,North America,2025-12-12,Control,0,0,10,1,472,0.7523,0.1543,3,5,1,0.443,42,1270,2025-12
CUST-03016,Business,SaaS,SMB,Europe,2026-02-24,Control,1,9,25,18,422,0.6819,0.1221,5,10,0,0.1237,73,5967,2026-02
CUST-03017,Enterprise,Professional Services,Mid-Market,APAC,2026-02-03,Control,0,0,30,4,467,0.6886,0.1356,1,4,1,0.4471,40,16605,2026-02
CUST-03018,Starter,Financial Services,SMB,North America,2026-01-20,Treatment,1,9,12,9,380,0.9383,0.0733,4,8,1,0.3261,64,1270,2026-01
CUST-03019,Professional,Healthcare,SMB,Europe,2025-10-07,Treatment,0,0,6,0,432,0.7595,0.1996,3,3,1,0.4232,39,3051,2025-10
CUST-03020,Starter,Financial Services,SMB,Europe,2026-02-25,Control,0,0,5,0,419,0.8042,0.1775,4,5,0,0.381,44,880,2026-02
CUST-03021,Professional,SaaS,Enterprise,APAC,2025-12-22,Treatment,1,5,22,17,415,0.8107,0.0795,5,9,1,0.201,70,2732,2025-12
CUST-03022,Business,SaaS,SMB,APAC,2026-01-29,Control,0,0,13,0,373,0.6283,0.1635,4,5,1,0.2705,46,7977,2026-01
CUST-03023,Professional,Education,Mid-Market,North America,2025-10-15,Treatment,1,5,10,6,362,0.7508,0.1418,4,5,1,0.3753,56,3621,2025-10
CUST-03024,Professional,Healthcare,SMB,Europe,2025-11-18,Treatment,0,0,12,1,347,0.6776,0.1547,2,5,0,0.3977,42,2688,2025-11
CUST-03025,Starter,SaaS,SMB,APAC,2025-11-10,Control,0,0,3,1,428,0.6779,0.1427,4,6,0,0.5693,36,1088,2025-11
CUST-03026,Starter,E-commerce,SMB,LATAM,2025-10-27,Control,0,0,7,0,501,0.8347,0.1619,2,4,0,0.5357,38,1080,2025-10
CUST-03027,Starter,Healthcare,SMB,Europe,2025-11-05,Control,0,0,3,1,347,0.7118,0.1825,4,7,0,0.3456,48,1287,2025-11
CUST-03028,Business,Professional Services,SMB,North America,2026-03-09,Treatment,0,0,10,1,313,0.6186,0.1696,1,3,1,0.5582,34,8053,2026-03
CUST-03029,Professional,Education,SMB,Europe,2026-01-22,Treatment,1,5,21,15,356,0.7555,0.1166,5,5,1,0.3983,60,3223,2026-01
CUST-03030,Professional,Financial Services,SMB,Europe,2026-01-26,Control,0,0,10,0,428,0.7624,0.1392,5,6,1,0.5164,39,2847,2026-01
CUST-03031,Business,Financial Services,SMB,North America,2026-02-02,Treatment,1,1,5,2,377,0.6887,0.0606,2,4,0,0.4167,55,6958,2026-02
CUST-03032,Starter,Healthcare,SMB,LATAM,2026-02-15,Treatment,0,0,7,0,344,0.817,0.1877,4,3,0,0.5297,37,1286,2026-02
CUST-03033,Starter,E-commerce,SMB,North America,2025-11-27,Control,0,0,7,1,461,0.8463,0.1316,2,5,0,0.4048,48,1421,2025-11
CUST-03034,Starter,Healthcare,SMB,APAC,2026-01-05,Control,0,0,4,0,429,0.6624,0.1313,4,9,1,0.2717,52,1236,2026-01
CUST-03035,Enterprise,SaaS,SMB,North America,2026-02-10,Treatment,1,3,17,10,468,0.877,0.0718,6,9,1,0.1,73,16847,2026-02
CUST-03036,Business,Education,Mid-Market,North America,2025-10-02,Control,1,3,7,3,436,0.8856,0.0671,4,6,0,0.2809,63,6783,2025-10
CUST-03037,Professional,E-commerce,Enterprise,Europe,2026-01-04,Treatment,1,6,12,7,323,0.7282,0.0742,6,9,1,0.1135,71,2625,2026-01
CUST-03038,Starter,E-commerce,Mid-Market,Europe,2026-02-19,Treatment,0,0,9,3,414,0.6962,0.1171,4,9,1,0.1811,54,1288,2026-02
CUST-03039,Starter,SaaS,SMB,APAC,2026-01-17,Control,1,5,4,3,398,0.7879,0.1251,4,9,1,0.1654,68,1143,2026-01
CUST-03040,Professional,Professional Services,Enterprise,Europe,2026-01-20,Control,0,0,16,0,500,0.7596,0.1218,3,5,0,0.3338,43,3003,2026-01
CUST-03041,Professional,SaaS,Enterprise,North America,2026-03-09,Control,1,9,14,8,339,0.9265,0.1471,4,4,0,0.3107,61,3316,2026-03
CUST-03042,Enterprise,Healthcare,SMB,LATAM,2026-02-17,Control,0,0,18,0,341,0.7335,0.1808,4,6,0,0.4355,45,17003,2026-02
CUST-03043,Business,Professional Services,SMB,Europe,2026-01-20,Control,0,0,9,1,404,0.6073,0.2286,3,4,1,0.5374,36,7010,2026-01
CUST-03044,Professional,E-commerce,Mid-Market,North America,2025-11-18,Treatment,0,0,9,0,399,0.5877,0.1423,2,4,1,0.3915,40,3278,2025-11
CUST-03045,Business,Education,Enterprise,APAC,2026-02-28,Treatment,0,0,27,6,382,0.6675,0.1501,2,6,1,0.3186,50,8444,2026-02
CUST-03046,Enterprise,SaaS,Mid-Market,North America,2025-12-10,Treatment,0,0,13,2,418,0.731,0.1948,3,4,0,0.4239,45,19022,2025-12
CUST-03047,Professional,Financial Services,Mid-Market,North America,2026-03-05,Control,0,0,11,1,249,0.8244,0.1357,7,6,1,0.2267,52,2907,2026-03
CUST-03048,Professional,Education,Mid-Market,North America,2026-02-15,Control,0,0,11,1,342,0.5895,0.1812,3,3,0,0.4288,35,2944,2026-02
CUST-03049,Business,E-commerce,Enterprise,Europe,2025-10-24,Treatment,0,0,17,2,409,0.7139,0.1584,5,8,1,0.245,54,6715,2025-10
CUST-03050,Starter,Financial Services,SMB,North America,2026-02-16,Control,0,0,9,2,391,0.8469,0.1847,2,4,1,0.388,48,1323,2026-02
CUST-03051,Business,Healthcare,SMB,LATAM,2026-01-06,Control,1,1,13,12,456,0.8401,0.1253,5,11,1,0.0911,79,8368,2026-01
CUST-03052,Starter,Professional Services,Mid-Market,North America,2026-02-04,Treatment,1,1,11,8,361,0.7092,0.0777,6,6,1,0.2012,65,1218,2026-02
CUST-03053,Professional,Education,SMB,LATAM,2026-01-31,Treatment,0,0,10,1,329,0.7419,0.1413,4,4,0,0.4387,43,3638,2026-01
CUST-03054,Business,Financial Services,SMB,North America,2025-12-03,Treatment,0,0,16,1,367,0.7236,0.1284,3,5,1,0.4773,41,7863,2025-12
CUST-03055,Professional,Education,SMB,North America,2025-10-26,Control,0,0,7,0,465,0.8271,0.124,2,6,1,0.4948,46,2742,2025-10
CUST-03056,Professional,Financial Services,SMB,North America,2026-02-04,Treatment,1,2,10,10,328,0.8652,0.0772,3,5,0,0.5089,54,3061,2026-02
CUST-03057,Professional,Financial Services,SMB,North America,2026-01-01,Control,0,0,8,0,298,0.7488,0.1608,2,3,1,0.4527,36,2939,2026-01
CUST-03058,Starter,Healthcare,Mid-Market,North America,2025-12-16,Control,0,0,4,0,447,0.7711,0.1467,1,6,0,0.4001,43,1279,2025-12
CUST-03059,Starter,Financial Services,SMB,APAC,2026-02-17,Control,0,0,6,0,473,0.7293,0.1676,4,1,1,0.6545,28,1638,2026-02
CUST-03060,Starter,Education,SMB,APAC,2025-10-14,Treatment,1,5,5,5,342,0.7446,0.1092,6,7,0,0.2467,61,1440,2025-10
CUST-03061,Professional,Financial Services,SMB,Europe,2025-10-14,Control,1,4,21,19,315,0.8636,0.077,4,8,0,0.3063,66,3453,2025-10
CUST-03062,Professional,SaaS,Enterprise,North America,2025-11-29,Treatment,0,0,15,1,452,0.6719,0.1497,6,11,1,0.2122,55,2555,2025-11
CUST-03063,Starter,E-commerce,Mid-Market,APAC,2025-11-24,Treatment,0,0,18,2,293,0.7545,0.191,5,5,1,0.3863,47,1422,2025-11
CUST-03064,Business,Professional Services,Enterprise,North America,2026-01-17,Treatment,0,0,22,3,442,0.7816,0.1702,3,4,1,0.4611,40,8229,2026-01
CUST-03065,Professional,Education,SMB,Europe,2026-02-27,Control,0,0,13,0,412,0.6254,0.1564,4,8,1,0.2948,49,3567,2026-02
CUST-03066,Professional,SaaS,SMB,Europe,2026-01-21,Treatment,0,0,7,0,459,0.7076,0.1443,2,4,1,0.444,43,2452,2026-01
CUST-03067,Professional,SaaS,Mid-Market,North America,2026-02-01,Control,0,0,9,0,348,0.85,0.1829,2,5,0,0.4828,42,2759,2026-02
CUST-03068,Starter,Healthcare,Mid-Market,North America,2025-12-22,Control,1,9,5,5,344,0.9122,0.0841,2,5,1,0.3275,61,1305,2025-12
CUST-03069,Business,SaaS,SMB,LATAM,2026-01-05,Control,1,4,13,7,426,0.8399,0.0426,4,5,0,0.411,55,6206,2026-01
CUST-03070,Professional,Education,Mid-Market,North America,2026-02-19,Treatment,0,0,21,3,430,0.7109,0.1098,5,5,1,0.4004,44,3611,2026-02
CUST-03071,Starter,E-commerce,Mid-Market,Europe,2025-11-17,Treatment,0,0,11,1,267,0.7035,0.1407,1,4,0,0.3982,41,1294,2025-11
CUST-03072,Enterprise,E-commerce,SMB,LATAM,2025-12-24,Treatment,0,0,18,2,449,0.6966,0.1353,3,5,1,0.4596,41,16348,2025-12
CUST-03073,Business,SaaS,SMB,North America,2026-01-07,Control,1,1,7,6,412,0.7995,0.0918,3,5,1,0.4144,61,6771,2026-01
CUST-03074,Business,E-commerce,SMB,North America,2026-02-06,Control,0,0,6,0,433,0.8284,0.1139,3,8,1,0.2885,53,6941,2026-02
CUST-03075,Business,Education,SMB,North America,2025-10-03,Control,0,0,11,2,401,0.6747,0.1616,2,7,0,0.3248,48,6577,2025-10
CUST-03076,Business,E-commerce,Mid-Market,APAC,2026-02-24,Treatment,1,4,20,12,422,0.7031,0.0659,6,7,0,0.1813,67,7306,2026-02
CUST-03077,Professional,SaaS,SMB,North America,2026-01-31,Treatment,0,0,5,0,417,0.8033,0.1862,2,3,0,0.4283,40,3344,2026-01
CUST-03078,Professional,SaaS,Mid-Market,North America,2025-10-30,Treatment,1,5,14,11,257,0.7757,0.0713,6,10,1,0.1522,72,2881,2025-10
CUST-03079,Professional,Education,Mid-Market,North America,2025-10-13,Control,1,7,32,17,331,0.726,0.1123,5,8,1,0.3696,63,3349,2025-10
CUST-03080,Starter,Education,Enterprise,LATAM,2025-10-24,Control,1,4,19,10,458,0.8074,0.0883,5,9,1,0.061,77,1020,2025-10
CUST-03081,Starter,SaaS,SMB,APAC,2026-02-18,Treatment,0,0,9,0,397,0.6981,0.148,5,8,1,0.293,49,966,2026-02
CUST-03082,Starter,Financial Services,SMB,Europe,2026-02-15,Control,0,0,8,1,414,0.7289,0.1281,4,3,0,0.6862,29,1381,2026-02
CUST-03083,Professional,SaaS,SMB,LATAM,2025-11-05,Control,0,0,7,0,318,0.7639,0.1399,4,8,1,0.2104,56,2771,2025-11
CUST-03084,Business,Financial Services,Mid-Market,Europe,2025-12-14,Control,0,0,17,2,431,0.753,0.1943,3,3,0,0.5331,40,7362,2025-12
CUST-03085,Business,SaaS,SMB,LATAM,2025-10-27,Control,0,0,11,2,431,0.7604,0.1575,2,4,1,0.5224,40,6764,2025-10
CUST-03086,Starter,Professional Services,Mid-Market,North America,2025-10-17,Control,0,0,6,0,536,0.7346,0.1384,1,5,0,0.4088,42,1238,2025-10
CUST-03087,Starter,Education,SMB,North America,2025-12-07,Treatment,0,0,8,1,446,0.5812,0.1677,5,7,0,0.14,48,1471,2025-12
CUST-03088,Professional,SaaS,SMB,APAC,2025-10-02,Treatment,0,0,12,1,457,0.7301,0.1479,4,3,0,0.2985,44,2734,2025-10
CUST-03089,Professional,E-commerce,Mid-Market,North America,2026-03-05,Treatment,0,0,13,0,310,0.6201,0.1421,5,9,0,0.2096,51,2484,2026-03
CUST-03090,Business,SaaS,Mid-Market,North America,2026-01-14,Control,0,0,21,3,369,0.6656,0.1493,3,7,0,0.4008,46,6520,2026-01
CUST-03091,Business,Healthcare,SMB,Europe,2026-02-24,Treatment,0,0,13,3,510,0.6668,0.1838,3,5,1,0.3889,41,7543,2026-02
CUST-03092,Business,SaaS,Mid-Market,Europe,2026-01-23,Control,0,0,10,1,453,0.7689,0.159,2,3,0,0.5755,33,6509,2026-01
CUST-03093,Business,SaaS,SMB,North America,2026-03-03,Control,0,0,10,2,423,0.5801,0.1773,4,4,1,0.461,37,6756,2026-03
CUST-03094,Enterprise,Education,Mid-Market,North America,2025-10-05,Control,0,0,11,1,504,0.7322,0.149,3,4,1,0.5399,44,12444,2025-10
CUST-03095,Professional,SaaS,SMB,North America,2025-10-08,Control,0,0,3,0,364,0.7155,0.1444,4,3,1,0.5796,36,3104,2025-10
CUST-03096,Starter,Professional Services,SMB,North America,2026-02-19,Treatment,1,5,7,6,375,0.8651,0.1264,7,6,1,0.2746,63,1312,2026-02
CUST-03097,Starter,SaaS,SMB,North America,2025-12-29,Treatment,1,4,12,10,379,0.811,0.0632,6,9,1,0.2109,73,1078,2025-12
CUST-03098,Professional,E-commerce,SMB,North America,2026-01-29,Control,1,5,12,7,363,0.8467,0.0819,4,4,0,0.4407,55,2760,2026-01
CUST-03099,Starter,E-commerce,Mid-Market,Europe,2026-01-25,Treatment,1,1,7,7,266,0.8122,0.1178,4,5,1,0.4133,54,1227,2026-01
CUST-03100,Starter,Education,SMB,North America,2026-01-19,Control,1,6,5,1,480,0.9399,0.0783,6,9,1,0.2244,70,1279,2026-01
CUST-03101,Enterprise,SaaS,SMB,North America,2025-11-10,Control,1,2,11,9,359,0.7934,0.1363,4,6,0,0.2867,60,16134,2025-11
CUST-03102,Starter,SaaS,SMB,Europe,2026-02-13,Treatment,1,6,18,13,383,0.98,0.0676,4,8,1,0.0796,73,1214,2026-02
CUST-03103,Enterprise,Professional Services,SMB,North America,2026-02-27,Treatment,1,2,25,19,318,0.7838,0.1058,6,8,1,0.078,70,15303,2026-02
CUST-03104,Business,Professional Services,Mid-Market,North America,2026-03-01,Treatment,1,3,18,15,311,0.8657,0.1326,3,3,1,0.6594,48,8100,2026-03
CUST-03105,Professional,Financial Services,SMB,North America,2025-11-17,Control,0,0,12,0,392,0.8455,0.1647,2,4,0,0.5715,36,3170,2025-11
CUST-03106,Professional,SaaS,Mid-Market,Europe,2026-03-04,Treatment,1,6,7,4,360,0.7886,0.1002,5,3,0,0.3246,55,2704,2026-03
CUST-03107,Professional,SaaS,Mid-Market,North America,2026-01-20,Control,0,0,20,1,468,0.7178,0.1806,6,11,1,0.255,57,2868,2026-01
CUST-03108,Professional,Professional Services,SMB,North America,2026-02-04,Control,0,0,12,1,426,0.6162,0.0961,3,4,1,0.3233,41,3212,2026-02
CUST-03109,Starter,Financial Services,Mid-Market,Europe,2025-10-27,Control,0,0,11,2,343,0.98,0.1957,3,6,0,0.5043,41,1281,2025-10
CUST-03110,Enterprise,Financial Services,SMB,APAC,2025-11-03,Control,1,5,17,8,294,0.8124,0.0985,5,6,1,0.2214,67,14156,2025-11
CUST-03111,Starter,Healthcare,SMB,Europe,2025-10-06,Control,0,0,4,2,432,0.8385,0.1615,2,4,0,0.5594,40,1192,2025-10
CUST-03112,Starter,SaaS,SMB,LATAM,2026-02-26,Control,1,6,12,10,410,0.7485,0.0939,5,5,1,0.2214,61,1141,2026-02
CUST-03113,Business,Education,SMB,Europe,2025-11-25,Treatment,0,0,8,0,393,0.6135,0.1088,4,6,1,0.3115,44,5983,2025-11
CUST-03114,Professional,Professional Services,SMB,North America,2025-11-30,Control,0,0,30,1,373,0.675,0.1826,2,5,1,0.3076,49,3613,2025-11
CUST-03115,Professional,SaaS,SMB,North America,2025-10-07,Control,1,2,7,2,394,0.8206,0.0994,3,9,1,0.1171,74,2870,2025-10
CUST-03116,Professional,Education,Mid-Market,North America,2025-12-12,Treatment,0,0,6,2,392,0.7359,0.1361,3,6,1,0.4026,44,2723,2025-12
CUST-03117,Starter,Financial Services,SMB,North America,2025-11-24,Treatment,0,0,9,2,410,0.674,0.1703,2,3,0,0.5936,31,1192,2025-11
CUST-03118,Professional,Healthcare,Enterprise,North America,2025-10-11,Control,1,8,18,11,425,0.7705,0.1037,8,10,1,0.2563,67,2838,2025-10
CUST-03119,Starter,Healthcare,SMB,North America,2025-12-12,Control,0,0,4,0,464,0.7383,0.1462,2,2,0,0.6364,30,1408,2025-12
CUST-03120,Starter,Professional Services,Mid-Market,Europe,2026-01-21,Control,0,0,7,0,458,0.6641,0.1919,3,4,0,0.6184,35,1376,2026-01
CUST-03121,Starter,Healthcare,SMB,Europe,2025-10-14,Treatment,0,0,3,2,317,0.6895,0.1569,3,8,1,0.226,54,1194,2025-10
CUST-03122,Professional,Financial Services,SMB,North America,2025-10-18,Control,0,0,8,0,439,0.6405,0.153,4,4,0,0.4646,36,3344,2025-10
CUST-03123,Professional,Financial Services,SMB,North America,2026-01-29,Control,1,3,16,8,393,0.8705,0.1068,6,5,1,0.2673,61,3006,2026-01
CUST-03124,Professional,SaaS,Enterprise,North America,2026-02-27,Treatment,0,0,18,3,328,0.6222,0.1383,3,6,0,0.5158,40,2451,2026-02
CUST-03125,Starter,Education,Enterprise,North America,2025-12-11,Treatment,0,0,14,1,384,0.7032,0.1484,4,8,1,0.248,50,1201,2025-12
CUST-03126,Starter,Healthcare,SMB,North America,2025-11-22,Control,0,0,4,1,422,0.7707,0.1313,2,4,1,0.4868,39,1121,2025-11
CUST-03127,Professional,Healthcare,Mid-Market,North America,2026-01-15,Control,1,9,9,6,287,0.8568,0.0856,6,6,0,0.3629,61,2747,2026-01
CUST-03128,Starter,Financial Services,Mid-Market,North America,2025-12-21,Control,0,0,8,2,361,0.6373,0.1517,4,4,1,0.6116,34,1285,2025-12
CUST-03129,Professional,Financial Services,Mid-Market,LATAM,2025-12-20,Control,0,0,14,0,415,0.7911,0.1632,2,3,0,0.4126,40,3848,2025-12
CUST-03130,Enterprise,E-commerce,SMB,North America,2026-02-05,Control,0,0,17,1,383,0.7913,0.1855,3,6,0,0.3621,50,14576,2026-02
CUST-03131,Professional,Financial Services,Mid-Market,Europe,2026-01-03,Treatment,0,0,16,2,461,0.7822,0.177,4,8,1,0.3634,52,3086,2026-01
CUST-03132,Business,Education,Mid-Market,North America,2025-12-06,Treatment,0,0,14,2,441,0.7201,0.1632,2,4,0,0.6056,33,7574,2025-12
CUST-03133,Starter,Professional Services,SMB,North America,2025-10-25,Treatment,0,0,3,0,338,0.7652,0.1922,2,3,1,0.4254,38,1514,2025-10
CUST-03134,Starter,Professional Services,SMB,North America,2025-10-02,Treatment,1,9,10,7,315,0.8575,0.0744,6,8,1,0.2136,68,1138,2025-10
CUST-03135,Business,SaaS,SMB,LATAM,2026-01-24,Treatment,0,0,8,1,464,0.9281,0.1724,2,1,1,0.5131,38,9206,2026-01
CUST-03136,Business,Healthcare,Enterprise,North America,2025-11-12,Control,0,0,24,1,438,0.5921,0.1829,6,6,1,0.5008,42,6015,2025-11
CUST-03137,Business,E-commerce,SMB,North America,2025-12-05,Treatment,0,0,19,2,244,0.7627,0.2073,3,4,1,0.3492,47,6947,2025-12
CUST-03138,Starter,SaaS,SMB,LATAM,2025-12-06,Control,1,4,17,7,459,0.868,0.0937,5,8,1,0.2865,67,1328,2025-12
CUST-03139,Business,Professional Services,SMB,North America,2025-10-23,Control,0,0,12,1,405,0.7536,0.1503,4,7,1,0.2115,56,5809,2025-10
CUST-03140,Professional,Healthcare,Mid-Market,North America,2026-02-03,Control,1,7,15,9,366,0.8909,0.0904,4,4,1,0.4567,55,2899,2026-02
CUST-03141,Starter,Healthcare,Mid-Market,Europe,2026-02-26,Treatment,0,0,8,1,353,0.8067,0.1617,4,5,0,0.4018,44,1015,2026-02
CUST-03142,Starter,SaaS,SMB,North America,2026-01-12,Treatment,0,0,4,0,479,0.7586,0.1432,2,2,0,0.6391,28,1016,2026-01
CUST-03143,Enterprise,Healthcare,SMB,LATAM,2025-11-20,Control,1,6,14,11,384,0.827,0.0905,5,7,1,0.2966,64,19651,2025-11
CUST-03144,Starter,Healthcare,Mid-Market,North America,2026-01-16,Control,0,0,17,2,394,0.5654,0.2043,4,7,0,0.3369,46,1352,2026-01
CUST-03145,Business,Financial Services,SMB,APAC,2025-12-11,Treatment,0,0,22,3,249,0.9038,0.1181,3,4,0,0.435,45,7649,2025-12
CUST-03146,Professional,Financial Services,SMB,North America,2025-10-04,Control,0,0,11,2,371,0.5457,0.0994,4,6,1,0.3495,41,3491,2025-10
CUST-03147,Business,SaaS,Enterprise,APAC,2026-03-05,Control,1,1,15,7,317,0.8633,0.0521,7,9,1,0.2009,70,7946,2026-03
CUST-03148,Business,SaaS,SMB,APAC,2026-03-02,Treatment,0,0,17,1,384,0.7617,0.1367,5,3,1,0.4017,41,8422,2026-03
CUST-03149,Business,Professional Services,SMB,APAC,2025-10-30,Treatment,0,0,10,0,361,0.6283,0.1302,4,5,1,0.4675,39,7759,2025-10
CUST-03150,Starter,SaaS,SMB,APAC,2025-10-14,Control,0,0,4,1,439,0.9155,0.1398,2,2,0,0.5941,34,1143,2025-10
CUST-03151,Starter,E-commerce,Mid-Market,Europe,2025-11-26,Control,1,2,15,6,467,0.887,0.0642,6,10,1,0.2034,75,1100,2025-11
CUST-03152,Professional,E-commerce,Mid-Market,North America,2025-12-13,Treatment,1,8,6,6,342,0.8393,0.1013,4,1,1,0.5145,47,2915,2025-12
CUST-03153,Professional,Financial Services,SMB,North America,2026-01-28,Control,0,0,9,3,324,0.6311,0.1364,3,5,0,0.3974,40,2463,2026-01
CUST-03154,Starter,Education,Mid-Market,North America,2025-10-19,Treatment,0,0,7,0,390,0.8584,0.1311,2,1,1,0.5907,33,1215,2025-10
CUST-03155,Starter,Financial Services,Enterprise,North America,2025-10-14,Treatment,0,0,20,0,386,0.8639,0.1111,4,5,0,0.4724,41,1438,2025-10
CUST-03156,Professional,Education,Mid-Market,North America,2025-11-06,Treatment,1,7,15,8,459,0.8284,0.1149,4,10,1,0.01,79,2706,2025-11
CUST-03157,Starter,Education,SMB,Europe,2026-01-29,Control,0,0,13,2,402,0.883,0.1935,5,4,0,0.4905,40,1182,2026-01
CUST-03158,Starter,SaaS,SMB,Europe,2025-11-11,Control,0,0,11,0,490,0.7529,0.1664,3,6,1,0.438,43,927,2025-11
CUST-03159,Business,SaaS,Mid-Market,LATAM,2026-03-06,Control,1,6,16,5,310,0.8469,0.0932,6,6,1,0.3163,63,7577,2026-03
CUST-03160,Starter,Healthcare,SMB,North America,2025-10-01,Control,1,8,10,5,376,0.8104,0.1065,6,9,1,0.2586,66,1708,2025-10
CUST-03161,Enterprise,Healthcare,SMB,Europe,2026-01-15,Control,1,7,14,11,298,0.9004,0.1103,4,6,1,0.3144,61,16336,2026-01
CUST-03162,Enterprise,E-commerce,SMB,Europe,2026-01-12,Control,0,0,32,3,396,0.8046,0.1311,6,12,1,0.0399,70,18005,2026-01
CUST-03163,Starter,SaaS,Mid-Market,LATAM,2025-11-27,Control,0,0,6,1,427,0.6917,0.1538,5,6,1,0.3554,44,1131,2025-11
CUST-03164,Business,SaaS,SMB,Europe,2025-12-26,Treatment,0,0,15,2,318,0.6423,0.1845,3,6,1,0.4042,42,8058,2025-12
CUST-03165,Professional,Healthcare,SMB,North America,2026-01-27,Control,1,4,13,11,321,0.7972,0.0764,4,6,0,0.4368,57,2783,2026-01
CUST-03166,Professional,Financial Services,Mid-Market,North America,2025-12-19,Control,1,4,20,10,364,0.8712,0.0939,4,8,1,0.2049,70,3075,2025-12
CUST-03167,Starter,Financial Services,SMB,LATAM,2026-01-20,Control,0,0,11,0,420,0.7186,0.1903,4,5,1,0.5545,39,979,2026-01
CUST-03168,Starter,Education,SMB,Europe,2025-12-11,Treatment,0,0,6,0,325,0.6576,0.2198,4,9,1,0.2593,49,1372,2025-12
CUST-03169,Starter,SaaS,SMB,APAC,2026-03-08,Control,1,7,12,9,381,0.8062,0.1146,3,3,0,0.5245,53,1272,2026-03
CUST-03170,Professional,Healthcare,SMB,APAC,2026-02-13,Treatment,0,0,6,0,434,0.638,0.1283,3,4,1,0.4342,40,3268,2026-02
CUST-03171,Enterprise,Education,Enterprise,Europe,2026-02-19,Control,0,0,23,0,465,0.7125,0.1426,4,7,1,0.3339,47,15198,2026-02
CUST-03172,Professional,Financial Services,SMB,Europe,2025-11-18,Treatment,1,8,9,3,300,0.6662,0.1203,3,6,0,0.4211,54,3176,2025-11
CUST-03173,Business,Financial Services,Mid-Market,LATAM,2025-10-08,Treatment,0,0,17,0,392,0.7414,0.1413,4,7,1,0.3317,48,8942,2025-10
CUST-03174,Enterprise,E-commerce,SMB,APAC,2025-10-29,Treatment,1,3,22,18,350,0.8994,0.1118,3,8,1,0.2201,71,14619,2025-10
CUST-03175,Professional,SaaS,SMB,North America,2025-12-28,Treatment,1,1,11,4,395,0.8141,0.133,5,6,1,0.272,62,3285,2025-12
CUST-03176,Starter,Education,SMB,North America,2026-02-12,Treatment,1,4,10,5,380,0.8433,0.1167,3,7,1,0.2859,62,1197,2026-02
CUST-03177,Business,Financial Services,SMB,North America,2026-02-02,Control,0,0,5,0,379,0.744,0.2048,2,3,1,0.5131,37,9040,2026-02
CUST-03178,Professional,Financial Services,SMB,North America,2026-02-11,Control,0,0,6,1,405,0.7693,0.1315,2,7,1,0.3744,46,2749,2026-02
CUST-03179,Starter,E-commerce,SMB,APAC,2025-10-31,Treatment,0,0,8,0,567,0.7789,0.1115,2,3,0,0.4821,34,1125,2025-10
CUST-03180,Professional,Healthcare,Enterprise,APAC,2026-01-29,Treatment,1,7,17,14,383,0.8606,0.0703,5,8,1,0.1909,73,3373,2026-01
CUST-03181,Enterprise,SaaS,SMB,North America,2025-10-13,Treatment,0,0,12,0,325,0.848,0.1601,1,3,1,0.4244,42,15688,2025-10
CUST-03182,Starter,Professional Services,Enterprise,North America,2025-10-20,Control,0,0,15,0,494,0.6015,0.1372,2,6,1,0.4365,41,1272,2025-10
CUST-03183,Professional,E-commerce,SMB,North America,2026-01-03,Control,1,5,18,14,446,0.8729,0.0705,3,2,1,0.5185,53,3285,2026-01
CUST-03184,Starter,SaaS,SMB,APAC,2025-10-10,Treatment,0,0,8,2,439,0.7125,0.1564,4,5,1,0.5479,37,1230,2025-10
CUST-03185,Starter,Healthcare,Mid-Market,Europe,2026-02-01,Treatment,1,9,6,3,449,0.772,0.0784,7,4,0,0.4241,59,976,2026-02
CUST-03186,Starter,Education,SMB,North America,2025-12-28,Control,0,0,10,0,539,0.5753,0.1808,3,7,0,0.2569,48,1299,2025-12
CUST-03187,Business,Healthcare,SMB,North America,2025-12-14,Control,0,0,12,0,426,0.6031,0.1604,4,7,1,0.3596,47,6932,2025-12
CUST-03188,Business,Healthcare,SMB,Europe,2025-11-01,Treatment,0,0,15,1,464,0.6898,0.1452,7,7,1,0.3969,44,6268,2025-11
CUST-03189,Starter,Financial Services,SMB,North America,2025-12-08,Treatment,0,0,10,2,480,0.6635,0.1838,4,7,1,0.2792,50,1477,2025-12
CUST-03190,Starter,Professional Services,Mid-Market,APAC,2026-01-17,Treatment,0,0,9,0,368,0.8097,0.2314,3,5,1,0.4562,44,1379,2026-01
CUST-03191,Starter,Financial Services,SMB,LATAM,2026-03-02,Control,0,0,10,3,472,0.7889,0.1715,2,6,0,0.319,48,1038,2026-03
CUST-03192,Starter,Professional Services,Enterprise,North America,2026-02-07,Control,0,0,14,0,421,0.8503,0.1466,3,5,1,0.4642,48,906,2026-02
CUST-03193,Professional,SaaS,SMB,North America,2026-02-08,Control,0,0,7,0,463,0.7177,0.1185,4,7,1,0.3235,49,2915,2026-02
CUST-03194,Professional,Education,SMB,North America,2025-10-24,Control,0,0,15,1,456,0.7824,0.1531,3,6,0,0.4505,43,3666,2025-10
CUST-03195,Professional,Education,SMB,North America,2026-02-02,Control,1,7,9,3,350,0.684,0.0601,6,8,1,0.0156,68,2665,2026-02
CUST-03196,Professional,E-commerce,SMB,North America,2025-12-12,Control,0,0,7,1,476,0.9213,0.1725,3,4,1,0.5277,39,2843,2025-12
CUST-03197,Professional,Financial Services,Mid-Market,North America,2025-10-16,Control,1,8,27,20,333,0.9537,0.1318,7,10,1,0.2422,76,2630,2025-10
CUST-03198,Starter,SaaS,Mid-Market,North America,2025-12-31,Control,1,8,6,3,393,0.7437,0.0684,4,7,0,0.323,61,1247,2025-12
CUST-03199,Starter,E-commerce,SMB,APAC,2025-12-02,Treatment,1,1,4,3,411,0.9381,0.0753,3,3,1,0.5874,49,1184,2025-12
CUST-03200,Enterprise,SaaS,SMB,North America,2025-12-10,Control,0,0,21,2,435,0.663,0.1778,3,6,1,0.4277,43,14555,2025-12
CUST-03201,Business,SaaS,Mid-Market,APAC,2026-01-10,Control,1,9,18,12,331,0.7561,0.0716,4,6,0,0.3984,58,6269,2026-01
CUST-03202,Enterprise,Education,SMB,North America,2026-02-27,Treatment,1,4,14,13,275,0.8358,0.046,6,9,0,0.2618,67,16462,2026-02
CUST-03203,Business,SaaS,SMB,North America,2025-12-30,Control,0,0,7,0,365,0.6599,0.1896,3,5,1,0.4127,40,8314,2025-12
CUST-03204,Professional,Financial Services,SMB,North America,2026-02-28,Treatment,0,0,16,1,445,0.7784,0.1248,4,5,1,0.3659,46,2799,2026-02
CUST-03205,Enterprise,Healthcare,SMB,North America,2025-12-26,Treatment,1,8,25,20,382,0.926,0.0875,2,4,1,0.279,65,17274,2025-12
CUST-03206,Professional,Healthcare,SMB,North America,2026-02-12,Treatment,1,4,6,5,346,0.6965,0.0862,6,5,1,0.3578,57,2975,2026-02
CUST-03207,Starter,Healthcare,SMB,APAC,2025-10-31,Control,0,0,4,0,397,0.7395,0.1489,2,5,1,0.3027,47,1525,2025-10
CUST-03208,Starter,Healthcare,Enterprise,APAC,2025-10-11,Treatment,0,0,7,2,374,0.6508,0.1747,3,5,1,0.559,37,1413,2025-10
CUST-03209,Starter,Financial Services,SMB,North America,2026-02-28,Treatment,0,0,4,0,350,0.752,0.1214,3,6,1,0.3638,50,1263,2026-02
CUST-03210,Starter,Education,Enterprise,North America,2026-03-02,Treatment,0,0,13,3,444,0.7539,0.1684,4,4,1,0.4722,39,1211,2026-03
CUST-03211,Professional,E-commerce,Mid-Market,North America,2026-02-05,Control,0,0,12,1,343,0.679,0.1381,2,4,0,0.4005,46,3040,2026-02
CUST-03212,Business,Education,SMB,Europe,2026-01-31,Treatment,0,0,20,3,406,0.7169,0.1607,3,3,0,0.616,35,7507,2026-01
CUST-03213,Business,Financial Services,SMB,North America,2025-12-07,Treatment,1,5,8,5,438,0.8183,0.0688,4,8,1,0.1337,70,7407,2025-12
CUST-03214,Professional,Financial Services,SMB,North America,2026-01-18,Control,0,0,14,1,403,0.6753,0.1623,4,8,1,0.4461,47,2422,2026-01
CUST-03215,Starter,SaaS,Mid-Market,APAC,2025-10-29,Control,0,0,15,2,488,0.596,0.1802,5,6,1,0.4914,40,1478,2025-10
CUST-03216,Business,SaaS,SMB,APAC,2025-12-03,Treatment,0,0,9,2,336,0.7921,0.1553,3,4,1,0.3515,47,6510,2025-12
CUST-03217,Professional,Professional Services,Enterprise,Europe,2025-10-05,Control,1,8,23,14,293,0.8715,0.0814,6,5,0,0.3147,58,3518,2025-10
CUST-03218,Starter,Financial Services,Mid-Market,North America,2026-03-09,Treatment,1,6,7,3,255,0.8678,0.0695,6,10,1,0.1608,74,1048,2026-03
CUST-03219,Starter,Healthcare,Mid-Market,North America,2025-11-28,Treatment,1,2,6,4,409,0.7306,0.0919,6,6,1,0.4045,55,1139,2025-11
CUST-03220,Professional,Professional Services,SMB,North America,2025-10-16,Control,0,0,10,0,302,0.7114,0.1842,4,6,0,0.3985,45,3033,2025-10
CUST-03221,Starter,Healthcare,SMB,Europe,2025-10-14,Control,0,0,7,1,488,0.5996,0.1575,3,5,1,0.3141,46,1214,2025-10
CUST-03222,Business,Professional Services,Mid-Market,Europe,2026-02-24,Treatment,1,9,24,15,460,0.9769,0.1243,7,6,1,0.3267,66,6247,2026-02
CUST-03223,Business,Healthcare,Mid-Market,North America,2025-10-17,Control,0,0,6,0,425,0.6237,0.153,3,4,0,0.5317,36,8302,2025-10
CUST-03224,Professional,Education,SMB,APAC,2026-02-27,Treatment,0,0,11,0,366,0.8301,0.2074,5,7,1,0.4027,48,2802,2026-02
CUST-03225,Starter,SaaS,Mid-Market,North America,2026-02-21,Control,0,0,15,1,303,0.6679,0.1105,4,5,1,0.4206,42,1283,2026-02
CUST-03226,Business,SaaS,SMB,APAC,2026-01-02,Control,0,0,4,2,402,0.7542,0.1459,3,5,1,0.5094,42,9444,2026-01
CUST-03227,Professional,Financial Services,Mid-Market,North America,2026-02-11,Control,0,0,15,0,409,0.7095,0.1389,3,4,0,0.4732,41,2986,2026-02
CUST-03228,Starter,SaaS,SMB,North America,2026-01-18,Control,0,0,4,1,408,0.6992,0.1571,3,7,1,0.2425,49,1231,2026-01
CUST-03229,Professional,Education,SMB,North America,2026-02-23,Treatment,0,0,19,5,421,0.7625,0.1744,5,6,0,0.4417,45,2617,2026-02
CUST-03230,Professional,Financial Services,Mid-Market,Europe,2025-11-10,Control,0,0,19,1,346,0.6859,0.2241,4,5,0,0.3313,45,3011,2025-11
CUST-03231,Professional,SaaS,SMB,North America,2026-01-19,Control,0,0,12,0,398,0.6009,0.1624,3,4,0,0.6277,32,2599,2026-01
CUST-03232,Starter,SaaS,SMB,North America,2025-10-14,Treatment,1,1,9,6,373,0.7967,0.1112,6,7,1,0.2155,64,1173,2025-10
CUST-03233,Professional,Education,Mid-Market,Europe,2026-02-21,Treatment,0,0,10,0,535,0.8192,0.1396,1,5,1,0.4695,41,3123,2026-02
CUST-03234,Starter,Financial Services,Mid-Market,Europe,2025-11-18,Control,0,0,4,0,453,0.7313,0.1522,4,7,1,0.3322,47,1032,2025-11
CUST-03235,Starter,Education,Mid-Market,Europe,2025-12-14,Treatment,0,0,13,0,418,0.6548,0.177,4,8,0,0.2953,52,1075,2025-12
CUST-03236,Starter,SaaS,SMB,Europe,2026-02-10,Control,0,0,16,2,345,0.9512,0.1221,3,6,0,0.2454,54,1294,2026-02
CUST-03237,Enterprise,Education,SMB,Europe,2025-11-03,Treatment,1,2,18,11,437,0.8357,0.0614,5,6,1,0.3659,61,15522,2025-11
CUST-03238,Starter,E-commerce,Mid-Market,Europe,2025-11-23,Treatment,0,0,13,0,503,0.662,0.162,1,2,1,0.4682,34,1164,2025-11
CUST-03239,Professional,Financial Services,SMB,North America,2026-03-09,Treatment,1,4,3,2,290,0.98,0.0859,4,5,0,0.4092,60,3526,2026-03
CUST-03240,Professional,Healthcare,SMB,North America,2026-01-25,Treatment,0,0,4,0,308,0.5914,0.1654,1,2,0,0.6827,25,2606,2026-01
CUST-03241,Business,SaaS,SMB,North America,2025-10-08,Treatment,1,7,17,11,368,0.7354,0.0479,4,8,1,0.1969,67,6375,2025-10
CUST-03242,Professional,Education,SMB,North America,2025-10-02,Control,1,8,3,1,381,0.8917,0.0815,5,2,1,0.3728,56,3104,2025-10
CUST-03243,Business,Education,Enterprise,North America,2026-02-01,Treatment,0,0,25,2,482,0.6541,0.1536,2,7,1,0.2831,52,9680,2026-02
CUST-03244,Starter,Healthcare,SMB,North America,2026-02-17,Treatment,1,2,10,8,293,0.8685,0.0948,6,7,1,0.2834,63,1282,2026-02
CUST-03245,Starter,Education,SMB,North America,2025-11-26,Control,0,0,7,0,358,0.7987,0.1812,2,5,1,0.5343,42,1187,2025-11
CUST-03246,Professional,SaaS,Enterprise,Europe,2026-02-03,Treatment,1,1,21,19,261,0.9755,0.0911,5,7,0,0.373,66,3100,2026-02
CUST-03247,Professional,SaaS,Enterprise,Europe,2026-02-03,Treatment,0,0,13,2,344,0.815,0.1326,3,5,1,0.2984,46,2851,2026-02
CUST-03248,Business,SaaS,SMB,Europe,2026-01-01,Treatment,0,0,6,0,419,0.6934,0.1681,2,5,0,0.4243,41,8660,2026-01
CUST-03249,Business,Healthcare,Mid-Market,LATAM,2025-11-26,Control,0,0,19,0,326,0.6711,0.1162,4,5,0,0.5154,38,6775,2025-11
CUST-03250,Professional,SaaS,SMB,North America,2025-12-26,Treatment,0,0,10,1,581,0.6455,0.1624,1,5,1,0.2411,43,2879,2025-12
CUST-03251,Enterprise,Healthcare,Mid-Market,North America,2026-02-15,Control,1,2,23,11,237,0.7457,0.1021,6,5,0,0.3385,60,19283,2026-02
CUST-03252,Professional,SaaS,SMB,North America,2026-02-12,Treatment,1,1,7,2,361,0.8415,0.0884,5,5,0,0.331,58,3041,2026-02
CUST-03253,Starter,Professional Services,SMB,Europe,2025-12-15,Control,0,0,4,1,408,0.5878,0.1764,2,4,0,0.4482,37,1311,2025-12
CUST-03254,Professional,Professional Services,SMB,North America,2025-10-17,Treatment,1,6,12,10,423,0.8229,0.0569,6,8,0,0.3126,64,2676,2025-10
CUST-03255,Starter,Financial Services,Mid-Market,APAC,2025-11-23,Control,1,3,8,4,321,0.6557,0.1467,7,11,1,0.0471,77,1106,2025-11
CUST-03256,Business,SaaS,SMB,North America,2025-12-02,Treatment,1,7,20,11,269,0.8306,0.0669,8,8,0,0.3528,64,7523,2025-12
CUST-03257,Starter,Professional Services,SMB,North America,2026-02-01,Control,0,0,4,0,353,0.6862,0.0948,4,2,1,0.4526,32,1223,2026-02
CUST-03258,Starter,SaaS,Mid-Market,North America,2026-03-01,Treatment,1,2,8,8,444,0.8606,0.058,4,4,0,0.413,56,1153,2026-03
CUST-03259,Professional,Professional Services,SMB,North America,2025-11-23,Treatment,0,0,7,1,288,0.5139,0.2333,2,5,0,0.3635,37,2525,2025-11
CUST-03260,Starter,E-commerce,Enterprise,Europe,2025-11-23,Control,0,0,12,1,462,0.8057,0.1873,2,4,0,0.4123,41,1249,2025-11
CUST-03261,Starter,Healthcare,SMB,Europe,2025-11-01,Treatment,1,3,3,2,388,0.8108,0.0583,6,6,1,0.49,57,1215,2025-11
CUST-03262,Professional,SaaS,SMB,Europe,2026-02-25,Treatment,0,0,5,0,432,0.6925,0.1894,3,3,1,0.561,34,3393,2026-02
CUST-03263,Starter,Professional Services,SMB,Europe,2025-12-16,Control,0,0,5,1,463,0.7719,0.192,4,5,1,0.4048,39,978,2025-12
CUST-03264,Professional,Education,SMB,North America,2025-11-23,Control,1,4,15,11,317,0.8456,0.0537,4,4,1,0.419,56,2624,2025-11
CUST-03265,Professional,Financial Services,SMB,North America,2025-12-12,Control,0,0,9,2,449,0.6198,0.1905,1,4,0,0.4799,42,2751,2025-12
CUST-03266,Starter,Education,SMB,Europe,2026-02-05,Control,0,0,8,1,410,0.7426,0.1497,2,6,1,0.317,47,919,2026-02
CUST-03267,Starter,Education,Mid-Market,North America,2026-01-05,Treatment,0,0,11,0,338,0.7886,0.1774,2,5,0,0.4132,39,1273,2026-01
CUST-03268,Business,SaaS,SMB,North America,2026-02-25,Treatment,1,4,4,4,345,0.6826,0.114,4,6,1,0.3387,57,6959,2026-02
CUST-03269,Enterprise,Professional Services,SMB,North America,2025-10-01,Control,0,0,8,0,408,0.7713,0.1834,3,6,1,0.4926,45,14926,2025-10
CUST-03270,Starter,Healthcare,Mid-Market,Europe,2025-10-10,Treatment,0,0,9,3,253,0.8263,0.155,3,5,1,0.4486,42,1197,2025-10
CUST-03271,Enterprise,E-commerce,SMB,North America,2026-01-19,Control,1,5,13,9,308,0.8487,0.0694,4,6,1,0.4348,60,13829,2026-01
CUST-03272,Professional,SaaS,Mid-Market,LATAM,2025-12-07,Treatment,1,4,19,13,388,0.7724,0.1031,5,5,1,0.2784,63,2850,2025-12
CUST-03273,Professional,Education,Enterprise,North America,2025-12-07,Treatment,0,0,21,2,411,0.6205,0.1805,3,6,0,0.6199,40,3319,2025-12
CUST-03274,Business,Professional Services,SMB,North America,2025-10-10,Treatment,0,0,18,2,460,0.642,0.1717,4,5,0,0.387,43,6098,2025-10
CUST-03275,Business,SaaS,Mid-Market,North America,2025-12-22,Treatment,1,4,17,9,443,0.7776,0.0884,3,4,1,0.531,50,6746,2025-12
CUST-03276,Business,Healthcare,Enterprise,North America,2025-11-13,Control,0,0,18,3,349,0.7921,0.1768,2,7,1,0.3453,51,7819,2025-11
CUST-03277,Professional,E-commerce,SMB,North America,2026-02-25,Treatment,1,6,8,7,311,0.8574,0.0492,4,6,0,0.3538,59,3705,2026-02
CUST-03278,Professional,Professional Services,Enterprise,Europe,2026-02-25,Treatment,0,0,12,2,312,0.698,0.1783,2,4,1,0.4055,41,3314,2026-02
CUST-03279,Professional,Education,SMB,North America,2025-11-26,Treatment,1,5,8,8,371,0.7438,0.0849,4,7,1,0.1358,69,3026,2025-11
CUST-03280,Starter,Healthcare,Mid-Market,North America,2026-01-20,Control,1,6,6,3,348,0.7611,0.1178,2,6,1,0.4144,59,1463,2026-01
CUST-03281,Professional,E-commerce,SMB,North America,2025-11-20,Treatment,0,0,13,0,474,0.8224,0.164,2,8,1,0.1031,57,2693,2025-11
CUST-03282,Starter,Financial Services,SMB,North America,2025-12-30,Control,0,0,5,0,467,0.6078,0.1751,2,3,1,0.4073,36,1355,2025-12
CUST-03283,Starter,Healthcare,Enterprise,LATAM,2026-01-02,Treatment,0,0,22,2,431,0.7313,0.1746,3,7,1,0.3829,51,1275,2026-01
CUST-03284,Starter,E-commerce,SMB,North America,2025-12-22,Treatment,0,0,9,0,386,0.6864,0.1507,4,5,0,0.5021,38,1340,2025-12
CUST-03285,Starter,SaaS,Enterprise,Europe,2026-01-30,Control,0,0,15,2,461,0.7809,0.1412,4,7,1,0.2033,53,1534,2026-01
CUST-03286,Professional,SaaS,Mid-Market,North America,2026-01-10,Control,0,0,11,2,397,0.7102,0.1834,4,8,1,0.2865,52,2764,2026-01
CUST-03287,Professional,Healthcare,Enterprise,North America,2026-01-06,Control,0,0,15,3,409,0.6261,0.1681,2,5,0,0.4936,38,2880,2026-01
CUST-03288,Professional,Education,Enterprise,APAC,2026-02-15,Control,0,0,31,4,294,0.853,0.1669,4,7,1,0.3698,50,2957,2026-02
CUST-03289,Starter,Healthcare,Mid-Market,North America,2025-10-20,Control,0,0,5,0,431,0.7439,0.1831,2,4,1,0.4617,37,1375,2025-10
CUST-03290,Professional,SaaS,Enterprise,APAC,2026-02-11,Control,1,8,22,19,350,0.8192,0.1055,6,6,1,0.3669,60,2524,2026-02
CUST-03291,Professional,Professional Services,Mid-Market,North America,2025-11-17,Control,0,0,13,3,388,0.6144,0.194,3,7,1,0.2333,46,3425,2025-11
CUST-03292,Business,Education,SMB,North America,2026-03-03,Treatment,0,0,19,1,374,0.7,0.1512,5,6,1,0.3116,48,5720,2026-03
CUST-03293,Professional,E-commerce,Mid-Market,APAC,2026-02-18,Treatment,0,0,25,4,314,0.6673,0.1734,6,6,1,0.4466,45,3148,2026-02
CUST-03294,Professional,SaaS,SMB,North America,2025-10-27,Control,0,0,8,1,398,0.7188,0.1934,3,9,0,0.2621,54,2642,2025-10
CUST-03295,Professional,Financial Services,SMB,LATAM,2025-12-17,Control,0,0,8,0,291,0.5757,0.1445,1,2,0,0.6251,27,2889,2025-12
CUST-03296,Enterprise,Healthcare,SMB,LATAM,2025-10-14,Treatment,0,0,26,4,386,0.7611,0.1358,4,5,1,0.283,48,15136,2025-10
CUST-03297,Business,Financial Services,SMB,North America,2025-11-10,Control,0,0,9,2,364,0.7924,0.1576,6,6,1,0.2909,49,7698,2025-11
CUST-03298,Professional,Healthcare,SMB,North America,2026-02-03,Control,0,0,13,0,482,0.6819,0.1609,4,3,1,0.2506,43,3053,2026-02
CUST-03299,Professional,SaaS,SMB,APAC,2025-12-30,Control,0,0,6,0,513,0.7477,0.1657,4,3,0,0.6077,33,3525,2025-12
CUST-03300,Starter,Healthcare,Mid-Market,North America,2026-03-06,Treatment,1,4,7,5,279,0.7229,0.1098,5,7,1,0.3859,58,1031,2026-03
CUST-03301,Enterprise,Financial Services,Mid-Market,Europe,2025-11-11,Control,1,1,22,16,401,0.9656,0.1033,7,9,0,0.3196,69,16097,2025-11
CUST-03302,Starter,Healthcare,Enterprise,North America,2025-10-12,Treatment,1,3,9,9,306,0.7243,0.1553,7,8,1,0.1994,69,1230,2025-10
CUST-03303,Starter,SaaS,Enterprise,North America,2026-03-03,Control,0,0,10,2,370,0.7109,0.192,1,9,1,0.3821,49,1145,2026-03
CUST-03304,Enterprise,E-commerce,Enterprise,North America,2025-11-25,Control,0,0,30,0,383,0.6867,0.1448,4,10,1,0.2332,57,16101,2025-11
CUST-03305,Business,Professional Services,Mid-Market,Europe,2025-12-28,Control,1,3,20,12,438,0.7313,0.1124,4,6,1,0.409,56,7263,2025-12
CUST-03306,Starter,SaaS,SMB,Europe,2025-11-12,Treatment,0,0,8,0,403,0.8531,0.1591,1,4,1,0.4356,41,1442,2025-11
CUST-03307,Starter,Financial Services,Enterprise,Europe,2026-02-08,Treatment,0,0,11,0,433,0.8445,0.1761,6,7,1,0.3143,51,1315,2026-02
CUST-03308,Starter,Financial Services,SMB,North America,2025-10-26,Treatment,1,3,8,5,276,0.7671,0.0981,6,5,0,0.3736,59,1279,2025-10
CUST-03309,Professional,Healthcare,SMB,North America,2026-02-05,Treatment,0,0,10,1,340,0.98,0.1159,1,2,0,0.5175,37,3921,2026-02
CUST-03310,Starter,Education,SMB,North America,2025-11-09,Treatment,0,0,4,0,379,0.8162,0.1423,2,1,0,0.6962,28,1172,2025-11
CUST-03311,Enterprise,Education,Mid-Market,North America,2026-01-03,Control,1,2,12,7,369,0.9144,0.0938,4,4,1,0.3271,59,17534,2026-01
CUST-03312,Enterprise,Healthcare,Mid-Market,North America,2025-10-16,Treatment,1,6,23,13,406,0.8339,0.1089,5,9,0,0.2071,72,14735,2025-10
CUST-03313,Professional,SaaS,SMB,Europe,2025-11-08,Control,1,8,20,8,349,0.9037,0.0624,4,7,1,0.2398,67,2979,2025-11
CUST-03314,Professional,Healthcare,Mid-Market,North America,2026-02-01,Treatment,1,6,7,5,440,0.8184,0.1247,4,5,0,0.5248,55,2881,2026-02
CUST-03315,Starter,SaaS,SMB,North America,2025-12-13,Treatment,0,0,11,2,382,0.6496,0.1825,6,6,0,0.3343,45,1208,2025-12
CUST-03316,Starter,E-commerce,SMB,Europe,2026-03-02,Control,0,0,9,2,357,0.7268,0.1355,3,8,0,0.2409,53,1310,2026-03
CUST-03317,Business,Education,SMB,North America,2025-11-24,Control,0,0,17,0,457,0.693,0.1599,3,5,1,0.4181,40,7465,2025-11
CUST-03318,Starter,Education,SMB,LATAM,2025-10-10,Treatment,0,0,13,0,449,0.6299,0.1826,4,5,1,0.5435,37,1247,2025-10
CUST-03319,Starter,Healthcare,Mid-Market,North America,2025-11-14,Control,1,1,8,5,269,0.8896,0.1198,6,3,0,0.4577,56,1109,2025-11
CUST-03320,Starter,E-commerce,SMB,North America,2026-01-29,Control,0,0,12,1,491,0.7428,0.1262,3,3,1,0.5972,31,1044,2026-01
CUST-03321,Starter,SaaS,SMB,APAC,2025-12-28,Treatment,0,0,7,0,380,0.7234,0.1437,4,6,1,0.4444,41,1172,2025-12
CUST-03322,Professional,E-commerce,SMB,Europe,2026-01-05,Control,1,7,8,6,348,0.9491,0.1159,4,6,1,0.3294,60,2736,2026-01
CUST-03323,Business,SaaS,Mid-Market,APAC,2025-10-18,Control,0,0,13,0,361,0.7427,0.1316,1,4,1,0.5189,37,8457,2025-10
CUST-03324,Business,Education,Enterprise,North America,2025-12-05,Treatment,0,0,16,1,382,0.8284,0.1751,2,2,0,0.5532,38,7754,2025-12
CUST-03325,Professional,Education,Mid-Market,North America,2025-10-10,Control,1,7,7,5,268,0.7253,0.0898,4,7,1,0.2994,66,2885,2025-10
CUST-03326,Business,SaaS,Mid-Market,Europe,2025-11-24,Control,0,0,18,5,406,0.6666,0.1549,2,6,1,0.3463,48,7637,2025-11
CUST-03327,Professional,Financial Services,Enterprise,North America,2026-01-25,Treatment,1,9,6,5,321,0.8099,0.0314,4,4,0,0.4179,52,2988,2026-01
CUST-03328,Business,E-commerce,SMB,Europe,2026-01-20,Control,0,0,9,0,392,0.7376,0.1867,3,4,0,0.3601,44,6490,2026-01
CUST-03329,Professional,Professional Services,SMB,North America,2025-10-01,Control,0,0,5,0,464,0.7537,0.1416,4,5,1,0.5518,38,2909,2025-10
CUST-03330,Starter,E-commerce,SMB,North America,2025-10-09,Treatment,0,0,6,0,434,0.8102,0.1451,3,6,0,0.2085,47,1176,2025-10
CUST-03331,Enterprise,SaaS,SMB,North America,2025-10-02,Control,0,0,13,5,382,0.98,0.1721,4,6,1,0.3826,50,17556,2025-10
CUST-03332,Starter,Financial Services,SMB,Europe,2025-10-11,Treatment,0,0,5,0,517,0.6009,0.1601,2,4,1,0.3724,42,991,2025-10
CUST-03333,Starter,SaaS,SMB,North America,2026-01-16,Treatment,1,4,7,5,298,0.761,0.09,4,6,1,0.3963,61,1138,2026-01
CUST-03334,Starter,Financial Services,SMB,LATAM,2026-01-23,Treatment,0,0,3,0,413,0.762,0.1563,3,5,0,0.3066,47,1367,2026-01
CUST-03335,Professional,SaaS,SMB,North America,2025-11-22,Control,0,0,14,0,479,0.8862,0.1461,4,9,1,0.38,54,2875,2025-11
CUST-03336,Professional,Financial Services,SMB,North America,2026-01-25,Control,0,0,8,3,468,0.7118,0.1444,5,6,0,0.3073,47,3326,2026-01
CUST-03337,Professional,Professional Services,SMB,North America,2025-10-06,Treatment,1,9,21,18,266,0.8082,0.1048,4,6,1,0.2786,66,3160,2025-10
CUST-03338,Business,SaaS,Mid-Market,Europe,2025-10-27,Control,0,0,10,0,369,0.697,0.1364,2,4,1,0.4486,41,8249,2025-10
CUST-03339,Starter,Healthcare,Mid-Market,APAC,2026-03-09,Treatment,0,0,10,1,465,0.7722,0.1437,4,4,0,0.6128,37,1163,2026-03
CUST-03340,Professional,Professional Services,SMB,North America,2025-12-01,Treatment,1,5,6,4,341,0.8075,0.0912,4,4,0,0.5041,54,2520,2025-12
CUST-03341,Professional,SaaS,SMB,North America,2025-11-13,Treatment,1,5,8,5,371,0.8752,0.1056,4,10,0,0.0783,75,2941,2025-11
CUST-03342,Business,E-commerce,SMB,Europe,2026-02-03,Control,0,0,12,0,382,0.8278,0.1411,1,4,1,0.3391,44,7969,2026-02
CUST-03343,Starter,Financial Services,SMB,North America,2025-10-12,Treatment,0,0,14,2,398,0.6993,0.1395,1,5,0,0.5358,39,1373,2025-10
CUST-03344,Starter,Healthcare,SMB,Europe,2025-10-08,Treatment,1,4,15,8,181,0.8862,0.0827,7,8,1,0.4004,65,1080,2025-10
CUST-03345,Professional,Professional Services,SMB,Europe,2025-11-04,Control,0,0,10,0,388,0.6697,0.1376,5,6,1,0.2144,48,2883,2025-11
CUST-03346,Professional,E-commerce,Mid-Market,North America,2025-12-08,Treatment,1,5,12,8,360,0.8274,0.0869,4,5,0,0.3889,62,2865,2025-12
CUST-03347,Business,Financial Services,Mid-Market,Europe,2026-02-04,Control,0,0,16,1,380,0.6759,0.1038,4,5,0,0.2934,46,9145,2026-02
CUST-03348,Professional,SaaS,Mid-Market,Europe,2025-12-20,Treatment,0,0,13,3,400,0.5969,0.1975,3,5,1,0.3653,46,2951,2025-12
CUST-03349,Business,SaaS,Mid-Market,North America,2026-02-21,Control,0,0,29,5,324,0.8033,0.1582,2,4,1,0.4569,43,7772,2026-02
CUST-03350,Professional,SaaS,Mid-Market,North America,2026-01-17,Control,0,0,11,2,412,0.6478,0.1152,2,4,0,0.6421,33,3072,2026-01
CUST-03351,Starter,Education,Mid-Market,North America,2026-03-04,Treatment,0,0,13,2,490,0.6706,0.1454,4,5,1,0.3444,46,918,2026-03
CUST-03352,Starter,Education,Mid-Market,Europe,2026-01-09,Control,0,0,5,1,469,0.701,0.1613,3,2,0,0.6236,32,1241,2026-01
CUST-03353,Starter,Professional Services,Mid-Market,Europe,2026-01-18,Control,1,1,6,3,417,0.9618,0.0867,3,6,1,0.1874,68,1179,2026-01
CUST-03354,Professional,SaaS,Mid-Market,North America,2025-10-20,Control,0,0,11,0,424,0.8598,0.1265,2,1,0,0.5946,30,2642,2025-10
CUST-03355,Professional,E-commerce,Mid-Market,North America,2025-10-02,Treatment,1,6,15,11,319,0.6754,0.1207,3,7,0,0.2666,65,3880,2025-10
CUST-03356,Professional,Professional Services,SMB,North America,2025-12-22,Control,0,0,3,0,383,0.6309,0.1812,5,2,1,0.6893,28,3585,2025-12
CUST-03357,Professional,Financial Services,SMB,North America,2025-11-16,Treatment,1,5,11,6,420,0.9601,0.057,3,8,1,0.111,74,3112,2025-11
CUST-03358,Professional,SaaS,SMB,North America,2026-02-15,Treatment,0,0,3,1,383,0.9048,0.1678,3,5,1,0.5544,39,3055,2026-02
CUST-03359,Professional,Education,SMB,North America,2025-11-08,Treatment,0,0,8,0,526,0.7683,0.1366,4,5,0,0.3922,43,3599,2025-11
CUST-03360,Professional,SaaS,SMB,North America,2026-01-23,Control,0,0,12,1,308,0.741,0.1255,3,4,1,0.407,40,3433,2026-01
CUST-03361,Starter,SaaS,SMB,Europe,2025-10-03,Control,1,2,6,3,366,0.805,0.0666,5,7,1,0.3438,61,1157,2025-10
CUST-03362,Professional,Education,SMB,Europe,2025-11-15,Treatment,0,0,8,0,379,0.7124,0.1779,4,6,0,0.4131,45,3050,2025-11
CUST-03363,Professional,E-commerce,SMB,North America,2025-10-21,Treatment,0,0,8,1,444,0.6302,0.1341,2,5,0,0.458,38,3243,2025-10
CUST-03364,Professional,Healthcare,Enterprise,Europe,2025-11-08,Treatment,0,0,20,1,461,0.7962,0.166,5,9,1,0.331,55,2765,2025-11
CUST-03365,Starter,E-commerce,SMB,North America,2026-02-11,Treatment,1,3,11,6,302,0.7346,0.0535,4,9,0,0.1399,69,1628,2026-02
CUST-03366,Professional,Education,SMB,North America,2026-01-11,Treatment,1,5,11,8,286,0.8622,0.1064,6,8,1,0.3561,65,3315,2026-01
CUST-03367,Professional,SaaS,SMB,LATAM,2025-11-09,Treatment,0,0,12,1,362,0.7328,0.1519,3,5,0,0.3768,42,2843,2025-11
CUST-03368,Professional,Professional Services,SMB,North America,2025-12-05,Control,0,0,3,0,440,0.8176,0.1697,2,4,1,0.4437,42,5199,2025-12
CUST-03369,Starter,Healthcare,Mid-Market,North America,2026-02-04,Treatment,0,0,3,0,434,0.6751,0.1283,2,1,0,0.673,26,1132,2026-02
CUST-03370,Professional,SaaS,Mid-Market,North America,2025-10-28,Control,0,0,7,3,292,0.6279,0.2127,2,1,0,0.6484,29,3402,2025-10
CUST-03371,Business,E-commerce,SMB,Europe,2025-11-26,Control,0,0,14,1,421,0.6491,0.2074,3,5,0,0.5221,38,7084,2025-11
CUST-03372,Starter,E-commerce,SMB,North America,2025-10-01,Control,0,0,6,2,397,0.7283,0.0955,4,5,1,0.333,47,1136,2025-10
CUST-03373,Business,SaaS,SMB,LATAM,2025-11-07,Control,1,2,10,6,366,0.7976,0.1212,6,9,0,0.1604,70,7914,2025-11
CUST-03374,Starter,Healthcare,Mid-Market,North America,2026-02-20,Control,0,0,9,1,435,0.6274,0.1632,2,4,0,0.5915,34,1220,2026-02
CUST-03375,Professional,Financial Services,Enterprise,North America,2026-01-27,Treatment,0,0,12,0,422,0.6873,0.1714,3,4,1,0.2792,45,3022,2026-01
CUST-03376,Professional,Financial Services,Enterprise,Europe,2026-02-13,Treatment,0,0,16,2,406,0.7363,0.17,4,4,0,0.327,41,3090,2026-02
CUST-03377,Starter,Professional Services,SMB,Europe,2025-10-01,Treatment,1,1,7,4,437,0.8665,0.1124,6,8,0,0.3957,64,1343,2025-10
CUST-03378,Business,Professional Services,Mid-Market,North America,2026-02-17,Control,1,2,14,10,444,0.8082,0.0746,4,6,0,0.0705,69,8732,2026-02
CUST-03379,Professional,Healthcare,Mid-Market,LATAM,2025-12-23,Control,1,8,18,13,336,0.8661,0.052,3,3,0,0.5609,54,4468,2025-12
CUST-03380,Enterprise,E-commerce,Mid-Market,APAC,2025-12-21,Treatment,1,4,13,10,353,0.8384,0.073,5,6,1,0.4021,57,18445,2025-12
CUST-03381,Starter,E-commerce,SMB,North America,2026-01-09,Treatment,1,8,6,4,404,0.8138,0.0698,2,5,1,0.3585,61,1166,2026-01
CUST-03382,Business,E-commerce,SMB,North America,2025-10-31,Treatment,0,0,6,0,400,0.77,0.1601,1,4,1,0.5199,40,6948,2025-10
CUST-03383,Enterprise,SaaS,SMB,North America,2026-01-24,Control,0,0,9,0,448,0.6596,0.1594,1,5,1,0.3239,45,17849,2026-01
CUST-03384,Professional,Healthcare,SMB,Europe,2025-12-18,Control,0,0,14,3,402,0.8809,0.1469,4,4,0,0.4557,43,2918,2025-12
CUST-03385,Starter,SaaS,Mid-Market,Europe,2025-10-15,Treatment,1,4,8,5,411,0.8162,0.0724,4,8,1,0.2505,64,1094,2025-10
CUST-03386,Professional,Healthcare,SMB,North America,2025-12-08,Control,0,0,7,0,447,0.723,0.1766,3,6,1,0.4659,41,2579,2025-12
CUST-03387,Professional,Education,SMB,LATAM,2025-10-30,Treatment,0,0,10,1,399,0.7499,0.1332,5,5,1,0.4964,40,2929,2025-10
CUST-03388,Enterprise,Financial Services,Mid-Market,North America,2026-01-14,Control,1,8,21,17,401,0.9261,0.1088,4,8,1,0.3914,67,13361,2026-01
CUST-03389,Professional,E-commerce,SMB,APAC,2026-03-07,Control,0,0,8,0,449,0.7633,0.1586,5,8,1,0.3128,46,3244,2026-03
CUST-03390,Starter,E-commerce,Enterprise,APAC,2026-03-08,Treatment,1,8,10,10,469,0.861,0.0759,4,3,0,0.5068,51,1038,2026-03
CUST-03391,Starter,Financial Services,Mid-Market,North America,2026-02-04,Control,1,2,4,2,279,0.8171,0.0648,3,3,0,0.5104,51,1331,2026-02
CUST-03392,Professional,E-commerce,Mid-Market,North America,2025-11-03,Control,0,0,16,2,438,0.6435,0.1947,3,4,0,0.4263,38,3532,2025-11
CUST-03393,Enterprise,E-commerce,Mid-Market,North America,2025-11-21,Treatment,1,6,14,11,412,0.6273,0.0463,5,5,0,0.6537,46,15678,2025-11
CUST-03394,Starter,Financial Services,SMB,APAC,2026-01-25,Control,0,0,5,0,533,0.7964,0.1708,4,4,1,0.6121,36,946,2026-01
CUST-03395,Business,SaaS,SMB,North America,2026-01-25,Control,1,4,12,11,318,0.8907,0.0865,4,7,1,0.3348,65,9351,2026-01
CUST-03396,Enterprise,E-commerce,Enterprise,APAC,2025-12-13,Treatment,1,1,43,36,355,0.7392,0.0833,6,8,1,0.2627,68,16092,2025-12
CUST-03397,Starter,E-commerce,SMB,North America,2025-11-15,Control,0,0,12,0,385,0.6246,0.1277,6,7,1,0.3435,48,1328,2025-11
CUST-03398,Starter,Professional Services,SMB,North America,2026-02-02,Treatment,0,0,7,2,489,0.6363,0.1407,2,5,0,0.4595,39,1031,2026-02
CUST-03399,Professional,Education,Mid-Market,APAC,2026-01-10,Control,1,2,12,9,316,0.7587,0.148,6,10,1,0.1346,71,3619,2026-01
CUST-03400,Professional,Professional Services,SMB,North America,2025-10-26,Control,0,0,4,0,383,0.6536,0.1873,5,3,0,0.5293,36,2309,2025-10
CUST-03401,Starter,E-commerce,SMB,Europe,2025-10-03,Control,0,0,7,0,330,0.7361,0.1851,5,6,1,0.2884,48,1001,2025-10
CUST-03402,Business,SaaS,SMB,North America,2025-12-10,Treatment,1,7,13,9,208,0.8187,0.1078,4,7,1,0.3235,64,8854,2025-12
CUST-03403,Professional,Financial Services,SMB,North America,2025-12-04,Control,0,0,5,0,410,0.7291,0.1666,2,3,1,0.6839,30,2622,2025-12
CUST-03404,Business,Professional Services,Mid-Market,North America,2025-11-23,Treatment,1,3,10,9,343,0.7629,0.1262,6,8,1,0.1946,70,8359,2025-11
CUST-03405,Business,Education,SMB,North America,2025-10-25,Control,0,0,13,0,397,0.6517,0.1656,3,6,1,0.2742,47,8081,2025-10
CUST-03406,Business,Professional Services,SMB,Europe,2025-12-10,Control,1,8,9,6,399,0.6859,0.1492,4,6,1,0.4273,56,8227,2025-12
CUST-03407,Professional,SaaS,SMB,North America,2025-11-18,Treatment,1,5,11,7,409,0.758,0.1221,4,7,1,0.2483,64,3489,2025-11
CUST-03408,Starter,Financial Services,Mid-Market,North America,2026-02-24,Control,1,1,18,12,325,0.8543,0.0992,6,7,1,0.4525,62,1055,2026-02
CUST-03409,Professional,Education,SMB,North America,2025-11-04,Treatment,0,0,11,2,401,0.5938,0.1766,5,6,0,0.3517,42,3715,2025-11
CUST-03410,Starter,Financial Services,SMB,Europe,2025-12-27,Treatment,1,1,5,4,354,0.7979,0.0889,6,6,1,0.2839,62,1183,2025-12
CUST-03411,Professional,Financial Services,Mid-Market,APAC,2025-11-04,Treatment,0,0,13,0,410,0.6388,0.204,3,5,1,0.4082,42,3294,2025-11
CUST-03412,Starter,E-commerce,SMB,Europe,2025-12-27,Treatment,0,0,12,1,486,0.6194,0.1458,3,4,0,0.4498,39,1498,2025-12
CUST-03413,Professional,Financial Services,Mid-Market,LATAM,2025-10-26,Treatment,0,0,5,1,420,0.8008,0.1769,1,7,1,0.2415,50,3050,2025-10
CUST-03414,Starter,Healthcare,SMB,North America,2025-10-11,Control,1,7,7,6,411,0.9022,0.0936,4,9,1,0.0549,75,1633,2025-10
CUST-03415,Starter,SaaS,SMB,North America,2025-12-15,Treatment,1,6,9,6,354,0.8436,0.0706,5,6,0,0.2099,63,943,2025-12
CUST-03416,Starter,Professional Services,SMB,North America,2025-12-17,Control,0,0,5,0,347,0.6286,0.171,4,7,0,0.2627,46,1501,2025-12
CUST-03417,Professional,Education,Mid-Market,North America,2025-12-20,Control,1,9,27,16,426,0.8707,0.0219,4,7,1,0.2871,66,2845,2025-12
CUST-03418,Business,Professional Services,SMB,Europe,2026-01-17,Treatment,0,0,7,0,450,0.7833,0.1828,3,4,1,0.5986,39,6498,2026-01
CUST-03419,Starter,Healthcare,SMB,APAC,2025-11-10,Control,0,0,11,0,384,0.8838,0.1993,5,7,1,0.4026,49,1690,2025-11
CUST-03420,Business,SaaS,SMB,North America,2025-11-19,Treatment,1,6,9,7,348,0.7613,0.0773,5,6,1,0.2872,60,6445,2025-11
CUST-03421,Business,Healthcare,SMB,APAC,2025-11-15,Control,0,0,11,0,440,0.7542,0.1515,3,4,0,0.5551,36,6674,2025-11
CUST-03422,Professional,Professional Services,Mid-Market,North America,2026-03-01,Control,0,0,12,2,418,0.6529,0.1557,5,7,0,0.276,47,3396,2026-03
CUST-03423,Professional,Financial Services,Enterprise,Europe,2025-11-06,Treatment,0,0,23,0,403,0.5722,0.1861,3,6,1,0.1607,48,3360,2025-11
CUST-03424,Professional,Education,SMB,North America,2026-02-09,Treatment,0,0,8,1,341,0.5776,0.1987,5,6,0,0.3806,43,2924,2026-02
CUST-03425,Starter,Healthcare,SMB,Europe,2025-11-22,Treatment,1,7,8,7,457,0.809,0.1232,2,6,1,0.3184,60,1034,2025-11
CUST-03426,Professional,E-commerce,SMB,North America,2026-03-06,Control,0,0,18,1,406,0.6651,0.1899,5,6,0,0.4915,40,2904,2026-03
CUST-03427,Starter,Professional Services,Enterprise,LATAM,2025-12-07,Control,1,3,15,9,431,0.8461,0.0999,7,7,1,0.3572,60,1156,2025-12
CUST-03428,Business,SaaS,SMB,LATAM,2025-11-26,Control,0,0,13,1,270,0.7762,0.11,1,2,0,0.6268,31,6535,2025-11
CUST-03429,Enterprise,Education,SMB,North America,2026-03-05,Control,0,0,15,0,342,0.751,0.1553,6,4,0,0.5203,39,15000,2026-03
CUST-03430,Business,Financial Services,Enterprise,North America,2025-12-23,Control,1,8,22,10,438,0.6807,0.1135,6,8,1,0.2084,65,8749,2025-12
CUST-03431,Professional,SaaS,Enterprise,Europe,2025-10-15,Treatment,0,0,17,5,379,0.646,0.1831,5,8,0,0.3305,49,3251,2025-10
CUST-03432,Professional,SaaS,SMB,Europe,2026-01-09,Control,1,6,6,4,425,0.8238,0.0855,6,9,1,0.1007,69,3304,2026-01
CUST-03433,Enterprise,Education,SMB,Europe,2025-10-27,Treatment,0,0,11,0,378,0.7768,0.1136,2,4,0,0.4852,44,15138,2025-10
CUST-03434,Starter,Financial Services,Mid-Market,Europe,2025-12-05,Treatment,0,0,10,1,396,0.7529,0.1825,4,5,1,0.4193,45,1069,2025-12
CUST-03435,Starter,Professional Services,Mid-Market,APAC,2026-02-20,Treatment,0,0,6,0,368,0.7943,0.1384,3,2,1,0.4125,39,1468,2026-02
CUST-03436,Professional,Professional Services,SMB,Europe,2025-11-06,Control,1,8,9,4,434,0.7857,0.0685,3,5,1,0.4662,52,2765,2025-11
CUST-03437,Professional,E-commerce,SMB,North America,2025-11-10,Control,0,0,10,1,385,0.7417,0.1861,3,7,1,0.3595,49,2592,2025-11
CUST-03438,Professional,Professional Services,SMB,APAC,2025-11-19,Control,1,7,13,6,424,0.8496,0.0944,6,8,1,0.3018,67,3125,2025-11
CUST-03439,Starter,Education,SMB,North America,2026-01-15,Treatment,0,0,11,1,487,0.8024,0.1829,2,7,1,0.2642,51,1197,2026-01
CUST-03440,Professional,SaaS,SMB,North America,2026-01-12,Treatment,0,0,10,1,392,0.7239,0.1258,4,8,1,0.3132,48,2766,2026-01
CUST-03441,Starter,Professional Services,Mid-Market,LATAM,2025-10-19,Control,0,0,6,0,405,0.7211,0.1581,2,3,1,0.4766,36,1053,2025-10
CUST-03442,Starter,Healthcare,SMB,North America,2025-10-27,Control,0,0,4,0,382,0.7496,0.1189,1,1,0,0.6751,29,1046,2025-10
CUST-03443,Starter,Healthcare,SMB,North America,2026-02-04,Treatment,0,0,7,0,519,0.7287,0.1859,3,5,1,0.3821,43,1255,2026-02
CUST-03444,Professional,Healthcare,Mid-Market,Europe,2025-11-08,Control,0,0,11,2,392,0.7032,0.1806,4,2,0,0.5004,37,2701,2025-11
CUST-03445,Business,Education,SMB,APAC,2026-01-30,Control,1,9,7,4,360,0.7542,0.0661,5,6,1,0.4862,53,8873,2026-01
CUST-03446,Professional,SaaS,SMB,North America,2026-01-22,Control,1,1,5,3,311,0.6676,0.0842,5,6,0,0.3329,57,3359,2026-01
CUST-03447,Professional,E-commerce,Enterprise,North America,2025-10-08,Control,1,2,21,15,328,0.8478,0.1054,5,9,1,0.01,77,3074,2025-10
CUST-03448,Business,Financial Services,SMB,North America,2025-10-19,Control,1,2,8,4,352,0.8421,0.0653,4,5,1,0.3539,61,7590,2025-10
CUST-03449,Professional,SaaS,Mid-Market,North America,2026-01-30,Treatment,0,0,14,0,470,0.7461,0.117,3,5,1,0.3926,45,3603,2026-01
CUST-03450,Business,Professional Services,SMB,North America,2025-10-11,Treatment,0,0,10,0,394,0.7578,0.1591,5,6,0,0.4504,43,8906,2025-10
CUST-03451,Professional,Education,SMB,North America,2026-02-07,Treatment,0,0,10,0,390,0.7117,0.1794,1,3,0,0.5666,34,3555,2026-02
CUST-03452,Professional,SaaS,Mid-Market,LATAM,2025-12-12,Control,0,0,11,1,446,0.8747,0.1352,2,6,0,0.3088,48,3425,2025-12
CUST-03453,Starter,SaaS,SMB,Europe,2025-11-24,Control,0,0,17,0,412,0.7959,0.1936,3,9,1,0.2339,55,1161,2025-11
CUST-03454,Starter,Education,SMB,APAC,2025-12-28,Treatment,0,0,4,1,335,0.8805,0.1701,3,4,1,0.5648,37,1531,2025-12
CUST-03455,Enterprise,SaaS,SMB,APAC,2026-03-07,Control,1,3,17,7,466,0.7773,0.1225,6,11,1,0.1075,74,16246,2026-03
CUST-03456,Business,SaaS,Mid-Market,LATAM,2025-11-19,Control,0,0,8,1,371,0.7206,0.1338,3,7,1,0.1854,55,7565,2025-11
CUST-03457,Enterprise,Education,SMB,Europe,2025-12-31,Control,1,4,11,7,382,0.8256,0.0649,2,4,1,0.3801,57,15303,2025-12
CUST-03458,Business,Education,Mid-Market,North America,2025-10-31,Treatment,0,0,17,2,426,0.8413,0.1434,5,7,0,0.3746,46,6924,2025-10
CUST-03459,Starter,Financial Services,Mid-Market,APAC,2026-02-15,Control,1,4,17,13,235,0.6399,0.1266,3,4,1,0.2052,59,1222,2026-02
CUST-03460,Business,E-commerce,SMB,North America,2026-01-27,Treatment,1,3,14,10,342,0.8546,0.0918,3,6,1,0.3871,60,6878,2026-01
CUST-03461,Professional,Education,SMB,North America,2025-11-20,Control,0,0,3,0,378,0.7428,0.1552,2,2,1,0.3916,39,2826,2025-11
CUST-03462,Business,Financial Services,SMB,North America,2026-02-12,Treatment,0,0,17,1,341,0.8136,0.1943,4,4,1,0.3892,45,8829,2026-02
CUST-03463,Starter,Financial Services,Mid-Market,North America,2025-12-18,Control,0,0,8,2,387,0.6853,0.1295,3,4,1,0.6333,29,1293,2025-12
CUST-03464,Starter,Professional Services,SMB,North America,2026-03-03,Treatment,0,0,6,0,416,0.5911,0.1666,3,4,0,0.6679,30,1285,2026-03
CUST-03465,Business,Financial Services,Mid-Market,Europe,2026-02-16,Control,1,2,21,15,388,0.9615,0.0876,5,7,0,0.2142,67,6308,2026-02
CUST-03466,Business,E-commerce,SMB,North America,2025-12-04,Treatment,1,8,6,3,384,0.8091,0.1303,3,7,1,0.2939,65,10035,2025-12
CUST-03467,Professional,Healthcare,SMB,North America,2025-11-04,Control,0,0,10,0,407,0.8065,0.1837,1,6,0,0.267,48,2757,2025-11
CUST-03468,Starter,E-commerce,Mid-Market,North America,2025-10-16,Treatment,0,0,7,0,498,0.7054,0.1478,3,6,1,0.338,48,1183,2025-10
CUST-03469,Starter,E-commerce,SMB,APAC,2026-02-01,Treatment,0,0,5,1,378,0.8211,0.2027,2,3,1,0.5197,37,1214,2026-02
CUST-03470,Enterprise,Healthcare,SMB,North America,2026-01-27,Treatment,0,0,10,0,318,0.817,0.1646,2,6,0,0.4882,42,16700,2026-01
CUST-03471,Professional,E-commerce,Mid-Market,North America,2025-11-19,Control,0,0,8,0,365,0.8278,0.1746,1,2,0,0.6015,34,3046,2025-11
CUST-03472,Professional,Professional Services,Mid-Market,Europe,2026-03-06,Control,0,0,20,0,472,0.7038,0.17,3,6,1,0.5065,40,2845,2026-03
CUST-03473,Professional,Healthcare,SMB,APAC,2026-01-16,Treatment,0,0,17,3,386,0.8384,0.2027,2,2,0,0.6189,35,2728,2026-01
CUST-03474,Professional,SaaS,SMB,North America,2025-11-15,Treatment,0,0,12,1,356,0.7724,0.0996,4,4,1,0.3641,44,2828,2025-11
CUST-03475,Professional,Healthcare,SMB,Europe,2026-01-16,Control,0,0,8,0,450,0.5851,0.1735,3,6,1,0.2139,47,2192,2026-01
CUST-03476,Professional,SaaS,Mid-Market,North America,2025-11-13,Control,0,0,8,1,487,0.8393,0.2167,3,7,1,0.3454,48,3632,2025-11
CUST-03477,Business,Professional Services,SMB,LATAM,2026-02-27,Control,1,9,13,9,352,0.8565,0.0584,3,5,1,0.3203,60,10140,2026-02
CUST-03478,Business,E-commerce,Mid-Market,Europe,2025-10-26,Control,0,0,10,1,439,0.7065,0.1356,3,3,0,0.624,32,9374,2025-10
CUST-03479,Enterprise,Healthcare,Mid-Market,Europe,2026-01-03,Control,0,0,13,0,491,0.7448,0.1659,4,5,1,0.3025,46,17738,2026-01
CUST-03480,Professional,Professional Services,Enterprise,North America,2025-10-06,Treatment,0,0,27,11,495,0.6498,0.1915,3,7,1,0.4355,47,3290,2025-10
CUST-03481,Professional,SaaS,SMB,Europe,2025-11-28,Control,0,0,6,1,431,0.7422,0.1685,2,5,1,0.5203,41,3127,2025-11
CUST-03482,Business,SaaS,SMB,North America,2026-02-14,Treatment,0,0,11,2,395,0.7747,0.1546,3,4,0,0.4094,42,7775,2026-02
CUST-03483,Business,Professional Services,SMB,North America,2025-10-19,Treatment,1,1,12,8,361,0.8195,0.0898,4,6,0,0.3837,60,7258,2025-10
CUST-03484,Professional,E-commerce,SMB,Europe,2026-01-05,Control,1,5,11,8,241,0.8288,0.0809,6,11,1,0.172,77,2807,2026-01
CUST-03485,Professional,Professional Services,SMB,APAC,2025-12-12,Control,1,3,5,4,290,0.7666,0.0784,7,10,1,0.1786,70,2318,2025-12
CUST-03486,Business,Professional Services,Mid-Market,North America,2025-10-05,Treatment,0,0,13,2,427,0.6567,0.126,4,9,1,0.1529,54,7537,2025-10
CUST-03487,Professional,Education,SMB,APAC,2026-02-21,Control,0,0,10,3,534,0.733,0.2131,5,5,1,0.4094,42,2950,2026-02
CUST-03488,Business,SaaS,SMB,North America,2025-10-30,Treatment,0,0,10,0,379,0.751,0.1644,3,7,1,0.2233,52,7645,2025-10
CUST-03489,Starter,Professional Services,SMB,Europe,2025-12-22,Treatment,0,0,7,0,398,0.6974,0.1347,4,4,1,0.5351,36,1282,2025-12
CUST-03490,Professional,Financial Services,Enterprise,North America,2025-10-17,Control,0,0,25,3,425,0.7681,0.1881,5,10,1,0.2073,61,3095,2025-10
CUST-03491,Professional,SaaS,SMB,North America,2025-11-20,Treatment,0,0,12,0,497,0.7994,0.1017,2,6,0,0.2934,46,3081,2025-11
CUST-03492,Starter,Education,Mid-Market,APAC,2025-10-28,Control,0,0,13,2,354,0.8082,0.1277,4,6,1,0.4176,48,1117,2025-10
CUST-03493,Business,Healthcare,Mid-Market,North America,2026-01-12,Control,1,1,19,15,330,0.7713,0.0975,3,6,1,0.3878,59,7577,2026-01
CUST-03494,Professional,Education,SMB,APAC,2025-10-21,Treatment,0,0,6,1,401,0.5974,0.1588,3,5,0,0.3516,45,3124,2025-10
CUST-03495,Starter,Financial Services,Mid-Market,North America,2025-10-27,Control,0,0,16,1,415,0.7649,0.1742,5,10,0,0.1862,59,1117,2025-10
CUST-03496,Business,E-commerce,SMB,Europe,2025-11-25,Control,0,0,12,0,422,0.7072,0.1372,2,3,0,0.5723,32,7250,2025-11
CUST-03497,Business,SaaS,SMB,North America,2026-02-04,Control,0,0,7,0,433,0.7321,0.1492,4,3,1,0.4758,39,6011,2026-02
CUST-03498,Business,Education,SMB,Europe,2026-01-20,Control,0,0,7,0,444,0.6916,0.1551,2,5,0,0.3397,47,9604,2026-01
CUST-03499,Professional,E-commerce,SMB,APAC,2025-11-30,Control,0,0,10,1,424,0.861,0.1395,5,6,0,0.5091,44,2583,2025-11
CUST-03500,Business,SaaS,Mid-Market,Europe,2025-11-12,Treatment,1,4,16,12,359,0.7769,0.062,6,7,0,0.4031,61,8227,2025-11
CUST-03501,Professional,SaaS,Mid-Market,North America,2025-12-28,Control,1,5,11,6,299,0.96,0.129,6,9,1,0.0646,76,3251,2025-12
CUST-03502,Professional,Professional Services,SMB,APAC,2025-11-30,Treatment,0,0,8,0,341,0.7925,0.1337,4,5,1,0.5372,41,2727,2025-11
CUST-03503,Starter,SaaS,Mid-Market,Europe,2026-01-17,Control,1,9,6,6,307,0.8943,0.0835,4,3,1,0.4457,56,1347,2026-01
CUST-03504,Professional,Financial Services,SMB,North America,2025-10-20,Control,0,0,7,0,475,0.7197,0.1358,7,10,1,0.2296,57,3192,2025-10
CUST-03505,Business,Financial Services,SMB,Europe,2025-11-25,Treatment,1,4,23,17,437,0.7436,0.0746,6,8,1,0.2081,66,6515,2025-11
CUST-03506,Professional,Healthcare,Mid-Market,Europe,2025-10-15,Treatment,0,0,5,0,339,0.7862,0.1237,3,3,0,0.4851,37,2866,2025-10
CUST-03507,Professional,E-commerce,SMB,Europe,2026-01-21,Treatment,0,0,7,0,465,0.7577,0.1277,6,9,1,0.1742,57,2848,2026-01
CUST-03508,Business,SaaS,Mid-Market,North America,2025-12-02,Control,0,0,16,4,308,0.6898,0.1509,2,3,1,0.5274,38,8012,2025-12
CUST-03509,Professional,Education,SMB,North America,2025-10-01,Control,1,2,7,7,381,0.867,0.0816,3,3,1,0.4556,50,3247,2025-10
CUST-03510,Starter,Education,Mid-Market,LATAM,2025-12-14,Treatment,1,5,5,5,326,0.8572,0.0966,2,3,0,0.429,51,1121,2025-12
CUST-03511,Enterprise,Healthcare,SMB,Europe,2026-01-07,Treatment,0,0,11,0,295,0.6174,0.2124,2,5,1,0.3619,44,17090,2026-01
CUST-03512,Business,E-commerce,SMB,North America,2026-01-26,Treatment,0,0,23,4,345,0.7797,0.1655,6,4,0,0.2925,47,7297,2026-01
CUST-03513,Enterprise,E-commerce,Mid-Market,LATAM,2025-10-28,Control,1,5,30,22,327,0.9123,0.0772,3,5,1,0.2997,64,16534,2025-10
CUST-03514,Enterprise,Education,SMB,North America,2025-10-29,Control,0,0,11,1,431,0.6333,0.1008,3,6,1,0.206,51,17108,2025-10
CUST-03515,Business,Healthcare,SMB,North America,2026-01-12,Control,0,0,11,0,411,0.8864,0.1273,4,5,0,0.3395,44,8203,2026-01
CUST-03516,Business,E-commerce,Mid-Market,Europe,2025-11-25,Control,1,1,14,12,346,0.9223,0.1339,6,4,1,0.3754,60,7095,2025-11
CUST-03517,Professional,Education,SMB,Europe,2025-12-10,Control,0,0,10,1,391,0.5926,0.1779,2,3,1,0.4838,36,2514,2025-12
CUST-03518,Starter,SaaS,SMB,LATAM,2025-12-30,Control,0,0,12,2,456,0.7014,0.1678,5,5,1,0.214,48,1177,2025-12
CUST-03519,Professional,E-commerce,SMB,Europe,2025-12-11,Control,0,0,9,2,343,0.6586,0.1736,2,5,1,0.3909,41,3035,2025-12
CUST-03520,Business,SaaS,Mid-Market,North America,2026-01-26,Treatment,0,0,10,0,442,0.6351,0.1306,1,2,0,0.5174,36,5903,2026-01
CUST-03521,Professional,Financial Services,Mid-Market,North America,2025-11-04,Treatment,0,0,8,2,528,0.7552,0.1686,2,3,0,0.5018,36,2889,2025-11
CUST-03522,Business,Healthcare,Mid-Market,North America,2026-01-30,Treatment,1,5,20,12,400,0.822,0.084,6,8,1,0.2823,66,6917,2026-01
CUST-03523,Starter,Education,SMB,LATAM,2025-10-15,Control,1,5,9,6,396,0.7373,0.1177,5,8,0,0.1237,71,1103,2025-10
CUST-03524,Professional,Healthcare,SMB,North America,2026-02-11,Treatment,0,0,7,0,376,0.6665,0.1561,4,6,0,0.293,43,2690,2026-02
CUST-03525,Professional,SaaS,SMB,Europe,2025-10-28,Treatment,1,8,11,6,487,0.811,0.0696,5,5,1,0.4262,59,3207,2025-10
CUST-03526,Professional,Professional Services,SMB,North America,2026-02-20,Control,0,0,10,3,348,0.7629,0.1676,3,9,0,0.3291,51,2572,2026-02
CUST-03527,Starter,Professional Services,Mid-Market,North America,2025-12-20,Treatment,0,0,10,1,401,0.664,0.1487,4,7,1,0.2871,50,1282,2025-12
CUST-03528,Starter,Financial Services,SMB,North America,2025-12-28,Control,0,0,10,2,279,0.7356,0.1745,3,7,1,0.4543,44,1350,2025-12
CUST-03529,Business,Professional Services,Mid-Market,Europe,2026-02-03,Treatment,0,0,14,2,366,0.7742,0.1604,3,3,0,0.5954,34,8781,2026-02
CUST-03530,Professional,SaaS,Mid-Market,North America,2025-10-10,Control,0,0,20,1,450,0.8034,0.1844,6,8,0,0.2047,57,3078,2025-10
CUST-03531,Starter,Financial Services,Mid-Market,LATAM,2026-01-01,Treatment,0,0,10,1,398,0.7536,0.1363,4,5,0,0.5329,43,1396,2026-01
CUST-03532,Starter,SaaS,SMB,APAC,2025-12-27,Treatment,1,6,4,2,440,0.8228,0.1289,4,7,1,0.232,62,1153,2025-12
CUST-03533,Professional,SaaS,SMB,North America,2025-10-10,Control,0,0,5,0,423,0.7109,0.1698,2,7,0,0.4437,44,2986,2025-10
CUST-03534,Starter,Education,Enterprise,APAC,2025-10-14,Treatment,0,0,15,0,439,0.6974,0.1606,3,1,0,0.5134,33,1328,2025-10
CUST-03535,Business,Professional Services,Mid-Market,North America,2025-11-18,Treatment,1,5,17,12,417,0.8243,0.1149,4,8,1,0.2414,70,7588,2025-11
CUST-03536,Business,SaaS,SMB,North America,2026-01-13,Treatment,0,0,14,3,310,0.7377,0.1774,3,5,1,0.3971,44,6893,2026-01
CUST-03537,Starter,SaaS,Mid-Market,North America,2025-12-26,Control,0,0,12,0,458,0.7631,0.1762,2,6,0,0.4314,40,1049,2025-12
CUST-03538,Professional,Education,Enterprise,APAC,2025-11-05,Control,0,0,19,4,376,0.6689,0.1712,4,5,1,0.3699,46,3289,2025-11
CUST-03539,Starter,SaaS,SMB,Europe,2026-02-27,Treatment,0,0,4,1,370,0.7813,0.1778,2,6,0,0.408,46,1220,2026-02
CUST-03540,Starter,SaaS,Enterprise,North America,2025-12-11,Treatment,0,0,23,2,346,0.6085,0.1538,3,3,1,0.5639,35,1201,2025-12
CUST-03541,Business,SaaS,SMB,Europe,2025-10-25,Treatment,0,0,9,0,436,0.7846,0.1747,2,3,1,0.5496,38,7997,2025-10
CUST-03542,Professional,SaaS,Enterprise,Europe,2025-12-30,Control,0,0,17,2,410,0.7131,0.1466,3,6,1,0.5261,42,2651,2025-12
CUST-03543,Business,Healthcare,SMB,Europe,2026-02-19,Treatment,0,0,9,0,458,0.6396,0.1403,2,5,0,0.4203,43,7868,2026-02
CUST-03544,Starter,Education,SMB,Europe,2026-02-21,Treatment,0,0,4,0,326,0.64,0.1473,1,1,1,0.5981,28,1188,2026-02
CUST-03545,Professional,Healthcare,SMB,APAC,2026-01-06,Treatment,1,8,12,6,435,0.854,0.0468,4,6,1,0.3332,64,2637,2026-01
CUST-03546,Professional,E-commerce,Mid-Market,Europe,2025-10-04,Treatment,0,0,11,0,439,0.74,0.1291,2,5,0,0.4163,44,2827,2025-10
CUST-03547,Professional,Professional Services,Enterprise,North America,2026-03-03,Control,0,0,11,0,363,0.7465,0.1518,2,4,1,0.4241,41,3509,2026-03
CUST-03548,Enterprise,E-commerce,SMB,APAC,2025-11-11,Treatment,0,0,8,0,466,0.7398,0.1197,2,4,0,0.4509,41,14922,2025-11
CUST-03549,Starter,Professional Services,SMB,North America,2026-02-26,Treatment,1,4,8,6,383,0.7775,0.0801,4,8,1,0.1953,68,1235,2026-02
CUST-03550,Business,Financial Services,SMB,Europe,2025-10-19,Control,1,8,12,5,312,0.8196,0.1108,3,3,1,0.5511,49,8276,2025-10
CUST-03551,Business,Financial Services,SMB,Europe,2026-02-02,Control,0,0,13,0,420,0.7272,0.1518,5,4,1,0.3317,43,7054,2026-02
CUST-03552,Professional,Financial Services,Mid-Market,North America,2026-01-22,Treatment,1,7,20,16,215,0.7489,0.0802,5,9,0,0.3732,64,3864,2026-01
CUST-03553,Professional,Professional Services,SMB,North America,2026-02-02,Control,1,7,10,10,380,0.6757,0.0857,3,4,0,0.4619,53,3347,2026-02
CUST-03554,Professional,Financial Services,Enterprise,Europe,2025-12-22,Control,0,0,11,0,374,0.6739,0.0943,3,7,1,0.2072,52,2837,2025-12
CUST-03555,Starter,Professional Services,Enterprise,APAC,2026-02-16,Treatment,0,0,20,3,308,0.7423,0.1626,4,6,1,0.3896,47,1215,2026-02
CUST-03556,Business,SaaS,SMB,APAC,2025-11-28,Treatment,0,0,16,3,267,0.7962,0.1774,3,4,0,0.5041,40,4208,2025-11
CUST-03557,Professional,Financial Services,SMB,Europe,2025-11-25,Treatment,1,4,14,13,362,0.6501,0.1134,7,10,1,0.0997,69,3141,2025-11
CUST-03558,Enterprise,Professional Services,Enterprise,North America,2025-10-27,Control,0,0,13,4,381,0.7147,0.1477,3,5,0,0.4985,39,21606,2025-10
CUST-03559,Professional,Healthcare,Mid-Market,North America,2025-10-11,Control,1,4,10,8,337,0.8268,0.1266,6,6,1,0.216,67,3049,2025-10
CUST-03560,Professional,Education,Mid-Market,Europe,2026-02-06,Control,0,0,32,1,421,0.7396,0.166,4,7,1,0.5218,46,2822,2026-02
CUST-03561,Business,Healthcare,SMB,North America,2026-03-05,Control,0,0,10,2,397,0.7341,0.1844,3,5,1,0.512,39,7879,2026-03
CUST-03562,Professional,SaaS,SMB,Europe,2026-01-23,Treatment,0,0,13,0,451,0.6878,0.1517,3,4,0,0.6736,34,2435,2026-01
CUST-03563,Business,Education,Mid-Market,North America,2025-11-23,Control,0,0,7,0,409,0.6675,0.1961,1,4,1,0.3447,43,8729,2025-11
CUST-03564,Starter,SaaS,SMB,North America,2025-10-20,Control,0,0,9,0,384,0.7656,0.1474,4,7,1,0.3422,48,1173,2025-10
CUST-03565,Enterprise,Healthcare,Mid-Market,Europe,2025-10-10,Treatment,0,0,30,6,370,0.7731,0.1689,4,6,0,0.2512,50,14547,2025-10
CUST-03566,Business,Healthcare,Mid-Market,Europe,2025-12-15,Control,0,0,9,0,422,0.7238,0.1605,2,5,1,0.379,44,6927,2025-12
CUST-03567,Business,Education,SMB,Europe,2025-10-30,Control,1,3,9,6,390,0.9698,0.0587,5,8,1,0.1765,71,7855,2025-10
CUST-03568,Professional,E-commerce,SMB,North America,2026-02-05,Control,1,3,5,4,327,0.9071,0.1286,3,6,1,0.2874,62,3330,2026-02
CUST-03569,Business,Financial Services,SMB,APAC,2025-10-26,Control,1,4,12,9,332,0.8492,0.0814,5,7,0,0.2402,65,7452,2025-10
CUST-03570,Starter,Professional Services,Mid-Market,North America,2025-10-12,Control,0,0,3,0,425,0.8039,0.1296,1,6,1,0.2426,49,1303,2025-10
CUST-03571,Business,Financial Services,SMB,Europe,2026-01-09,Treatment,1,8,12,9,376,0.8617,0.069,6,7,1,0.2328,65,7926,2026-01
CUST-03572,Starter,Education,SMB,Europe,2026-01-12,Treatment,0,0,7,2,340,0.708,0.1799,5,6,0,0.4262,42,1035,2026-01
CUST-03573,Starter,Professional Services,Enterprise,North America,2025-12-20,Treatment,0,0,21,1,337,0.6409,0.2005,2,4,1,0.4128,43,1316,2025-12
CUST-03574,Professional,Healthcare,Mid-Market,Europe,2026-01-11,Treatment,1,9,32,20,367,0.8871,0.0675,6,8,1,0.269,72,3146,2026-01
CUST-03575,Professional,Education,SMB,Europe,2026-02-08,Control,0,0,9,0,436,0.7288,0.1711,2,6,0,0.5523,38,2934,2026-02
CUST-03576,Professional,E-commerce,Mid-Market,North America,2025-12-14,Treatment,0,0,29,4,415,0.802,0.1475,5,5,1,0.3782,44,3449,2025-12
CUST-03577,Business,SaaS,SMB,Europe,2025-11-23,Control,0,0,10,3,313,0.7955,0.1013,1,4,1,0.4998,40,7447,2025-11
CUST-03578,Starter,SaaS,Enterprise,North America,2025-12-26,Control,0,0,29,3,421,0.61,0.1777,4,6,1,0.3443,50,1296,2025-12
CUST-03579,Business,Financial Services,Mid-Market,APAC,2025-10-23,Control,0,0,17,3,445,0.7802,0.1339,4,6,0,0.3899,47,6383,2025-10
CUST-03580,Starter,SaaS,SMB,North America,2026-03-05,Treatment,0,0,4,0,386,0.8687,0.1773,4,2,1,0.6717,33,1407,2026-03
CUST-03581,Business,Financial Services,SMB,North America,2025-11-24,Control,0,0,8,1,366,0.7157,0.1738,1,4,0,0.5285,36,9003,2025-11
CUST-03582,Business,Healthcare,SMB,Europe,2026-02-23,Control,0,0,7,0,475,0.7578,0.1489,3,4,1,0.4391,40,6473,2026-02
CUST-03583,Professional,E-commerce,Mid-Market,North America,2025-11-09,Control,0,0,13,2,458,0.8133,0.1693,1,5,1,0.3295,47,2612,2025-11
CUST-03584,Business,SaaS,Mid-Market,LATAM,2025-11-26,Control,0,0,23,2,352,0.613,0.1813,3,7,1,0.2376,53,7668,2025-11
CUST-03585,Business,Professional Services,SMB,North America,2026-02-23,Control,0,0,7,0,421,0.5672,0.1173,4,4,1,0.5193,32,9165,2026-02
CUST-03586,Business,Healthcare,Enterprise,North America,2025-12-05,Treatment,0,0,11,2,338,0.7177,0.1678,1,3,1,0.4857,37,8545,2025-12
CUST-03587,Professional,SaaS,SMB,North America,2025-11-02,Control,1,4,19,10,396,0.6848,0.1021,6,9,0,0.2383,67,3007,2025-11
CUST-03588,Professional,E-commerce,Mid-Market,North America,2025-10-07,Treatment,1,6,11,6,346,0.9178,0.0846,5,6,1,0.3996,62,3028,2025-10
CUST-03589,Business,E-commerce,Mid-Market,North America,2026-01-10,Control,0,0,18,1,352,0.7989,0.1995,4,7,1,0.3452,48,6789,2026-01
CUST-03590,Starter,Financial Services,SMB,North America,2025-11-20,Control,0,0,11,3,313,0.8342,0.1654,5,4,0,0.6432,37,1300,2025-11
CUST-03591,Business,E-commerce,SMB,North America,2025-12-03,Treatment,1,5,10,9,417,0.8065,0.1457,4,6,1,0.3731,62,6661,2025-12
CUST-03592,Professional,SaaS,Mid-Market,North America,2025-11-09,Treatment,1,8,9,5,347,0.8998,0.1268,4,9,1,0.1632,69,3554,2025-11
CUST-03593,Business,Education,Mid-Market,North America,2025-11-03,Control,1,9,15,8,547,0.8175,0.136,7,8,1,0.1556,70,7886,2025-11
CUST-03594,Starter,E-commerce,SMB,North America,2026-03-07,Treatment,1,1,15,11,437,0.8421,0.109,4,9,1,0.1537,71,1011,2026-03
CUST-03595,Starter,SaaS,Mid-Market,North America,2025-10-21,Treatment,0,0,10,1,475,0.9015,0.1893,2,2,1,0.3955,41,1249,2025-10
CUST-03596,Enterprise,Professional Services,SMB,North America,2026-02-11,Control,0,0,17,2,289,0.6547,0.154,5,7,1,0.258,52,15980,2026-02
CUST-03597,Business,Financial Services,SMB,North America,2026-03-02,Treatment,0,0,11,0,403,0.869,0.213,4,5,1,0.3257,51,6353,2026-03
CUST-03598,Business,Financial Services,Mid-Market,North America,2025-11-20,Control,0,0,4,0,295,0.5799,0.133,1,3,1,0.5803,31,7111,2025-11
CUST-03599,Enterprise,E-commerce,SMB,North America,2026-02-02,Treatment,1,6,28,25,371,0.8338,0.1358,4,7,1,0.1867,70,17650,2026-02
CUST-03600,Professional,Healthcare,Mid-Market,North America,2025-11-21,Control,0,0,10,0,407,0.7749,0.1566,3,4,0,0.5409,41,3167,2025-11
CUST-03601,Starter,E-commerce,Mid-Market,LATAM,2026-02-13,Treatment,1,2,8,7,433,0.7706,0.0564,4,8,1,0.168,68,1206,2026-02
CUST-03602,Starter,SaaS,SMB,North America,2026-01-15,Treatment,0,0,10,2,339,0.753,0.1758,3,4,0,0.4749,40,1177,2026-01
CUST-03603,Professional,Healthcare,SMB,North America,2026-01-12,Treatment,1,1,11,10,373,0.8396,0.0884,5,9,1,0.1721,71,2626,2026-01
CUST-03604,Starter,Education,SMB,Europe,2025-12-18,Control,1,8,11,8,362,0.8597,0.1065,4,7,0,0.2698,63,1166,2025-12
CUST-03605,Enterprise,Financial Services,SMB,North America,2025-10-25,Treatment,0,0,19,1,405,0.7391,0.2095,2,3,0,0.3847,42,16822,2025-10
CUST-03606,Starter,Healthcare,Mid-Market,North America,2026-03-04,Control,1,4,19,10,416,0.7557,0.0615,5,9,1,0.2601,67,1148,2026-03
CUST-03607,Starter,SaaS,SMB,Europe,2026-01-19,Control,1,8,12,5,408,0.8251,0.1293,4,9,1,0.2673,70,1329,2026-01
CUST-03608,Starter,Professional Services,Enterprise,Europe,2025-10-03,Control,0,0,11,2,445,0.7043,0.1794,4,7,1,0.3073,50,1059,2025-10
CUST-03609,Starter,SaaS,SMB,LATAM,2026-01-02,Treatment,0,0,5,0,440,0.7323,0.182,1,4,1,0.4417,38,1214,2026-01
CUST-03610,Starter,SaaS,SMB,LATAM,2026-01-26,Treatment,0,0,8,1,422,0.7053,0.1158,3,8,1,0.1842,53,1233,2026-01
CUST-03611,Professional,SaaS,Enterprise,Europe,2025-12-31,Treatment,0,0,13,2,358,0.7461,0.1734,3,5,0,0.4573,42,3370,2025-12
CUST-03612,Professional,Professional Services,SMB,Europe,2026-01-06,Control,1,2,7,5,346,0.7616,0.1185,6,5,1,0.3487,56,3225,2026-01
CUST-03613,Professional,Financial Services,Mid-Market,North America,2025-10-02,Treatment,0,0,10,1,346,0.6918,0.2113,3,3,0,0.4428,40,2727,2025-10
CUST-03614,Business,SaaS,Mid-Market,APAC,2026-01-03,Treatment,0,0,11,1,387,0.6413,0.1217,6,8,0,0.3492,48,8427,2026-01
CUST-03615,Professional,SaaS,Mid-Market,Europe,2025-11-14,Treatment,0,0,10,0,435,0.7426,0.1528,2,5,1,0.3325,46,2846,2025-11
CUST-03616,Professional,Financial Services,SMB,North America,2026-02-13,Treatment,1,6,16,9,292,0.738,0.16,6,8,1,0.0752,68,2779,2026-02
CUST-03617,Professional,Financial Services,SMB,North America,2026-03-02,Control,0,0,10,1,447,0.7548,0.1087,4,7,1,0.1891,55,2896,2026-03
CUST-03618,Starter,Financial Services,Enterprise,Europe,2026-02-09,Treatment,0,0,7,0,396,0.8115,0.19,2,4,1,0.5562,39,1206,2026-02
CUST-03619,Professional,SaaS,SMB,North America,2025-12-06,Treatment,1,4,7,4,365,0.9354,0.0982,6,9,1,0.2295,70,3479,2025-12
CUST-03620,Enterprise,Professional Services,Mid-Market,APAC,2025-11-03,Treatment,0,0,23,4,396,0.7462,0.1446,4,8,1,0.3465,54,16943,2025-11
CUST-03621,Professional,Education,Mid-Market,North America,2026-03-04,Control,0,0,15,3,406,0.9518,0.1513,4,4,1,0.527,43,3441,2026-03
CUST-03622,Starter,Financial Services,SMB,APAC,2026-02-09,Control,0,0,5,0,276,0.7793,0.2249,3,4,1,0.4121,41,1316,2026-02
CUST-03623,Professional,SaaS,Mid-Market,North America,2025-12-05,Control,1,4,11,9,348,0.8202,0.1133,7,7,1,0.2385,65,3442,2025-12
CUST-03624,Business,Financial Services,Enterprise,Europe,2025-12-12,Treatment,0,0,20,2,364,0.8853,0.1577,3,5,0,0.4931,42,7345,2025-12
CUST-03625,Professional,Healthcare,SMB,North America,2026-01-12,Control,0,0,7,3,367,0.6594,0.1418,5,2,0,0.5922,30,2184,2026-01
CUST-03626,Professional,SaaS,Mid-Market,North America,2025-11-06,Treatment,1,8,19,15,396,0.8088,0.114,5,6,1,0.2123,67,3650,2025-11
CUST-03627,Business,Healthcare,Mid-Market,North America,2026-02-24,Control,0,0,15,2,373,0.7062,0.1536,4,7,0,0.3047,47,7883,2026-02
CUST-03628,Professional,Education,SMB,North America,2026-03-05,Control,0,0,9,1,360,0.6268,0.139,4,6,1,0.3116,45,3441,2026-03
CUST-03629,Professional,Healthcare,Enterprise,North America,2025-11-10,Control,0,0,11,0,427,0.8092,0.1559,6,6,0,0.406,45,2234,2025-11
CUST-03630,Starter,Education,SMB,APAC,2025-12-23,Control,0,0,4,0,345,0.7536,0.1723,4,5,1,0.4766,40,1424,2025-12
CUST-03631,Starter,E-commerce,SMB,North America,2025-11-21,Control,1,3,4,3,431,0.8634,0.0868,3,6,1,0.2871,64,1498,2025-11
CUST-03632,Enterprise,E-commerce,Mid-Market,Europe,2026-01-03,Treatment,1,9,22,20,452,0.8871,0.1362,6,8,1,0.192,70,20335,2026-01
CUST-03633,Professional,SaaS,Enterprise,Europe,2025-12-15,Treatment,0,0,14,0,334,0.5948,0.1817,1,3,0,0.4713,32,2606,2025-12
CUST-03634,Professional,Financial Services,SMB,North America,2026-03-01,Control,0,0,9,0,444,0.8256,0.1538,4,8,1,0.3234,53,2353,2026-03
CUST-03635,Professional,SaaS,Mid-Market,APAC,2025-12-31,Control,1,7,11,8,442,0.75,0.1112,3,6,1,0.2819,61,2671,2025-12
CUST-03636,Starter,E-commerce,SMB,Europe,2026-01-20,Treatment,0,0,10,0,384,0.8082,0.1535,2,4,0,0.3376,46,1213,2026-01
CUST-03637,Business,SaaS,SMB,APAC,2025-11-17,Control,1,4,11,7,334,0.71,0.0867,5,6,1,0.5039,53,8126,2025-11
CUST-03638,Starter,Healthcare,SMB,APAC,2025-11-18,Treatment,0,0,6,3,345,0.7593,0.1611,4,7,1,0.3116,51,1125,2025-11
CUST-03639,Business,E-commerce,Mid-Market,Europe,2025-10-05,Treatment,0,0,18,2,470,0.6799,0.149,4,1,0,0.6507,30,8222,2025-10
CUST-03640,Professional,SaaS,SMB,LATAM,2025-11-01,Treatment,1,4,16,10,439,0.8282,0.1192,5,4,0,0.2773,62,2874,2025-11
CUST-03641,Starter,Healthcare,SMB,North America,2025-10-16,Control,0,0,9,1,388,0.7177,0.1877,3,6,1,0.2507,50,1178,2025-10
CUST-03642,Starter,Education,Mid-Market,North America,2026-02-24,Treatment,0,0,7,0,494,0.7533,0.1366,2,1,0,0.424,37,1190,2026-02
CUST-03643,Business,SaaS,SMB,Europe,2025-12-08,Treatment,0,0,11,0,344,0.712,0.2034,5,9,1,0.2847,52,6386,2025-12
CUST-03644,Starter,Healthcare,SMB,North America,2025-11-30,Control,0,0,10,1,431,0.6918,0.1734,2,8,1,0.318,46,1147,2025-11
CUST-03645,Starter,Healthcare,SMB,Europe,2026-01-05,Control,0,0,4,0,362,0.8302,0.1077,3,6,0,0.3753,46,1187,2026-01
CUST-03646,Business,Healthcare,Mid-Market,North America,2025-12-25,Control,1,8,14,5,394,0.9102,0.096,5,6,0,0.4794,60,7008,2025-12
CUST-03647,Professional,Financial Services,Mid-Market,North America,2026-03-01,Control,0,0,10,4,363,0.8823,0.1762,1,3,0,0.4466,39,2786,2026-03
CUST-03648,Professional,SaaS,Mid-Market,APAC,2025-12-22,Treatment,0,0,8,0,352,0.7343,0.143,5,7,0,0.4458,44,3076,2025-12
CUST-03649,Starter,E-commerce,SMB,North America,2025-10-24,Control,1,4,15,9,386,0.8038,0.1504,5,7,1,0.2867,63,980,2025-10
CUST-03650,Business,Financial Services,SMB,North America,2025-12-14,Control,0,0,12,1,338,0.7387,0.1379,3,3,1,0.3756,42,8529,2025-12
CUST-03651,Starter,Healthcare,Mid-Market,Europe,2026-02-09,Control,0,0,8,2,433,0.6783,0.1742,4,8,0,0.247,51,1423,2026-02
CUST-03652,Starter,Education,SMB,Europe,2026-01-15,Treatment,0,0,7,1,441,0.6344,0.143,1,3,0,0.5931,31,1158,2026-01
CUST-03653,Starter,Education,SMB,APAC,2025-12-28,Treatment,1,1,11,5,385,0.7701,0.0742,4,6,1,0.3981,62,1267,2025-12
CUST-03654,Starter,SaaS,SMB,North America,2025-11-21,Treatment,0,0,6,0,393,0.6745,0.163,3,5,0,0.5093,39,1306,2025-11
CUST-03655,Starter,Healthcare,SMB,APAC,2026-02-27,Treatment,0,0,5,1,437,0.7783,0.1397,5,7,1,0.2821,52,1369,2026-02
CUST-03656,Starter,SaaS,SMB,Europe,2025-10-21,Control,0,0,10,0,455,0.7961,0.1514,5,4,1,0.3747,44,1198,2025-10
CUST-03657,Starter,SaaS,Enterprise,APAC,2025-11-09,Treatment,0,0,8,0,383,0.577,0.1434,4,7,1,0.2347,48,1345,2025-11
CUST-03658,Professional,E-commerce,SMB,North America,2025-10-18,Control,0,0,11,0,420,0.6701,0.1202,5,5,1,0.2647,47,3252,2025-10
CUST-03659,Business,E-commerce,Mid-Market,North America,2026-01-10,Control,0,0,5,0,388,0.7649,0.1521,2,2,0,0.6348,33,6989,2026-01
CUST-03660,Starter,E-commerce,SMB,North America,2026-01-20,Treatment,0,0,13,0,435,0.7452,0.2123,5,8,0,0.1249,58,1075,2026-01
CUST-03661,Starter,Healthcare,Mid-Market,Europe,2026-01-12,Treatment,0,0,7,0,369,0.7171,0.1457,3,4,0,0.4466,40,1055,2026-01
CUST-03662,Business,Healthcare,SMB,North America,2026-02-27,Treatment,0,0,16,3,408,0.7147,0.1585,2,4,0,0.4154,43,6282,2026-02
CUST-03663,Business,Education,Enterprise,North America,2026-02-04,Treatment,0,0,8,0,404,0.7608,0.1624,1,4,0,0.6277,33,7204,2026-02
CUST-03664,Professional,Education,SMB,Europe,2025-10-23,Control,0,0,4,0,459,0.7656,0.2037,5,7,1,0.3389,47,3061,2025-10
CUST-03665,Starter,SaaS,Mid-Market,North America,2025-12-03,Control,0,0,5,0,380,0.6292,0.1711,1,1,0,0.6474,28,1095,2025-12
CUST-03666,Professional,Financial Services,SMB,North America,2025-10-20,Treatment,0,0,12,2,413,0.5905,0.1375,2,4,1,0.5118,34,2784,2025-10
CUST-03667,Starter,E-commerce,Mid-Market,North America,2025-11-16,Treatment,0,0,7,1,377,0.7267,0.1173,2,4,1,0.5667,36,1051,2025-11
CUST-03668,Starter,Financial Services,Enterprise,APAC,2025-11-13,Treatment,0,0,20,0,326,0.7919,0.1366,3,4,0,0.4857,45,1328,2025-11
CUST-03669,Professional,Financial Services,Mid-Market,Europe,2026-01-01,Treatment,0,0,6,2,375,0.698,0.1631,2,1,0,0.5606,32,3078,2026-01
CUST-03670,Professional,Education,Mid-Market,Europe,2025-11-30,Control,1,8,16,12,392,0.98,0.0605,4,8,1,0.1692,72,3183,2025-11
CUST-03671,Professional,SaaS,Mid-Market,LATAM,2025-12-24,Control,1,5,13,7,409,0.8795,0.1232,7,4,1,0.2598,63,2876,2025-12
CUST-03672,Professional,Healthcare,Enterprise,Europe,2026-02-09,Control,0,0,9,0,376,0.6959,0.1514,2,3,0,0.5162,38,2882,2026-02
CUST-03673,Starter,Education,SMB,North America,2026-02-21,Treatment,1,8,6,5,410,0.6749,0.1237,4,6,1,0.1666,63,1201,2026-02
CUST-03674,Professional,SaaS,SMB,Europe,2026-01-25,Treatment,0,0,8,1,472,0.7918,0.1502,3,6,1,0.4191,47,2541,2026-01
CUST-03675,Business,SaaS,SMB,LATAM,2026-03-04,Treatment,1,9,8,6,309,0.7462,0.069,4,6,0,0.3725,58,7506,2026-03
CUST-03676,Business,Professional Services,Enterprise,North America,2025-12-07,Treatment,0,0,17,1,413,0.6872,0.1356,2,3,1,0.5316,37,7238,2025-12
CUST-03677,Professional,Professional Services,SMB,Europe,2026-02-26,Treatment,0,0,6,0,469,0.6717,0.1725,3,5,1,0.3716,43,2541,2026-02
CUST-03678,Professional,Financial Services,SMB,North America,2025-12-22,Control,1,1,8,6,432,0.7111,0.1219,4,8,1,0.3444,60,2813,2025-12
CUST-03679,Starter,Professional Services,SMB,APAC,2026-01-30,Control,0,0,5,0,422,0.6905,0.1712,4,4,0,0.4063,39,1139,2026-01
CUST-03680,Starter,Financial Services,SMB,Europe,2026-03-02,Control,1,5,8,6,421,0.7695,0.0599,5,7,1,0.1996,64,1091,2026-03
CUST-03681,Business,SaaS,SMB,LATAM,2026-01-28,Treatment,0,0,10,0,482,0.6649,0.1621,6,9,1,0.2323,51,8821,2026-01
CUST-03682,Starter,Financial Services,SMB,Europe,2026-01-05,Control,0,0,7,0,441,0.6814,0.1556,5,8,1,0.3123,46,1360,2026-01
CUST-03683,Professional,Professional Services,SMB,North America,2025-11-14,Treatment,0,0,6,3,363,0.8748,0.1059,2,5,0,0.4481,46,2926,2025-11
CUST-03684,Professional,Education,Mid-Market,North America,2025-11-28,Control,0,0,9,1,423,0.7891,0.161,2,4,1,0.4539,41,3132,2025-11
CUST-03685,Starter,SaaS,SMB,APAC,2025-11-17,Treatment,0,0,9,1,366,0.7195,0.1821,4,4,1,0.4049,43,1153,2025-11
CUST-03686,Starter,SaaS,SMB,North America,2025-12-22,Control,0,0,4,1,361,0.5939,0.2008,2,4,0,0.4781,37,1191,2025-12
CUST-03687,Professional,Professional Services,SMB,North America,2026-01-02,Treatment,0,0,7,0,325,0.7734,0.1805,2,5,1,0.5835,36,3274,2026-01
CUST-03688,Enterprise,SaaS,SMB,Europe,2026-02-17,Control,1,4,19,14,406,0.98,0.0502,5,8,1,0.2693,70,14174,2026-02
CUST-03689,Professional,SaaS,SMB,North America,2025-10-07,Treatment,0,0,13,1,463,0.8684,0.1382,3,3,1,0.5279,41,2836,2025-10
CUST-03690,Professional,Professional Services,SMB,North America,2025-10-31,Treatment,0,0,14,2,296,0.7193,0.1836,6,5,1,0.5238,38,3022,2025-10
CUST-03691,Starter,E-commerce,SMB,North America,2026-02-24,Control,0,0,3,1,365,0.7577,0.1315,3,6,0,0.4584,40,1058,2026-02
CUST-03692,Professional,Healthcare,Mid-Market,North America,2025-12-10,Treatment,0,0,15,3,363,0.6415,0.1751,4,6,1,0.3925,47,3118,2025-12
CUST-03693,Starter,SaaS,SMB,Europe,2026-02-18,Treatment,0,0,7,1,429,0.7512,0.1478,2,5,0,0.2749,46,1377,2026-02
CUST-03694,Professional,SaaS,SMB,North America,2025-12-12,Control,0,0,7,1,400,0.7849,0.1584,3,6,1,0.4298,45,3273,2025-12
CUST-03695,Business,Professional Services,SMB,North America,2025-12-17,Treatment,0,0,12,0,446,0.7705,0.132,5,6,1,0.3607,47,8214,2025-12
CUST-03696,Professional,E-commerce,SMB,APAC,2025-10-18,Treatment,0,0,10,1,405,0.824,0.1687,3,4,0,0.5679,38,2730,2025-10
CUST-03697,Starter,SaaS,SMB,North America,2026-01-02,Treatment,0,0,6,1,414,0.7828,0.1494,3,2,0,0.545,32,1195,2026-01
CUST-03698,Starter,Healthcare,SMB,Europe,2026-02-16,Treatment,1,9,5,2,387,0.6794,0.1343,3,5,1,0.3719,57,1357,2026-02
CUST-03699,Starter,SaaS,SMB,North America,2026-01-13,Treatment,1,1,6,4,432,0.7794,0.0786,5,11,1,0.0714,75,1055,2026-01
CUST-03700,Professional,SaaS,SMB,North America,2025-12-19,Control,1,2,9,7,303,0.8896,0.1489,4,7,1,0.2255,66,2572,2025-12
CUST-03701,Business,Healthcare,Mid-Market,Europe,2026-01-18,Control,0,0,20,2,361,0.5995,0.1727,1,4,0,0.5136,40,7514,2026-01
CUST-03702,Starter,E-commerce,SMB,Europe,2025-11-04,Control,0,0,12,2,351,0.7355,0.1551,2,5,1,0.3121,50,1174,2025-11
CUST-03703,Professional,SaaS,SMB,LATAM,2025-11-20,Treatment,1,9,11,7,391,0.776,0.0727,5,7,1,0.5047,54,3466,2025-11
CUST-03704,Professional,Healthcare,SMB,North America,2025-12-19,Control,1,7,18,10,281,0.711,0.0853,8,5,0,0.3392,60,3415,2025-12
CUST-03705,Starter,E-commerce,SMB,North America,2025-10-02,Control,1,5,8,5,262,0.8853,0.079,6,7,1,0.2777,63,1206,2025-10
CUST-03706,Starter,E-commerce,Mid-Market,North America,2025-10-12,Treatment,0,0,10,1,441,0.6672,0.1601,2,7,1,0.355,44,1167,2025-10
CUST-03707,Professional,SaaS,SMB,Europe,2026-02-05,Control,0,0,10,1,327,0.8994,0.1539,3,6,1,0.3773,49,2891,2026-02
CUST-03708,Professional,SaaS,SMB,North America,2025-11-05,Control,0,0,15,0,361,0.7129,0.1993,1,2,0,0.4841,35,2648,2025-11
CUST-03709,Professional,SaaS,Enterprise,APAC,2026-01-16,Treatment,0,0,14,1,330,0.816,0.1783,3,3,1,0.5146,41,2798,2026-01
CUST-03710,Business,Healthcare,SMB,APAC,2025-10-06,Treatment,0,0,8,0,370,0.8642,0.1849,3,5,1,0.479,44,6440,2025-10
CUST-03711,Business,Financial Services,SMB,North America,2025-11-09,Treatment,0,0,8,0,571,0.7563,0.1896,3,5,1,0.5373,40,7308,2025-11
CUST-03712,Business,SaaS,Mid-Market,North America,2025-10-10,Control,0,0,10,2,378,0.7367,0.1494,2,2,0,0.6775,30,7017,2025-10
CUST-03713,Enterprise,Professional Services,Enterprise,North America,2025-12-04,Treatment,0,0,28,1,406,0.8165,0.1291,4,7,1,0.332,50,16967,2025-12
CUST-03714,Business,Financial Services,SMB,North America,2025-12-16,Treatment,1,8,12,10,296,0.9425,0.0999,4,5,0,0.2747,62,8430,2025-12
CUST-03715,Business,SaaS,Mid-Market,Europe,2025-10-18,Control,0,0,9,2,388,0.7561,0.1605,3,6,0,0.3767,49,7925,2025-10
CUST-03716,Business,SaaS,SMB,APAC,2026-02-04,Control,0,0,25,4,452,0.674,0.1565,2,1,1,0.7469,26,7901,2026-02
CUST-03717,Business,SaaS,Mid-Market,North America,2025-10-29,Control,1,3,14,8,376,0.6948,0.1493,4,3,0,0.5148,50,8300,2025-10
CUST-03718,Business,SaaS,SMB,North America,2025-11-13,Treatment,0,0,15,1,516,0.7576,0.175,5,7,0,0.4208,48,7534,2025-11
CUST-03719,Enterprise,E-commerce,Mid-Market,North America,2026-02-16,Control,0,0,12,2,356,0.6744,0.1343,3,4,1,0.5518,40,20836,2026-02
CUST-03720,Professional,SaaS,SMB,North America,2026-01-26,Control,1,5,12,10,234,0.8841,0.0971,6,7,1,0.2877,63,3250,2026-01
CUST-03721,Professional,Professional Services,SMB,LATAM,2026-03-08,Treatment,0,0,10,1,425,0.831,0.1717,1,2,0,0.7292,30,2825,2026-03
CUST-03722,Professional,E-commerce,SMB,APAC,2025-11-15,Treatment,0,0,12,2,422,0.7767,0.1424,3,2,1,0.505,33,2820,2025-11
CUST-03723,Business,Professional Services,Mid-Market,APAC,2025-10-08,Control,1,3,14,8,374,0.8054,0.1098,4,7,1,0.1791,68,6811,2025-10
CUST-03724,Professional,Professional Services,Mid-Market,APAC,2026-01-27,Treatment,1,1,9,9,267,0.8594,0.0617,3,5,0,0.4601,52,3007,2026-01
CUST-03725,Business,E-commerce,Mid-Market,North America,2025-12-25,Treatment,0,0,7,0,380,0.7323,0.1399,3,7,0,0.4439,44,6364,2025-12
CUST-03726,Business,Education,Enterprise,Europe,2026-02-09,Control,0,0,26,1,418,0.7091,0.1525,2,5,0,0.5232,44,7309,2026-02
CUST-03727,Enterprise,Education,SMB,Europe,2026-02-28,Treatment,1,1,4,2,394,0.8,0.0797,4,6,1,0.3319,58,11679,2026-02
CUST-03728,Starter,Healthcare,Mid-Market,North America,2025-10-09,Control,1,5,20,15,393,0.8193,0.093,4,6,1,0.3207,59,1395,2025-10
CUST-03729,Business,SaaS,SMB,North America,2026-02-03,Control,1,8,6,5,302,0.8115,0.0713,5,7,1,0.2811,61,7413,2026-02
CUST-03730,Business,Healthcare,Enterprise,Europe,2026-02-01,Control,0,0,32,2,301,0.8296,0.17,4,5,1,0.3428,48,10109,2026-02
CUST-03731,Enterprise,SaaS,Mid-Market,APAC,2025-12-22,Control,0,0,18,1,396,0.801,0.1684,2,2,0,0.418,37,15968,2025-12
CUST-03732,Business,E-commerce,SMB,North America,2026-02-06,Control,1,4,7,4,407,0.7042,0.02,3,3,1,0.4258,53,7373,2026-02
CUST-03733,Professional,Healthcare,SMB,APAC,2026-02-27,Treatment,0,0,9,2,322,0.7701,0.1934,4,5,1,0.3984,45,2636,2026-02
CUST-03734,Professional,E-commerce,Mid-Market,LATAM,2026-02-20,Control,1,3,21,10,463,0.8178,0.1025,6,6,1,0.3923,58,2931,2026-02
CUST-03735,Starter,Professional Services,Mid-Market,LATAM,2025-12-29,Control,0,0,15,1,386,0.753,0.1556,4,4,1,0.4561,42,1508,2025-12
CUST-03736,Enterprise,Healthcare,Mid-Market,North America,2025-11-01,Treatment,0,0,18,5,453,0.7355,0.1393,3,5,1,0.4108,46,16458,2025-11
CUST-03737,Starter,E-commerce,SMB,North America,2026-03-08,Treatment,0,0,4,0,507,0.7332,0.1774,3,1,1,0.719,29,1369,2026-03
CUST-03738,Business,Healthcare,SMB,Europe,2026-02-13,Control,0,0,19,1,316,0.8621,0.1442,4,7,0,0.2639,55,7533,2026-02
CUST-03739,Business,Professional Services,Enterprise,North America,2025-11-03,Control,0,0,30,3,430,0.7011,0.1492,4,6,0,0.3726,45,8999,2025-11
CUST-03740,Professional,Financial Services,Mid-Market,North America,2025-11-08,Control,1,7,20,11,470,0.7594,0.0825,6,10,1,0.108,76,3310,2025-11
CUST-03741,Starter,SaaS,SMB,Europe,2025-10-04,Treatment,0,0,6,0,385,0.6743,0.1504,4,5,1,0.3331,43,1096,2025-10
CUST-03742,Starter,Financial Services,Mid-Market,North America,2026-01-03,Treatment,1,1,16,11,469,0.725,0.0835,6,9,1,0.2197,68,1287,2026-01
CUST-03743,Business,SaaS,Mid-Market,North America,2025-11-11,Control,0,0,16,2,456,0.7785,0.1185,2,6,1,0.5323,44,8560,2025-11
CUST-03744,Professional,Professional Services,Mid-Market,LATAM,2025-10-26,Control,1,1,19,13,343,0.9043,0.1005,6,5,1,0.4223,59,2335,2025-10
CUST-03745,Starter,E-commerce,SMB,North America,2026-02-04,Treatment,0,0,9,2,393,0.6827,0.1394,4,4,0,0.5532,36,1106,2026-02
CUST-03746,Business,Healthcare,Mid-Market,APAC,2026-01-26,Treatment,1,6,21,19,259,0.8527,0.0862,5,8,1,0.0334,74,6148,2026-01
CUST-03747,Starter,Financial Services,Mid-Market,North America,2025-10-12,Control,1,9,18,11,329,0.8932,0.0777,4,8,1,0.227,72,1339,2025-10
CUST-03748,Business,Professional Services,SMB,North America,2025-11-11,Control,1,5,7,7,381,0.8283,0.0895,5,7,1,0.0759,67,8090,2025-11
CUST-03749,Starter,Professional Services,SMB,North America,2026-02-02,Control,0,0,8,2,378,0.7317,0.1555,4,5,0,0.4894,43,1178,2026-02
CUST-03750,Starter,E-commerce,Mid-Market,North America,2025-10-26,Treatment,0,0,11,1,423,0.6776,0.1495,4,4,0,0.609,37,1185,2025-10
CUST-03751,Starter,Professional Services,Mid-Market,North America,2026-01-07,Treatment,1,1,5,5,411,0.8599,0.0935,4,6,1,0.2594,63,1234,2026-01
CUST-03752,Professional,Healthcare,SMB,APAC,2025-12-15,Control,0,0,22,1,468,0.7112,0.182,5,6,0,0.4222,43,3118,2025-12
CUST-03753,Professional,Professional Services,Enterprise,APAC,2025-12-14,Treatment,0,0,12,2,420,0.7782,0.1676,5,4,0,0.3568,45,4001,2025-12
CUST-03754,Business,Professional Services,SMB,North America,2025-10-29,Control,0,0,7,3,351,0.6891,0.1865,3,4,1,0.6355,34,7301,2025-10
CUST-03755,Professional,SaaS,SMB,North America,2026-01-21,Treatment,1,8,5,3,382,0.836,0.1207,6,9,0,0.1865,66,3045,2026-01
CUST-03756,Professional,SaaS,Mid-Market,Europe,2025-10-04,Treatment,1,5,15,11,371,0.8972,0.0787,5,7,1,0.2256,68,3231,2025-10
CUST-03757,Starter,SaaS,Enterprise,North America,2025-11-12,Treatment,1,2,21,13,331,0.8487,0.1306,6,9,0,0.2285,70,1344,2025-11
CUST-03758,Starter,SaaS,SMB,North America,2025-12-22,Control,0,0,7,1,421,0.6791,0.15,2,5,0,0.4196,45,1219,2025-12
CUST-03759,Enterprise,Healthcare,SMB,North America,2026-02-22,Control,0,0,9,0,366,0.6674,0.1277,3,8,1,0.1543,54,16663,2026-02
CUST-03760,Starter,SaaS,SMB,North America,2026-01-31,Treatment,1,9,10,8,355,0.8157,0.0955,5,7,1,0.4813,56,1196,2026-01
CUST-03761,Enterprise,Financial Services,SMB,North America,2025-12-01,Treatment,1,8,13,8,334,0.9461,0.1041,4,5,0,0.4427,58,15510,2025-12
CUST-03762,Professional,SaaS,SMB,North America,2026-01-19,Control,0,0,15,0,384,0.7933,0.2092,5,8,0,0.4014,50,4250,2026-01
CUST-03763,Starter,SaaS,SMB,Europe,2025-10-03,Treatment,1,2,9,8,400,0.9682,0.1114,6,10,1,0.1306,77,1219,2025-10
CUST-03764,Starter,Financial Services,SMB,North America,2025-11-13,Control,1,3,6,6,396,0.98,0.1221,5,7,0,0.3463,61,1453,2025-11
CUST-03765,Starter,Healthcare,Mid-Market,North America,2025-10-13,Control,0,0,9,1,393,0.722,0.1915,5,6,0,0.7033,37,1162,2025-10
CUST-03766,Business,E-commerce,Mid-Market,North America,2025-11-12,Treatment,0,0,18,0,479,0.7808,0.1455,5,11,1,0.3034,58,6643,2025-11
CUST-03767,Professional,Professional Services,Mid-Market,North America,2025-10-09,Control,1,9,14,11,396,0.8097,0.1033,6,10,0,0.0527,74,2543,2025-10
CUST-03768,Professional,Education,SMB,APAC,2026-01-09,Control,0,0,4,0,443,0.6865,0.1445,2,4,1,0.299,44,2888,2026-01
CUST-03769,Professional,E-commerce,SMB,Europe,2026-01-01,Control,0,0,5,3,369,0.7654,0.1627,2,3,1,0.6698,31,2359,2026-01
CUST-03770,Professional,SaaS,SMB,APAC,2026-02-01,Treatment,1,7,10,8,392,0.8304,0.0917,4,6,1,0.363,58,3523,2026-02
CUST-03771,Enterprise,SaaS,Enterprise,North America,2025-12-05,Control,1,4,21,15,335,0.8312,0.0985,4,8,1,0.2193,69,15667,2025-12
CUST-03772,Enterprise,Education,SMB,North America,2026-02-18,Control,1,1,11,5,391,0.8069,0.1309,6,7,1,0.2918,67,16337,2026-02
CUST-03773,Professional,Financial Services,Mid-Market,North America,2025-12-31,Control,0,0,15,1,474,0.7409,0.1937,5,3,1,0.4282,44,2678,2025-12
CUST-03774,Business,Professional Services,SMB,Europe,2025-11-23,Control,0,0,6,0,461,0.7007,0.1603,3,5,1,0.3848,42,6336,2025-11
CUST-03775,Business,Financial Services,Mid-Market,Europe,2025-12-04,Control,0,0,29,0,378,0.7191,0.1511,5,9,0,0.1817,58,6602,2025-12
CUST-03776,Professional,SaaS,SMB,North America,2025-11-29,Control,0,0,9,0,471,0.6418,0.1905,6,3,0,0.4078,35,3456,2025-11
CUST-03777,Business,E-commerce,SMB,North America,2026-03-06,Control,0,0,10,0,343,0.6652,0.166,3,6,1,0.3014,49,8393,2026-03
CUST-03778,Starter,Professional Services,Mid-Market,North America,2025-10-30,Treatment,1,1,3,3,352,0.767,0.1232,3,4,0,0.3476,52,1185,2025-10
CUST-03779,Business,Education,SMB,North America,2026-01-31,Control,0,0,13,2,463,0.7461,0.1017,5,7,1,0.2829,49,6479,2026-01
CUST-03780,Enterprise,SaaS,Mid-Market,North America,2026-02-21,Control,0,0,22,1,363,0.7615,0.1609,4,8,1,0.3838,46,16188,2026-02
CUST-03781,Starter,Financial Services,SMB,Europe,2025-10-21,Treatment,0,0,6,0,428,0.6828,0.1923,4,6,1,0.3801,46,1386,2025-10
CUST-03782,Business,SaaS,Enterprise,LATAM,2025-12-23,Control,1,3,21,14,388,0.77,0.0598,4,7,1,0.1853,70,9426,2025-12
CUST-03783,Enterprise,Education,Mid-Market,North America,2026-01-21,Control,1,8,11,3,462,0.8518,0.0531,3,4,0,0.3989,58,21080,2026-01
CUST-03784,Starter,SaaS,SMB,North America,2025-12-20,Treatment,0,0,5,0,383,0.6918,0.1242,1,5,0,0.4085,39,1252,2025-12
CUST-03785,Professional,Professional Services,Mid-Market,North America,2025-11-01,Treatment,0,0,9,1,449,0.6537,0.1632,4,8,1,0.4539,45,2738,2025-11
CUST-03786,Enterprise,SaaS,Mid-Market,North America,2026-01-05,Treatment,0,0,21,0,372,0.8096,0.143,4,7,1,0.2185,56,16534,2026-01
CUST-03787,Enterprise,Financial Services,Mid-Market,Europe,2026-02-05,Treatment,1,2,14,11,336,0.726,0.1,6,4,0,0.421,51,14677,2026-02
CUST-03788,Starter,Financial Services,SMB,North America,2026-01-24,Treatment,1,4,10,6,370,0.7269,0.1143,7,7,1,0.2829,61,1391,2026-01
CUST-03789,Professional,Healthcare,SMB,LATAM,2026-02-25,Control,0,0,12,0,404,0.8197,0.1438,2,4,0,0.6602,36,3557,2026-02
CUST-03790,Professional,Professional Services,Mid-Market,APAC,2026-01-31,Control,1,1,11,8,414,0.7175,0.1033,5,6,1,0.2562,61,2937,2026-01
CUST-03791,Starter,Education,SMB,North America,2025-12-06,Treatment,1,6,9,7,491,0.9296,0.0922,5,9,1,0.0815,77,1311,2025-12
CUST-03792,Professional,Professional Services,Mid-Market,LATAM,2026-02-15,Control,0,0,15,4,392,0.6374,0.1097,3,6,0,0.3748,45,3465,2026-02
CUST-03793,Starter,Healthcare,SMB,Europe,2025-12-26,Treatment,0,0,7,1,403,0.6529,0.136,3,7,1,0.2074,51,1041,2025-12
CUST-03794,Starter,Professional Services,Mid-Market,LATAM,2025-10-16,Control,0,0,6,0,504,0.6459,0.1731,3,5,1,0.5175,38,1370,2025-10
CUST-03795,Professional,E-commerce,SMB,North America,2026-03-02,Control,0,0,7,0,543,0.6253,0.1751,2,6,1,0.4107,43,3075,2026-03
CUST-03796,Professional,Financial Services,Mid-Market,LATAM,2026-03-02,Treatment,0,0,8,1,394,0.8418,0.125,1,2,0,0.5407,36,2833,2026-03
CUST-03797,Professional,E-commerce,SMB,North America,2025-10-04,Treatment,0,0,11,2,416,0.8261,0.1567,5,2,0,0.6079,33,2555,2025-10
CUST-03798,Business,Financial Services,SMB,North America,2025-10-20,Treatment,0,0,13,2,326,0.6187,0.1062,3,6,0,0.3983,41,7855,2025-10
CUST-03799,Professional,SaaS,SMB,LATAM,2026-01-22,Control,0,0,5,0,369,0.856,0.1594,4,5,0,0.3903,41,3258,2026-01
CUST-03800,Starter,Healthcare,Mid-Market,North America,2025-11-24,Control,1,3,20,14,271,0.7122,0.105,7,9,1,0.2506,68,1562,2025-11
CUST-03801,Starter,SaaS,SMB,North America,2026-01-13,Treatment,0,0,8,0,394,0.9672,0.1207,7,7,1,0.3382,50,1085,2026-01
CUST-03802,Starter,Healthcare,Mid-Market,North America,2025-11-07,Control,0,0,5,0,503,0.7184,0.1347,3,5,1,0.3581,46,1384,2025-11
CUST-03803,Starter,SaaS,SMB,North America,2025-11-11,Treatment,0,0,8,0,363,0.6821,0.1263,5,6,1,0.5475,37,1412,2025-11
CUST-03804,Starter,SaaS,SMB,North America,2025-11-18,Treatment,0,0,6,0,375,0.7701,0.1645,3,4,1,0.4686,40,1147,2025-11
CUST-03805,Starter,Professional Services,Mid-Market,North America,2025-10-06,Control,1,2,13,10,383,0.7398,0.1092,4,6,1,0.5354,55,1355,2025-10
CUST-03806,Starter,E-commerce,SMB,Europe,2025-10-21,Control,0,0,5,0,324,0.6171,0.2014,4,7,1,0.1977,49,1018,2025-10
CUST-03807,Professional,SaaS,SMB,APAC,2026-01-12,Treatment,1,1,5,5,366,0.7753,0.0521,3,7,1,0.3216,60,3816,2026-01
CUST-03808,Professional,Professional Services,SMB,North America,2025-10-04,Control,1,3,8,4,239,0.8167,0.089,4,5,1,0.372,58,2941,2025-10
CUST-03809,Enterprise,Education,Mid-Market,APAC,2025-12-26,Control,1,2,15,9,354,0.6622,0.115,2,3,1,0.3942,55,14604,2025-12
CUST-03810,Business,Education,Enterprise,Europe,2026-01-04,Treatment,1,1,9,5,287,0.7385,0.0973,4,8,0,0.3456,60,7445,2026-01
CUST-03811,Professional,Professional Services,SMB,Europe,2025-10-18,Control,0,0,10,0,370,0.8864,0.1255,5,5,1,0.2924,49,3046,2025-10
CUST-03812,Starter,Education,Mid-Market,Europe,2025-11-07,Treatment,0,0,6,0,404,0.7295,0.1554,4,3,1,0.4093,38,1082,2025-11
CUST-03813,Professional,Financial Services,Mid-Market,APAC,2025-11-17,Control,1,4,13,12,340,0.6184,0.1152,4,6,1,0.3409,57,3505,2025-11
CUST-03814,Starter,Education,Mid-Market,North America,2025-10-10,Control,1,6,15,12,343,0.8103,0.0904,4,10,0,0.2502,65,1255,2025-10
CUST-03815,Professional,Education,SMB,Europe,2025-12-09,Treatment,1,2,2,2,484,0.8388,0.107,3,5,1,0.2778,63,3051,2025-12
CUST-03816,Professional,Healthcare,Enterprise,APAC,2026-01-16,Control,0,0,10,0,450,0.7287,0.1836,4,2,0,0.5145,33,2639,2026-01
CUST-03817,Professional,Education,SMB,Europe,2026-01-25,Treatment,0,0,12,1,312,0.7929,0.1249,3,2,1,0.5267,37,3297,2026-01
CUST-03818,Starter,Professional Services,Mid-Market,North America,2025-10-18,Control,0,0,3,1,315,0.707,0.1394,2,3,0,0.581,36,1346,2025-10
CUST-03819,Professional,Professional Services,SMB,Europe,2026-01-11,Treatment,1,3,6,3,452,0.8914,0.0723,5,7,0,0.1959,71,3199,2026-01
CUST-03820,Business,Education,Mid-Market,APAC,2026-02-16,Treatment,0,0,20,4,396,0.7291,0.1573,3,7,0,0.425,46,7454,2026-02
CUST-03821,Business,Healthcare,Enterprise,North America,2025-11-04,Treatment,0,0,21,3,470,0.7394,0.1581,4,6,1,0.2989,50,7150,2025-11
CUST-03822,Professional,Healthcare,Enterprise,Europe,2026-02-26,Control,0,0,13,0,467,0.7578,0.1823,3,4,1,0.3835,46,3096,2026-02
CUST-03823,Professional,Financial Services,SMB,APAC,2025-12-26,Control,0,0,9,2,380,0.7857,0.1407,4,6,1,0.5484,42,3074,2025-12
CUST-03824,Starter,Professional Services,Mid-Market,North America,2025-12-20,Control,0,0,2,0,419,0.7586,0.197,2,6,1,0.3455,44,1336,2025-12
CUST-03825,Business,Education,SMB,North America,2026-02-16,Treatment,0,0,18,3,366,0.6706,0.1955,4,5,1,0.331,43,7916,2026-02
CUST-03826,Professional,Education,Mid-Market,Europe,2025-10-09,Treatment,0,0,21,0,463,0.8582,0.1824,4,9,1,0.1414,59,2438,2025-10
CUST-03827,Starter,Professional Services,SMB,Europe,2026-02-28,Treatment,0,0,6,0,418,0.6674,0.2026,3,2,1,0.4949,34,1266,2026-02
CUST-03828,Professional,Education,Mid-Market,North America,2026-01-16,Control,0,0,9,0,478,0.6606,0.1555,4,6,1,0.2935,47,2850,2026-01
CUST-03829,Enterprise,SaaS,SMB,Europe,2025-10-03,Control,0,0,8,2,357,0.5994,0.1228,3,4,0,0.5565,37,14025,2025-10
CUST-03830,Professional,Education,SMB,North America,2026-02-26,Control,1,3,10,6,355,0.7896,0.0578,5,9,0,0.1715,70,2547,2026-02
CUST-03831,Professional,SaaS,SMB,APAC,2025-10-11,Control,1,3,14,10,330,0.7702,0.0948,6,12,1,0.1177,74,2749,2025-10
CUST-03832,Professional,E-commerce,SMB,APAC,2025-10-03,Control,0,0,10,1,486,0.7354,0.1503,3,5,0,0.5803,39,2419,2025-10
CUST-03833,Professional,SaaS,SMB,APAC,2026-01-28,Control,0,0,10,2,395,0.6637,0.1417,3,5,1,0.4243,41,2898,2026-01
CUST-03834,Professional,E-commerce,Mid-Market,North America,2025-12-08,Control,1,2,18,10,365,0.942,0.1102,4,5,0,0.4392,60,3461,2025-12
CUST-03835,Starter,Healthcare,Mid-Market,North America,2026-02-21,Treatment,0,0,7,0,400,0.6831,0.1566,4,9,1,0.1514,55,1200,2026-02
CUST-03836,Professional,SaaS,Mid-Market,Europe,2025-10-15,Control,0,0,16,1,470,0.683,0.127,1,3,1,0.7079,31,2555,2025-10
CUST-03837,Professional,Financial Services,Mid-Market,North America,2026-02-16,Control,1,1,13,6,542,0.8043,0.0603,5,4,1,0.3718,57,2648,2026-02
CUST-03838,Starter,Professional Services,SMB,North America,2025-10-06,Treatment,0,0,10,0,548,0.76,0.185,3,5,1,0.3574,45,1588,2025-10
CUST-03839,Business,SaaS,SMB,North America,2026-02-26,Treatment,0,0,17,1,445,0.8268,0.124,5,5,1,0.4888,38,7691,2026-02
CUST-03840,Starter,Financial Services,SMB,North America,2026-03-04,Control,0,0,10,1,351,0.772,0.1269,5,7,1,0.1884,54,1236,2026-03
CUST-03841,Professional,SaaS,SMB,Europe,2025-12-31,Treatment,1,4,7,7,312,0.8506,0.1189,3,5,1,0.1658,64,3022,2025-12
CUST-03842,Professional,SaaS,Mid-Market,North America,2026-01-17,Control,1,4,9,3,404,0.8196,0.1089,4,6,1,0.2571,64,2415,2026-01
CUST-03843,Professional,SaaS,Mid-Market,North America,2026-02-03,Treatment,0,0,8,0,282,0.6645,0.1967,3,3,0,0.4807,35,2440,2026-02
CUST-03844,Professional,Financial Services,Mid-Market,North America,2025-10-04,Treatment,0,0,15,1,370,0.6807,0.1807,1,7,0,0.2706,47,2627,2025-10
CUST-03845,Enterprise,Professional Services,Mid-Market,North America,2025-10-24,Control,0,0,38,5,448,0.5775,0.1751,4,7,0,0.4051,47,14734,2025-10
CUST-03846,Professional,Financial Services,SMB,North America,2025-10-20,Treatment,0,0,8,1,314,0.7049,0.1663,3,6,1,0.3429,44,2671,2025-10
CUST-03847,Business,Professional Services,Mid-Market,APAC,2025-11-29,Control,0,0,11,1,433,0.7812,0.1667,4,7,1,0.3268,47,7385,2025-11
CUST-03848,Business,Financial Services,SMB,APAC,2025-11-04,Control,0,0,16,1,375,0.7092,0.1871,3,7,1,0.4384,50,8469,2025-11
CUST-03849,Starter,Professional Services,Mid-Market,LATAM,2025-11-30,Control,0,0,15,0,375,0.7646,0.1383,3,3,1,0.4802,38,1402,2025-11
CUST-03850,Starter,Education,SMB,North America,2025-12-09,Control,1,5,4,3,397,0.962,0.0833,4,6,0,0.3325,64,1127,2025-12
CUST-03851,Professional,Healthcare,SMB,North America,2025-10-28,Control,0,0,13,0,497,0.7385,0.1331,4,7,1,0.3014,47,2922,2025-10
CUST-03852,Starter,SaaS,SMB,North America,2025-11-08,Control,0,0,6,1,395,0.7759,0.1655,4,5,1,0.511,39,1254,2025-11
CUST-03853,Professional,SaaS,SMB,Europe,2025-12-31,Control,0,0,6,3,453,0.7393,0.1771,4,7,1,0.2819,51,3081,2025-12
CUST-03854,Professional,Financial Services,SMB,Europe,2025-11-24,Control,0,0,13,1,423,0.6646,0.1721,5,8,1,0.2695,47,3027,2025-11
CUST-03855,Professional,E-commerce,SMB,Europe,2026-01-22,Control,0,0,8,1,339,0.7129,0.1349,3,6,1,0.3256,44,3241,2026-01
CUST-03856,Starter,SaaS,Mid-Market,North America,2025-11-24,Control,0,0,9,0,471,0.6429,0.1881,5,8,1,0.3607,49,1317,2025-11
CUST-03857,Business,Education,Enterprise,Europe,2026-02-28,Control,0,0,14,1,477,0.7979,0.1443,4,5,0,0.3967,44,8371,2026-02
CUST-03858,Professional,Education,SMB,LATAM,2026-02-17,Control,0,0,7,0,432,0.8043,0.1534,4,6,1,0.3921,45,3019,2026-02
CUST-03859,Business,SaaS,SMB,North America,2026-01-25,Treatment,0,0,18,0,340,0.7226,0.1844,6,7,1,0.4133,48,8305,2026-01
CUST-03860,Starter,SaaS,Mid-Market,APAC,2025-12-27,Treatment,1,6,23,14,285,0.9516,0.0916,4,6,1,0.3761,65,854,2025-12
CUST-03861,Professional,SaaS,SMB,Europe,2026-03-02,Control,0,0,8,1,428,0.7119,0.1543,3,5,1,0.4591,39,3051,2026-03
CUST-03862,Starter,Healthcare,Mid-Market,North America,2025-11-16,Control,1,9,3,2,398,0.8798,0.1529,2,5,1,0.3838,57,1299,2025-11
CUST-03863,Professional,Professional Services,SMB,LATAM,2025-11-01,Treatment,0,0,13,2,438,0.7102,0.1681,4,7,1,0.3027,48,2636,2025-11
CUST-03864,Professional,Financial Services,SMB,APAC,2025-12-08,Treatment,0,0,20,0,290,0.7657,0.161,5,6,0,0.4945,41,3446,2025-12
CUST-03865,Enterprise,SaaS,SMB,Europe,2026-02-25,Treatment,0,0,15,0,362,0.6435,0.1538,2,6,1,0.2582,49,12367,2026-02
CUST-03866,Professional,E-commerce,SMB,North America,2026-01-06,Treatment,1,5,10,8,324,0.7704,0.0805,3,3,1,0.2928,58,2409,2026-01
CUST-03867,Professional,SaaS,Mid-Market,North America,2025-10-08,Treatment,0,0,18,6,445,0.7353,0.1616,3,7,1,0.3908,51,3020,2025-10
CUST-03868,Starter,Healthcare,Mid-Market,Europe,2025-10-02,Control,0,0,7,1,402,0.798,0.1407,3,2,1,0.5603,33,883,2025-10
CUST-03869,Professional,Healthcare,SMB,North America,2026-01-19,Control,0,0,12,1,467,0.7338,0.1397,4,6,0,0.2682,44,3012,2026-01
CUST-03870,Professional,Financial Services,Enterprise,North America,2025-12-09,Treatment,1,9,18,14,301,0.9193,0.08,2,8,0,0.2944,66,3507,2025-12
CUST-03871,Professional,E-commerce,SMB,North America,2025-10-11,Treatment,1,3,9,8,248,0.781,0.1075,3,6,0,0.1265,65,2995,2025-10
CUST-03872,Starter,Education,SMB,North America,2025-10-13,Treatment,1,4,11,6,419,0.7359,0.1155,5,6,1,0.435,56,1099,2025-10
CUST-03873,Starter,SaaS,Enterprise,Europe,2025-10-17,Treatment,0,0,14,2,388,0.8796,0.1158,4,7,0,0.2597,54,1352,2025-10
CUST-03874,Starter,Professional Services,Enterprise,Europe,2025-12-11,Control,0,0,13,1,408,0.6087,0.1673,3,3,1,0.6531,34,919,2025-12
CUST-03875,Enterprise,SaaS,SMB,North America,2025-12-23,Control,0,0,13,5,315,0.6962,0.1557,3,4,1,0.4257,44,16857,2025-12
CUST-03876,Professional,Healthcare,SMB,Europe,2026-01-21,Treatment,0,0,11,0,418,0.7293,0.2238,2,3,1,0.3607,39,2988,2026-01
CUST-03877,Starter,Education,SMB,North America,2025-10-21,Treatment,1,7,5,2,397,0.7865,0.0838,5,5,1,0.2418,60,997,2025-10
CUST-03878,Enterprise,Financial Services,SMB,North America,2026-03-09,Treatment,1,2,13,10,358,0.8451,0.0616,5,8,1,0.2067,68,15200,2026-03
CUST-03879,Starter,SaaS,Mid-Market,North America,2026-01-21,Treatment,0,0,5,1,434,0.7379,0.1793,3,8,1,0.1857,56,1202,2026-01
CUST-03880,Professional,E-commerce,SMB,North America,2026-02-21,Treatment,1,4,5,3,416,0.98,0.1085,2,5,1,0.5293,55,3096,2026-02
CUST-03881,Business,Professional Services,Mid-Market,North America,2026-02-02,Control,0,0,6,0,479,0.7109,0.1544,4,4,1,0.6194,33,9312,2026-02
CUST-03882,Business,Education,SMB,Europe,2025-12-01,Control,0,0,11,0,414,0.7588,0.1712,3,3,0,0.6483,32,7280,2025-12
CUST-03883,Business,Financial Services,SMB,North America,2025-11-09,Control,0,0,7,0,503,0.7342,0.1883,4,4,1,0.4768,38,7215,2025-11
CUST-03884,Professional,SaaS,SMB,Europe,2025-10-01,Control,0,0,9,3,317,0.5356,0.1924,4,3,0,0.5472,31,2787,2025-10
CUST-03885,Enterprise,E-commerce,SMB,North America,2025-10-21,Treatment,0,0,19,0,462,0.659,0.1739,4,4,1,0.5237,38,14706,2025-10
CUST-03886,Starter,SaaS,Mid-Market,Europe,2026-02-10,Control,0,0,5,0,413,0.553,0.1439,1,3,1,0.4147,38,1498,2026-02
CUST-03887,Enterprise,SaaS,Enterprise,Europe,2025-10-09,Treatment,1,5,11,9,348,0.7454,0.0579,2,4,0,0.4804,52,18162,2025-10
CUST-03888,Business,Financial Services,Enterprise,North America,2025-11-10,Control,1,3,20,15,332,0.794,0.0736,5,6,1,0.2161,65,6284,2025-11
CUST-03889,Enterprise,Professional Services,Mid-Market,Europe,2025-12-04,Treatment,0,0,21,4,427,0.8216,0.1844,4,8,1,0.2808,54,16451,2025-12
CUST-03890,Starter,SaaS,SMB,Europe,2026-01-05,Control,1,7,6,3,480,0.9149,0.1039,3,7,1,0.2514,68,1132,2026-01
CUST-03891,Starter,Professional Services,Enterprise,North America,2025-11-27,Treatment,0,0,16,0,483,0.9289,0.1145,5,6,1,0.3234,50,1225,2025-11
CUST-03892,Professional,Financial Services,Enterprise,Europe,2025-11-17,Control,0,0,20,6,439,0.7345,0.111,2,2,0,0.5593,36,2215,2025-11
CUST-03893,Professional,Professional Services,Mid-Market,APAC,2025-10-13,Control,0,0,11,0,403,0.73,0.0956,2,6,0,0.3546,44,2457,2025-10
CUST-03894,Professional,SaaS,SMB,North America,2025-12-20,Control,0,0,10,1,494,0.6116,0.1716,2,5,1,0.486,38,2937,2025-12
CUST-03895,Enterprise,Healthcare,SMB,APAC,2026-01-14,Treatment,0,0,12,1,428,0.6722,0.1511,3,3,0,0.6563,31,17415,2026-01
CUST-03896,Professional,SaaS,Mid-Market,North America,2025-11-09,Treatment,1,6,14,11,298,0.872,0.0809,5,3,1,0.4571,56,2955,2025-11
CUST-03897,Starter,SaaS,SMB,Europe,2025-11-29,Treatment,1,2,15,12,309,0.9619,0.0887,8,11,1,0.01,82,1035,2025-11
CUST-03898,Professional,Healthcare,SMB,APAC,2026-02-15,Treatment,0,0,12,0,499,0.839,0.1492,1,1,0,0.4869,31,3175,2026-02
CUST-03899,Starter,Healthcare,SMB,LATAM,2025-10-28,Control,0,0,13,3,456,0.6782,0.1462,2,4,1,0.5391,39,1160,2025-10
CUST-03900,Starter,SaaS,SMB,Europe,2026-02-24,Control,0,0,10,1,473,0.6348,0.1957,3,4,0,0.6054,35,1158,2026-02
CUST-03901,Starter,SaaS,SMB,Europe,2025-10-26,Control,1,9,26,18,369,0.662,0.1104,6,8,1,0.1462,66,1080,2025-10
CUST-03902,Business,Education,Mid-Market,North America,2026-03-08,Control,0,0,15,1,359,0.7208,0.1835,2,5,1,0.4732,42,8965,2026-03
CUST-03903,Business,Professional Services,Mid-Market,North America,2025-11-15,Control,0,0,10,0,313,0.8835,0.1987,1,3,0,0.5671,37,7259,2025-11
CUST-03904,Professional,Healthcare,SMB,APAC,2026-01-02,Treatment,1,4,14,10,314,0.7662,0.1178,4,6,1,0.4646,57,3414,2026-01
CUST-03905,Professional,Education,SMB,North America,2026-01-29,Treatment,0,0,12,0,329,0.6764,0.135,4,1,0,0.5976,34,2897,2026-01
CUST-03906,Professional,SaaS,Enterprise,APAC,2025-10-17,Control,1,3,13,8,495,0.7869,0.1047,3,5,0,0.3452,61,2433,2025-10
CUST-03907,Business,Healthcare,SMB,North America,2026-01-25,Treatment,0,0,8,2,363,0.7049,0.1143,1,2,1,0.4452,38,7835,2026-01
CUST-03908,Business,Professional Services,SMB,North America,2025-11-07,Treatment,1,6,11,9,323,0.8134,0.0707,5,5,1,0.1911,61,8019,2025-11
CUST-03909,Professional,E-commerce,SMB,North America,2025-12-31,Control,1,5,12,7,339,0.6054,0.1144,6,8,1,0.3195,61,2514,2025-12
CUST-03910,Business,SaaS,SMB,North America,2025-12-02,Treatment,0,0,18,5,294,0.6479,0.1445,4,7,1,0.3219,46,8500,2025-12
CUST-03911,Professional,Healthcare,Mid-Market,North America,2025-11-08,Treatment,0,0,11,2,297,0.6957,0.1712,3,6,0,0.2658,46,2848,2025-11
CUST-03912,Professional,E-commerce,SMB,North America,2026-01-25,Treatment,0,0,12,0,499,0.7485,0.2009,3,1,0,0.8054,29,3480,2026-01
CUST-03913,Business,Financial Services,Mid-Market,LATAM,2026-01-21,Treatment,0,0,16,1,504,0.6813,0.1584,3,3,1,0.3747,41,7725,2026-01
CUST-03914,Professional,Healthcare,SMB,APAC,2025-10-22,Control,0,0,15,1,471,0.7438,0.1533,4,6,0,0.4077,46,2757,2025-10
CUST-03915,Professional,E-commerce,Enterprise,Europe,2025-10-14,Control,0,0,17,3,426,0.6767,0.153,2,4,1,0.5771,37,2825,2025-10
CUST-03916,Starter,SaaS,Mid-Market,North America,2025-12-05,Treatment,0,0,5,0,344,0.7942,0.1504,2,5,0,0.4015,45,1470,2025-12
CUST-03917,Professional,E-commerce,SMB,North America,2025-11-05,Control,1,6,10,5,447,0.8327,0.0785,4,6,1,0.127,64,3295,2025-11
CUST-03918,Professional,SaaS,Mid-Market,Europe,2025-11-20,Control,0,0,6,1,400,0.7423,0.1571,2,3,1,0.5585,38,3105,2025-11
CUST-03919,Professional,Education,SMB,North America,2025-10-31,Control,0,0,13,0,440,0.7921,0.1688,3,5,1,0.3636,46,3341,2025-10
CUST-03920,Professional,Professional Services,Enterprise,North America,2026-03-03,Control,0,0,24,5,412,0.7739,0.1534,2,6,1,0.3755,49,3353,2026-03
CUST-03921,Starter,Healthcare,Mid-Market,LATAM,2025-10-04,Control,0,0,16,0,453,0.682,0.1532,6,4,1,0.3214,45,1375,2025-10
CUST-03922,Business,Professional Services,SMB,North America,2026-01-12,Treatment,0,0,24,2,458,0.663,0.1619,5,8,1,0.1704,55,9124,2026-01
CUST-03923,Professional,SaaS,SMB,APAC,2026-01-30,Treatment,0,0,7,0,402,0.8356,0.1316,3,3,0,0.5179,36,3544,2026-01
CUST-03924,Enterprise,Healthcare,Enterprise,North America,2025-11-17,Control,0,0,29,1,465,0.9089,0.155,2,4,1,0.4784,42,20489,2025-11
CUST-03925,Starter,E-commerce,Mid-Market,North America,2025-11-23,Control,1,3,8,7,336,0.9022,0.1068,5,9,1,0.1677,70,1140,2025-11
CUST-03926,Professional,E-commerce,SMB,North America,2025-11-12,Treatment,0,0,9,1,459,0.8202,0.1308,3,7,1,0.397,49,2801,2025-11
CUST-03927,Professional,Professional Services,SMB,LATAM,2025-12-30,Treatment,0,0,7,1,458,0.6469,0.1725,2,6,1,0.406,41,3831,2025-12
CUST-03928,Business,Education,SMB,Europe,2026-03-02,Treatment,1,1,16,15,251,0.7961,0.1077,6,7,0,0.3761,61,7833,2026-03
CUST-03929,Starter,Healthcare,Mid-Market,Europe,2026-02-18,Treatment,0,0,12,0,412,0.7057,0.2052,1,3,1,0.5012,36,1158,2026-02
CUST-03930,Business,Healthcare,Mid-Market,North America,2026-01-12,Control,1,2,18,7,264,0.7829,0.0984,4,7,1,0.3466,62,7053,2026-01
CUST-03931,Professional,Financial Services,Mid-Market,APAC,2025-11-03,Treatment,1,5,18,14,271,0.7448,0.0715,6,9,1,0.184,70,3178,2025-11
CUST-03932,Professional,Healthcare,SMB,Europe,2026-01-07,Treatment,0,0,10,2,400,0.7569,0.1587,3,5,1,0.5548,35,2765,2026-01
CUST-03933,Professional,SaaS,Mid-Market,Europe,2025-12-09,Treatment,1,5,13,5,376,0.8378,0.077,6,6,1,0.1788,65,2702,2025-12
CUST-03934,Starter,Education,SMB,Europe,2025-10-20,Treatment,0,0,5,0,396,0.6564,0.1553,3,3,0,0.5575,34,1226,2025-10
CUST-03935,Professional,Professional Services,Mid-Market,Europe,2025-11-29,Control,1,1,15,6,419,0.7503,0.0574,3,6,1,0.2536,62,3091,2025-11
CUST-03936,Starter,Education,SMB,Europe,2025-11-10,Control,0,0,11,1,383,0.7455,0.1583,2,3,1,0.7072,29,1251,2025-11
CUST-03937,Professional,SaaS,Mid-Market,North America,2025-12-21,Treatment,0,0,9,2,331,0.727,0.1918,1,2,1,0.4755,34,2697,2025-12
CUST-03938,Professional,SaaS,SMB,APAC,2025-10-13,Control,0,0,14,0,326,0.6814,0.1931,4,8,0,0.2643,50,2758,2025-10
CUST-03939,Professional,E-commerce,Mid-Market,North America,2026-01-15,Treatment,0,0,15,2,310,0.7134,0.1769,4,7,1,0.2295,48,3350,2026-01
CUST-03940,Starter,Education,Enterprise,LATAM,2025-11-04,Control,0,0,13,3,346,0.6246,0.1403,5,6,1,0.3153,45,1205,2025-11
CUST-03941,Starter,SaaS,Mid-Market,North America,2026-02-13,Treatment,0,0,6,1,359,0.7829,0.1732,4,4,1,0.4857,38,1487,2026-02
CUST-03942,Starter,SaaS,SMB,North America,2025-10-07,Treatment,0,0,6,1,478,0.698,0.1555,3,6,1,0.4197,45,1222,2025-10
CUST-03943,Starter,SaaS,Mid-Market,North America,2026-01-31,Control,0,0,13,1,414,0.6953,0.1527,4,6,1,0.6392,37,1168,2026-01
CUST-03944,Professional,Professional Services,SMB,Europe,2026-03-08,Control,0,0,6,1,344,0.7679,0.1899,1,4,1,0.5013,40,2476,2026-03
CUST-03945,Starter,Professional Services,SMB,North America,2025-12-12,Treatment,1,4,9,9,389,0.8936,0.0823,6,10,1,0.1605,74,1075,2025-12
CUST-03946,Business,Financial Services,Mid-Market,APAC,2025-10-08,Control,1,8,7,5,408,0.8101,0.0813,7,7,0,0.1806,68,6721,2025-10
CUST-03947,Starter,SaaS,Mid-Market,Europe,2026-01-04,Control,0,0,5,0,387,0.6798,0.172,3,5,1,0.374,42,1235,2026-01
CUST-03948,Starter,Professional Services,SMB,North America,2025-12-01,Treatment,0,0,3,0,481,0.7619,0.1264,1,2,0,0.7097,26,998,2025-12
CUST-03949,Business,E-commerce,Enterprise,North America,2026-02-24,Control,0,0,15,2,458,0.7346,0.1558,2,6,0,0.3779,44,7580,2026-02
CUST-03950,Starter,SaaS,SMB,Europe,2025-12-06,Treatment,0,0,12,1,388,0.7549,0.1921,5,10,1,0.285,56,1226,2025-12
CUST-03951,Professional,Healthcare,Enterprise,APAC,2025-11-02,Control,1,7,24,16,360,0.8747,0.1275,5,11,0,0.0853,78,2549,2025-11
CUST-03952,Enterprise,E-commerce,Mid-Market,North America,2025-12-31,Control,0,0,23,5,376,0.7408,0.1382,5,7,0,0.4142,49,15564,2025-12
CUST-03953,Enterprise,Healthcare,Enterprise,LATAM,2025-10-20,Control,0,0,16,1,436,0.8367,0.1358,4,8,0,0.2147,53,14426,2025-10
CUST-03954,Business,Education,Mid-Market,North America,2025-10-13,Treatment,0,0,15,1,279,0.6837,0.1457,4,5,0,0.5677,39,7667,2025-10
CUST-03955,Starter,E-commerce,Enterprise,Europe,2025-10-17,Treatment,0,0,10,2,449,0.6751,0.0787,4,6,1,0.2308,49,1146,2025-10
CUST-03956,Professional,Healthcare,Mid-Market,Europe,2025-11-30,Control,0,0,9,1,324,0.8016,0.203,5,7,1,0.321,49,3468,2025-11
CUST-03957,Enterprise,Financial Services,SMB,North America,2026-02-06,Control,1,7,18,9,339,0.8703,0.108,6,8,1,0.0953,75,12484,2026-02
CUST-03958,Enterprise,Financial Services,SMB,North America,2025-12-27,Treatment,1,3,9,7,474,0.8223,0.0626,3,5,0,0.3944,54,18607,2025-12
CUST-03959,Starter,SaaS,Mid-Market,Europe,2026-01-02,Treatment,0,0,9,3,370,0.7287,0.1261,2,5,0,0.4532,41,1000,2026-01
CUST-03960,Professional,Financial Services,SMB,North America,2025-11-15,Control,1,4,12,8,385,0.7861,0.0906,6,8,1,0.1598,69,3302,2025-11
CUST-03961,Starter,SaaS,Enterprise,North America,2025-10-26,Control,0,0,9,2,420,0.7139,0.1693,2,5,1,0.588,37,1018,2025-10
CUST-03962,Starter,Healthcare,SMB,North America,2026-03-03,Control,1,4,15,8,394,0.7114,0.1418,4,6,1,0.2074,64,1263,2026-03
CUST-03963,Professional,Financial Services,Mid-Market,Europe,2025-10-29,Treatment,1,9,15,8,351,0.748,0.0781,5,8,1,0.2945,67,3354,2025-10
CUST-03964,Starter,E-commerce,SMB,North America,2025-12-30,Treatment,0,0,6,1,426,0.7176,0.1659,5,7,1,0.3314,48,1138,2025-12
CUST-03965,Professional,Healthcare,Mid-Market,North America,2025-12-13,Treatment,0,0,7,1,399,0.6045,0.1484,3,5,1,0.2928,44,3183,2025-12
CUST-03966,Starter,SaaS,Enterprise,LATAM,2025-11-10,Treatment,1,5,10,7,269,0.6373,0.0859,4,6,1,0.3705,57,1096,2025-11
CUST-03967,Professional,E-commerce,SMB,Europe,2025-12-21,Control,0,0,7,1,339,0.6009,0.2073,3,6,1,0.4267,41,3425,2025-12
CUST-03968,Starter,Healthcare,Mid-Market,Europe,2025-11-30,Treatment,0,0,16,5,381,0.8241,0.2288,5,5,1,0.4002,43,1075,2025-11
CUST-03969,Professional,Education,SMB,North America,2026-02-24,Treatment,0,0,5,0,441,0.8834,0.1778,4,2,1,0.5586,34,2711,2026-02
CUST-03970,Starter,E-commerce,Mid-Market,North America,2026-03-09,Control,0,0,4,0,442,0.7521,0.1272,3,1,1,0.6963,26,1206,2026-03
CUST-03971,Enterprise,Education,Mid-Market,North America,2025-12-14,Treatment,1,6,24,18,368,0.8208,0.1136,5,5,1,0.4045,61,17593,2025-12
CUST-03972,Starter,Healthcare,SMB,North America,2026-02-02,Control,0,0,5,0,412,0.8217,0.1612,2,3,0,0.6067,36,1097,2026-02
CUST-03973,Professional,Professional Services,SMB,North America,2025-10-31,Treatment,1,6,11,9,349,0.7221,0.0972,5,8,0,0.2319,65,2930,2025-10
CUST-03974,Starter,SaaS,SMB,North America,2025-11-09,Treatment,1,6,10,8,375,0.8344,0.0867,5,7,1,0.3358,63,1150,2025-11
CUST-03975,Starter,Healthcare,SMB,Europe,2026-03-02,Treatment,0,0,5,1,346,0.7549,0.1461,3,5,0,0.4526,45,1367,2026-03
CUST-03976,Starter,SaaS,Mid-Market,North America,2026-01-27,Control,1,5,10,6,373,0.7895,0.1034,5,8,0,0.1903,67,1336,2026-01
CUST-03977,Starter,SaaS,SMB,North America,2026-01-10,Treatment,0,0,5,0,461,0.5814,0.1462,1,3,0,0.4523,35,1070,2026-01
CUST-03978,Starter,Education,Enterprise,APAC,2025-12-20,Control,0,0,7,0,417,0.8188,0.1535,2,4,1,0.4732,40,845,2025-12
CUST-03979,Professional,Financial Services,Enterprise,North America,2026-03-09,Control,0,0,19,0,357,0.6841,0.1613,5,8,0,0.3024,53,2443,2026-03
CUST-03980,Professional,Financial Services,Enterprise,Europe,2025-11-03,Treatment,0,0,16,0,356,0.6737,0.1678,5,7,1,0.2296,54,3539,2025-11
CUST-03981,Starter,E-commerce,Mid-Market,North America,2025-10-04,Control,1,8,13,7,444,0.6891,0.0536,5,8,1,0.1468,69,1459,2025-10
CUST-03982,Professional,E-commerce,SMB,Europe,2025-10-18,Treatment,1,2,7,2,385,0.8572,0.0996,6,8,1,0.3291,64,2858,2025-10
CUST-03983,Professional,Financial Services,Mid-Market,North America,2025-12-30,Control,1,9,13,10,278,0.8393,0.0788,7,7,0,0.1277,68,2903,2025-12
CUST-03984,Starter,Professional Services,Mid-Market,North America,2025-12-11,Treatment,1,9,14,12,295,0.8532,0.1037,7,5,0,0.2805,61,1205,2025-12
CUST-03985,Professional,Financial Services,Enterprise,APAC,2025-10-07,Treatment,0,0,19,2,311,0.6933,0.2155,6,8,0,0.3245,52,2998,2025-10
CUST-03986,Starter,Professional Services,SMB,North America,2026-02-18,Control,1,9,9,8,260,0.7856,0.069,6,8,0,0.0782,69,1391,2026-02
CUST-03987,Starter,Healthcare,SMB,North America,2025-10-11,Treatment,1,7,11,9,370,0.7539,0.0886,5,5,1,0.2864,59,1384,2025-10
CUST-03988,Professional,Education,Enterprise,North America,2025-10-14,Control,1,4,14,8,338,0.8288,0.081,4,7,0,0.3245,65,2586,2025-10
CUST-03989,Enterprise,SaaS,Mid-Market,North America,2025-11-19,Treatment,1,4,31,27,279,0.8337,0.0768,6,6,0,0.3649,63,14457,2025-11
CUST-03990,Enterprise,Healthcare,SMB,North America,2025-10-31,Treatment,1,6,14,10,428,0.8093,0.0611,3,4,0,0.5117,53,16245,2025-10
CUST-03991,Enterprise,Education,Mid-Market,Europe,2026-01-23,Treatment,1,3,23,17,341,0.7357,0.0937,4,7,1,0.2175,67,20238,2026-01
CUST-03992,Professional,SaaS,SMB,North America,2025-11-26,Treatment,1,5,8,4,378,0.7841,0.0672,4,6,0,0.4252,61,3162,2025-11
CUST-03993,Starter,SaaS,SMB,Europe,2026-01-12,Treatment,0,0,7,1,441,0.6111,0.2017,2,7,1,0.4441,45,1232,2026-01
CUST-03994,Professional,Healthcare,SMB,APAC,2025-11-25,Treatment,1,5,12,9,275,0.7592,0.0982,5,6,0,0.2987,60,2863,2025-11
CUST-03995,Starter,E-commerce,SMB,North America,2026-02-13,Treatment,0,0,4,0,339,0.6636,0.1288,5,4,1,0.3694,36,1060,2026-02
CUST-03996,Starter,Education,SMB,APAC,2026-02-28,Control,0,0,8,2,395,0.7106,0.1694,4,4,0,0.5152,36,1081,2026-02
CUST-03997,Starter,Professional Services,SMB,North America,2025-12-17,Control,0,0,9,0,227,0.751,0.1627,4,7,0,0.3842,52,1090,2025-12
CUST-03998,Professional,E-commerce,SMB,North America,2025-10-26,Treatment,0,0,12,1,516,0.7167,0.132,5,7,1,0.3282,48,3433,2025-10
CUST-03999,Professional,Education,SMB,Europe,2026-02-23,Control,1,2,10,6,390,0.7617,0.0892,6,8,0,0.299,60,3476,2026-02
CUST-04000,Starter,Financial Services,SMB,Europe,2025-11-14,Control,0,0,4,1,388,0.7083,0.1656,2,1,1,0.5666,32,1349,2025-11
CUST-04001,Business,Education,Mid-Market,North America,2025-10-31,Treatment,0,0,11,2,423,0.7418,0.214,3,4,0,0.4282,41,7013,2025-10
CUST-04002,Professional,SaaS,Mid-Market,LATAM,2026-02-14,Treatment,0,0,12,2,434,0.7637,0.1327,5,6,1,0.2863,48,2976,2026-02
CUST-04003,Business,E-commerce,Mid-Market,LATAM,2025-10-31,Control,0,0,8,0,428,0.8373,0.1692,1,6,0,0.2145,50,10654,2025-10
CUST-04004,Starter,SaaS,SMB,North America,2026-01-24,Control,0,0,6,0,455,0.9201,0.1309,2,3,0,0.497,38,1304,2026-01
CUST-04005,Professional,SaaS,SMB,Europe,2025-10-06,Control,0,0,7,1,465,0.8461,0.1516,1,4,0,0.4519,41,2880,2025-10
CUST-04006,Starter,Financial Services,Mid-Market,Europe,2025-11-08,Control,0,0,7,1,496,0.7293,0.1351,5,6,1,0.5238,41,1058,2025-11
CUST-04007,Professional,SaaS,Mid-Market,LATAM,2025-11-19,Control,1,2,21,12,323,0.7352,0.1265,6,9,1,0.2253,68,3281,2025-11
CUST-04008,Starter,E-commerce,Enterprise,Europe,2025-10-12,Treatment,0,0,9,1,334,0.7005,0.1923,2,4,1,0.4126,42,1247,2025-10
CUST-04009,Starter,Financial Services,Enterprise,North America,2025-11-24,Control,1,5,5,2,316,0.826,0.1181,4,4,1,0.3591,55,1092,2025-11
CUST-04010,Professional,SaaS,Mid-Market,Europe,2025-11-17,Treatment,0,0,17,0,421,0.6961,0.1445,1,8,1,0.2914,50,3228,2025-11
CUST-04011,Starter,E-commerce,Enterprise,North America,2025-11-26,Treatment,0,0,15,0,309,0.7036,0.1392,2,6,0,0.3634,46,1060,2025-11
CUST-04012,Starter,Financial Services,SMB,Europe,2025-11-14,Control,1,1,4,4,273,0.8616,0.0906,3,7,1,0.3317,61,1475,2025-11
CUST-04013,Enterprise,Education,Mid-Market,Europe,2026-01-03,Treatment,1,4,28,23,379,0.819,0.1368,6,8,0,0.291,67,15378,2026-01
CUST-04014,Starter,Healthcare,Enterprise,Europe,2025-12-16,Control,0,0,11,0,383,0.7554,0.1853,3,5,1,0.3286,45,1320,2025-12
CUST-04015,Professional,Education,Mid-Market,North America,2025-11-29,Treatment,0,0,12,1,396,0.712,0.2216,5,6,1,0.5351,40,3528,2025-11
CUST-04016,Professional,Professional Services,SMB,North America,2026-03-06,Treatment,0,0,12,0,498,0.5693,0.1523,3,3,1,0.6207,33,2765,2026-03
CUST-04017,Starter,Financial Services,SMB,Europe,2025-12-15,Treatment,0,0,8,1,457,0.5692,0.1599,5,4,1,0.3678,37,1267,2025-12
CUST-04018,Professional,Healthcare,SMB,North America,2025-12-23,Control,0,0,12,1,417,0.7602,0.1781,2,6,1,0.3433,47,3888,2025-12
CUST-04019,Starter,Financial Services,SMB,North America,2026-02-20,Control,0,0,9,3,329,0.7227,0.1586,4,8,1,0.4382,48,1449,2026-02
CUST-04020,Business,Professional Services,Mid-Market,North America,2026-02-11,Control,0,0,11,1,393,0.7412,0.1586,2,2,1,0.4345,36,5844,2026-02
CUST-04021,Starter,Healthcare,Mid-Market,APAC,2025-12-03,Treatment,0,0,8,0,361,0.752,0.1346,1,4,0,0.4267,40,1274,2025-12
CUST-04022,Starter,Education,SMB,North America,2025-10-26,Control,1,9,6,3,362,0.8273,0.0684,5,8,1,0.2008,70,1429,2025-10
CUST-04023,Starter,Education,Mid-Market,Europe,2025-12-23,Treatment,0,0,11,2,345,0.7259,0.2178,3,7,0,0.2987,50,1365,2025-12
CUST-04024,Business,E-commerce,SMB,North America,2025-12-12,Control,0,0,17,4,397,0.8322,0.1465,5,6,1,0.3946,47,8020,2025-12
CUST-04025,Business,Professional Services,SMB,APAC,2025-11-02,Control,0,0,11,3,372,0.7469,0.1878,3,6,0,0.2352,49,9012,2025-11
CUST-04026,Enterprise,E-commerce,SMB,North America,2025-10-27,Control,1,2,13,12,293,0.8541,0.0485,5,5,0,0.3927,59,16280,2025-10
CUST-04027,Professional,Professional Services,SMB,North America,2025-11-01,Control,0,0,9,0,339,0.6887,0.1614,5,11,1,0.185,60,4244,2025-11
CUST-04028,Professional,Professional Services,Mid-Market,North America,2025-12-25,Treatment,0,0,17,3,485,0.6374,0.134,4,9,1,0.3021,51,2716,2025-12
CUST-04029,Professional,SaaS,Mid-Market,North America,2026-01-23,Control,1,1,19,12,324,0.98,0.0847,5,7,0,0.316,64,3137,2026-01
CUST-04030,Business,SaaS,Mid-Market,APAC,2026-01-08,Control,0,0,11,1,460,0.7955,0.1833,6,7,0,0.4317,44,7044,2026-01
CUST-04031,Professional,Healthcare,SMB,Europe,2025-12-08,Treatment,0,0,12,1,395,0.7498,0.1528,3,7,1,0.328,47,3530,2025-12
CUST-04032,Professional,Education,Mid-Market,Europe,2025-10-06,Control,0,0,21,1,409,0.7111,0.208,3,7,0,0.3157,49,3047,2025-10
CUST-04033,Professional,Healthcare,SMB,Europe,2026-02-02,Treatment,0,0,19,1,410,0.7797,0.1683,6,6,1,0.3434,45,2429,2026-02
CUST-04034,Professional,Education,SMB,APAC,2026-02-14,Treatment,0,0,16,0,391,0.6893,0.165,5,5,0,0.3831,43,2418,2026-02
CUST-04035,Starter,E-commerce,Mid-Market,LATAM,2025-10-02,Treatment,0,0,11,2,395,0.7861,0.1511,1,4,0,0.5207,40,985,2025-10
CUST-04036,Professional,Healthcare,Mid-Market,Europe,2025-12-21,Control,1,2,13,10,384,0.9295,0.0682,4,7,1,0.2816,66,2404,2025-12
CUST-04037,Starter,Education,Enterprise,North America,2025-11-14,Control,1,3,10,8,283,0.8036,0.072,5,7,1,0.1868,67,1318,2025-11
CUST-04038,Business,E-commerce,SMB,North America,2026-02-04,Treatment,1,7,17,13,343,0.9339,0.1022,3,7,0,0.1333,71,7068,2026-02
CUST-04039,Professional,Healthcare,Mid-Market,Europe,2025-12-28,Treatment,0,0,5,1,397,0.7088,0.1411,2,4,1,0.5788,34,3070,2025-12
CUST-04040,Business,SaaS,SMB,Europe,2025-11-14,Control,0,0,13,1,438,0.5875,0.1533,2,4,0,0.5646,34,8093,2025-11
CUST-04041,Professional,SaaS,SMB,Europe,2026-02-01,Control,1,6,12,8,338,0.8757,0.0817,4,3,0,0.4098,54,2490,2026-02
CUST-04042,Business,SaaS,Mid-Market,North America,2025-10-10,Control,0,0,16,2,387,0.7219,0.2022,4,4,1,0.4703,39,7096,2025-10
CUST-04043,Starter,Healthcare,Mid-Market,Europe,2025-10-12,Treatment,0,0,4,0,450,0.7962,0.1641,2,4,0,0.496,35,1573,2025-10
CUST-04044,Enterprise,Financial Services,Mid-Market,North America,2025-10-20,Control,1,4,21,16,264,0.7453,0.0969,5,6,0,0.338,62,18632,2025-10
CUST-04045,Professional,Healthcare,Mid-Market,North America,2026-03-05,Treatment,1,5,14,10,419,0.7711,0.0686,3,7,1,0.4401,60,3230,2026-03
CUST-04046,Starter,SaaS,SMB,APAC,2025-10-29,Control,0,0,7,0,361,0.8375,0.1388,4,7,0,0.2623,51,1272,2025-10
CUST-04047,Starter,SaaS,Enterprise,Europe,2025-10-29,Treatment,0,0,16,3,452,0.7536,0.1341,2,2,0,0.5234,38,1195,2025-10
CUST-04048,Starter,Healthcare,Enterprise,North America,2026-02-12,Control,1,8,4,2,446,0.9298,0.0873,3,8,1,0.2058,71,1063,2026-02
CUST-04049,Professional,Education,SMB,North America,2026-01-26,Control,0,0,14,0,388,0.6798,0.1184,4,5,1,0.4699,40,3705,2026-01
CUST-04050,Business,Healthcare,SMB,Europe,2025-10-18,Control,1,2,8,5,421,0.98,0.1088,5,5,1,0.392,60,6069,2025-10
CUST-04051,Enterprise,SaaS,SMB,North America,2026-01-16,Control,0,0,11,3,369,0.9371,0.1714,4,6,0,0.2612,52,13360,2026-01
CUST-04052,Professional,Financial Services,Mid-Market,North America,2025-12-13,Treatment,0,0,7,0,368,0.7903,0.1295,1,3,0,0.7022,30,3042,2025-12
CUST-04053,Professional,Education,Enterprise,Europe,2026-01-01,Control,1,1,21,14,381,0.8223,0.0841,6,9,0,0.2384,67,3039,2026-01
CUST-04054,Professional,Professional Services,Mid-Market,Europe,2025-12-06,Control,1,7,29,17,413,0.8447,0.1189,5,8,1,0.2115,71,3625,2025-12
CUST-04055,Business,Professional Services,SMB,North America,2025-11-02,Treatment,0,0,11,3,336,0.8136,0.159,2,7,1,0.2572,54,5864,2025-11
CUST-04056,Business,Education,SMB,North America,2026-02-27,Control,1,3,11,6,275,0.8302,0.0588,5,9,0,0.3738,62,7925,2026-02
CUST-04057,Starter,Financial Services,SMB,Europe,2025-11-16,Control,0,0,6,0,419,0.7023,0.1901,3,6,0,0.503,41,1231,2025-11
CUST-04058,Enterprise,Education,SMB,North America,2025-11-29,Control,1,4,17,12,448,0.7529,0.1152,4,5,1,0.333,57,15899,2025-11
CUST-04059,Professional,SaaS,SMB,North America,2026-02-11,Control,0,0,7,1,397,0.5563,0.1905,5,9,1,0.2635,51,2534,2026-02
CUST-04060,Business,Professional Services,SMB,North America,2025-10-17,Treatment,1,5,27,21,423,0.7864,0.0654,5,7,1,0.1383,71,7108,2025-10
CUST-04061,Enterprise,Professional Services,SMB,North America,2026-02-04,Control,1,1,18,13,417,0.6702,0.168,5,6,1,0.256,63,15490,2026-02
CUST-04062,Business,Education,SMB,APAC,2026-02-03,Treatment,1,8,20,15,404,0.7978,0.0988,4,7,1,0.2435,66,10028,2026-02
CUST-04063,Starter,E-commerce,Mid-Market,North America,2026-01-23,Control,0,0,16,0,399,0.8549,0.1582,5,6,0,0.4698,43,1293,2026-01
CUST-04064,Professional,Professional Services,SMB,LATAM,2025-10-30,Control,0,0,4,0,372,0.7243,0.1676,3,5,1,0.4956,41,2601,2025-10
CUST-04065,Starter,SaaS,SMB,North America,2025-11-20,Treatment,0,0,9,0,416,0.6545,0.1813,2,5,1,0.3979,44,1461,2025-11
CUST-04066,Business,Financial Services,Mid-Market,Europe,2025-11-10,Treatment,0,0,12,0,345,0.689,0.199,3,6,1,0.3297,41,8215,2025-11
CUST-04067,Starter,Healthcare,Enterprise,Europe,2025-10-12,Treatment,1,5,18,13,403,0.7448,0.0688,6,6,1,0.391,60,1183,2025-10
CUST-04068,Professional,Financial Services,Mid-Market,Europe,2026-01-14,Control,0,0,5,1,374,0.8661,0.1517,3,2,0,0.5964,35,2972,2026-01
CUST-04069,Business,Financial Services,Mid-Market,APAC,2026-01-06,Control,0,0,17,2,392,0.6775,0.1405,3,5,0,0.4361,40,7042,2026-01
CUST-04070,Starter,Healthcare,Mid-Market,North America,2025-10-19,Treatment,0,0,6,0,398,0.587,0.1189,3,2,0,0.5274,33,1224,2025-10
CUST-04071,Professional,SaaS,Mid-Market,North America,2026-01-04,Treatment,1,3,12,11,302,0.98,0.0964,5,9,1,0.1278,75,3198,2026-01
CUST-04072,Professional,Healthcare,Mid-Market,LATAM,2025-10-26,Control,0,0,24,0,379,0.7148,0.1835,3,6,0,0.4486,44,3031,2025-10
CUST-04073,Professional,Financial Services,SMB,LATAM,2025-11-28,Control,1,4,8,4,396,0.7396,0.0703,6,9,1,0.2248,65,2928,2025-11
CUST-04074,Starter,Financial Services,Mid-Market,LATAM,2026-02-06,Treatment,0,0,13,2,335,0.7307,0.1435,4,7,1,0.2691,48,1237,2026-02
CUST-04075,Starter,Professional Services,SMB,North America,2025-11-22,Control,0,0,13,4,327,0.7111,0.1436,2,7,1,0.3765,49,1300,2025-11
CUST-04076,Professional,SaaS,SMB,North America,2025-11-29,Treatment,0,0,6,2,340,0.7675,0.1847,2,3,0,0.3582,43,3140,2025-11
CUST-04077,Professional,Professional Services,SMB,North America,2025-12-04,Treatment,0,0,12,4,389,0.717,0.1469,1,6,1,0.3453,45,3259,2025-12
CUST-04078,Professional,Financial Services,SMB,Europe,2025-10-09,Control,0,0,13,1,315,0.5587,0.1046,2,4,1,0.5209,36,2705,2025-10
CUST-04079,Starter,SaaS,SMB,North America,2025-12-30,Control,0,0,4,0,369,0.7156,0.162,1,2,0,0.5922,30,1296,2025-12
CUST-04080,Professional,Healthcare,Mid-Market,North America,2026-03-01,Treatment,0,0,15,2,272,0.8009,0.1491,2,3,0,0.515,39,2596,2026-03
CUST-04081,Professional,E-commerce,SMB,Europe,2025-12-04,Treatment,1,4,7,4,283,0.767,0.0633,4,7,1,0.2599,62,3336,2025-12
CUST-04082,Starter,Healthcare,SMB,North America,2026-02-23,Treatment,1,5,5,4,336,0.8682,0.0903,4,4,1,0.3846,58,991,2026-02
CUST-04083,Business,SaaS,SMB,Europe,2026-01-31,Treatment,1,1,9,6,381,0.8855,0.0945,5,8,1,0.2693,68,8609,2026-01
CUST-04084,Starter,SaaS,SMB,North America,2026-01-17,Control,1,2,7,6,358,0.9043,0.0823,6,7,1,0.2963,64,1369,2026-01
CUST-04085,Professional,SaaS,Mid-Market,APAC,2025-10-08,Control,0,0,16,0,408,0.6471,0.1557,5,5,0,0.4386,39,3130,2025-10
CUST-04086,Enterprise,SaaS,SMB,North America,2026-01-01,Treatment,0,0,16,3,364,0.6803,0.1173,4,4,0,0.4592,41,14743,2026-01
CUST-04087,Professional,SaaS,SMB,Europe,2026-02-25,Control,0,0,8,1,466,0.7318,0.1355,2,4,1,0.4438,39,2969,2026-02
CUST-04088,Professional,Professional Services,SMB,Europe,2025-10-10,Treatment,0,0,9,1,375,0.5849,0.1672,2,5,1,0.388,42,3356,2025-10
CUST-04089,Starter,E-commerce,SMB,North America,2025-12-20,Control,0,0,8,2,312,0.6436,0.1778,3,4,0,0.4744,33,1301,2025-12
CUST-04090,Starter,E-commerce,SMB,North America,2025-11-22,Control,0,0,6,0,485,0.7538,0.1404,3,6,1,0.4053,46,1114,2025-11
CUST-04091,Starter,Financial Services,SMB,APAC,2026-01-24,Control,0,0,5,0,360,0.5632,0.206,6,8,1,0.2505,50,1142,2026-01
CUST-04092,Business,E-commerce,Mid-Market,Europe,2025-11-01,Treatment,0,0,24,0,393,0.5864,0.1544,2,5,0,0.4317,42,10166,2025-11
CUST-04093,Business,SaaS,Enterprise,North America,2026-01-24,Treatment,1,4,22,18,404,0.8508,0.0718,7,5,1,0.3617,63,6429,2026-01
CUST-04094,Starter,SaaS,Mid-Market,Europe,2025-10-16,Treatment,0,0,6,1,362,0.6003,0.1639,1,5,1,0.3116,41,916,2025-10
CUST-04095,Starter,SaaS,SMB,North America,2026-02-21,Control,0,0,6,2,449,0.9452,0.1685,4,5,1,0.4276,43,937,2026-02
CUST-04096,Professional,Financial Services,SMB,North America,2026-01-19,Treatment,0,0,11,0,416,0.6484,0.161,3,7,1,0.3966,43,2991,2026-01
CUST-04097,Professional,E-commerce,Mid-Market,North America,2026-01-14,Treatment,0,0,13,1,432,0.6433,0.1589,1,3,1,0.3324,39,2752,2026-01
CUST-04098,Professional,Healthcare,SMB,North America,2026-03-06,Control,0,0,10,2,409,0.6164,0.1736,5,5,0,0.4772,39,2937,2026-03
CUST-04099,Professional,E-commerce,Enterprise,North America,2025-11-16,Treatment,0,0,9,1,388,0.727,0.1934,3,3,1,0.4701,36,3352,2025-11
CUST-04100,Business,Education,SMB,North America,2025-11-16,Treatment,0,0,12,1,489,0.7124,0.1355,4,7,1,0.434,46,9422,2025-11
CUST-04101,Starter,Healthcare,SMB,North America,2025-11-09,Control,0,0,6,2,430,0.7595,0.1393,1,3,1,0.3968,40,1224,2025-11
CUST-04102,Professional,E-commerce,SMB,North America,2025-11-20,Control,0,0,6,0,313,0.7084,0.162,4,6,1,0.5944,37,3053,2025-11
CUST-04103,Professional,E-commerce,Enterprise,Europe,2025-10-17,Treatment,0,0,14,3,369,0.8021,0.1812,2,7,0,0.2231,52,3714,2025-10
CUST-04104,Starter,Financial Services,Enterprise,Europe,2026-01-02,Control,1,2,9,7,400,0.7897,0.0439,5,5,1,0.4663,56,1291,2026-01
CUST-04105,Business,Professional Services,Mid-Market,North America,2026-01-04,Treatment,0,0,18,0,279,0.6983,0.1634,2,3,0,0.355,44,7982,2026-01
CUST-04106,Starter,Professional Services,SMB,North America,2025-10-25,Treatment,0,0,6,0,364,0.7465,0.2014,3,4,1,0.371,42,1414,2025-10
CUST-04107,Business,SaaS,Mid-Market,Europe,2026-01-27,Control,0,0,22,2,462,0.5714,0.1663,5,9,1,0.3909,50,7347,2026-01
CUST-04108,Business,E-commerce,SMB,North America,2026-01-26,Control,1,8,9,4,397,0.7185,0.1042,6,5,0,0.3082,61,6288,2026-01
CUST-04109,Business,Professional Services,SMB,APAC,2025-11-07,Treatment,0,0,20,3,370,0.8644,0.1626,5,5,1,0.4614,44,7523,2025-11
CUST-04110,Professional,Healthcare,Mid-Market,North America,2026-01-01,Control,0,0,16,4,431,0.5856,0.1672,5,5,1,0.2993,43,2702,2026-01
CUST-04111,Professional,Education,Enterprise,North America,2025-11-26,Control,0,0,12,2,518,0.7988,0.1771,4,8,1,0.21,54,2862,2025-11
CUST-04112,Business,Healthcare,SMB,North America,2026-03-05,Control,1,8,11,8,308,0.6168,0.0702,6,7,1,0.1329,68,6922,2026-03
CUST-04113,Business,E-commerce,SMB,Europe,2025-12-19,Treatment,1,4,11,3,323,0.6791,0.0566,6,9,1,0.2271,65,7501,2025-12
CUST-04114,Professional,E-commerce,SMB,North America,2026-01-19,Control,0,0,16,3,491,0.6651,0.1745,4,6,1,0.499,37,3075,2026-01
CUST-04115,Business,E-commerce,SMB,North America,2025-10-17,Control,0,0,8,2,449,0.7619,0.1611,5,8,0,0.3644,47,6325,2025-10
CUST-04116,Starter,Professional Services,SMB,North America,2025-12-18,Treatment,1,1,13,8,351,0.7957,0.1368,4,6,0,0.3683,61,1419,2025-12
CUST-04117,Professional,SaaS,Mid-Market,Europe,2026-02-08,Control,0,0,19,5,394,0.7589,0.1249,2,6,0,0.5444,43,3330,2026-02
CUST-04118,Business,E-commerce,SMB,North America,2025-10-03,Treatment,0,0,9,4,427,0.6845,0.1831,4,5,0,0.4775,37,6588,2025-10
CUST-04119,Starter,Financial Services,Mid-Market,Europe,2025-11-01,Control,0,0,7,2,438,0.7142,0.1354,4,3,1,0.506,35,1242,2025-11
CUST-04120,Professional,Professional Services,SMB,North America,2026-01-21,Treatment,0,0,7,2,442,0.7299,0.1652,2,4,1,0.4576,42,4004,2026-01
CUST-04121,Enterprise,Financial Services,SMB,North America,2026-02-06,Control,0,0,13,1,360,0.8281,0.1765,2,4,0,0.621,32,16336,2026-02
CUST-04122,Business,Education,SMB,North America,2025-12-22,Control,1,5,10,8,341,0.9458,0.09,4,5,1,0.3315,61,7523,2025-12
CUST-04123,Business,Education,SMB,LATAM,2025-11-28,Control,0,0,12,1,511,0.6413,0.1625,3,6,1,0.3753,45,6326,2025-11
CUST-04124,Professional,Healthcare,SMB,North America,2025-10-08,Treatment,0,0,11,2,433,0.7145,0.1567,2,6,1,0.3809,48,2733,2025-10
CUST-04125,Enterprise,Professional Services,Mid-Market,North America,2025-11-18,Treatment,0,0,31,0,502,0.7201,0.161,3,3,1,0.5107,36,16270,2025-11
CUST-04126,Starter,Education,Enterprise,APAC,2025-11-12,Control,0,0,12,1,415,0.7523,0.1293,2,5,1,0.2952,48,1291,2025-11
CUST-04127,Professional,SaaS,SMB,North America,2025-12-16,Control,0,0,12,2,370,0.8401,0.1369,1,5,0,0.3599,45,2806,2025-12
CUST-04128,Professional,Financial Services,Mid-Market,North America,2025-12-06,Control,0,0,11,0,358,0.7356,0.1591,3,5,1,0.4547,44,3041,2025-12
CUST-04129,Business,Healthcare,Enterprise,North America,2025-11-28,Control,0,0,28,4,377,0.6828,0.1614,4,5,1,0.4812,42,9074,2025-11
CUST-04130,Business,Financial Services,SMB,Europe,2026-01-22,Control,1,7,19,14,425,0.8907,0.0874,2,2,0,0.4156,55,7640,2026-01
CUST-04131,Business,SaaS,Mid-Market,North America,2025-10-22,Treatment,0,0,17,2,408,0.7089,0.133,6,7,1,0.1511,56,8599,2025-10
CUST-04132,Professional,Professional Services,Enterprise,APAC,2026-01-28,Control,1,9,20,16,273,0.7965,0.1143,5,3,0,0.5071,52,2953,2026-01
CUST-04133,Professional,Healthcare,Mid-Market,Europe,2025-11-04,Treatment,1,6,11,9,300,0.8569,0.0977,4,7,1,0.2261,65,3415,2025-11
CUST-04134,Professional,Financial Services,Mid-Market,North America,2026-02-18,Control,0,0,17,0,539,0.6231,0.1668,6,7,1,0.2785,49,3196,2026-02
CUST-04135,Professional,SaaS,Mid-Market,North America,2026-02-08,Treatment,1,4,12,10,306,0.698,0.0908,4,5,1,0.2482,61,2723,2026-02
CUST-04136,Starter,Financial Services,SMB,APAC,2025-10-02,Control,0,0,8,1,416,0.6487,0.134,4,4,1,0.396,41,1060,2025-10
CUST-04137,Professional,E-commerce,Mid-Market,APAC,2025-10-15,Control,0,0,5,0,459,0.7063,0.1189,1,5,0,0.4406,43,3512,2025-10
CUST-04138,Business,Financial Services,Enterprise,APAC,2025-12-31,Treatment,0,0,21,3,383,0.8121,0.1615,5,7,1,0.2535,53,8081,2025-12
CUST-04139,Business,Healthcare,SMB,North America,2025-10-03,Control,0,0,6,0,279,0.6757,0.1436,4,6,1,0.3506,47,6667,2025-10
CUST-04140,Business,SaaS,Mid-Market,Europe,2026-02-09,Treatment,1,5,20,12,300,0.768,0.0754,4,6,1,0.2639,65,7469,2026-02
CUST-04141,Professional,E-commerce,SMB,Europe,2025-11-17,Treatment,0,0,12,1,352,0.7436,0.1771,2,1,0,0.5201,35,3224,2025-11
CUST-04142,Professional,Education,SMB,LATAM,2026-02-13,Treatment,0,0,6,1,321,0.6548,0.1553,1,6,1,0.4533,42,2363,2026-02
CUST-04143,Starter,SaaS,Mid-Market,North America,2026-02-04,Treatment,0,0,5,0,488,0.6917,0.1762,3,4,1,0.2742,47,1233,2026-02
CUST-04144,Professional,Financial Services,Mid-Market,Europe,2026-01-17,Control,0,0,10,1,447,0.7266,0.1436,2,6,1,0.3763,46,3260,2026-01
CUST-04145,Professional,SaaS,Mid-Market,Europe,2025-10-29,Control,0,0,13,1,473,0.7753,0.1516,6,5,1,0.4425,45,3021,2025-10
CUST-04146,Starter,Financial Services,Mid-Market,APAC,2026-03-04,Treatment,1,1,18,13,309,0.8854,0.0866,5,12,1,0.01,82,1314,2026-03
CUST-04147,Starter,SaaS,SMB,Europe,2026-03-05,Control,1,6,5,3,359,0.7971,0.0448,4,9,1,0.1248,70,1063,2026-03
CUST-04148,Professional,E-commerce,Enterprise,APAC,2026-02-19,Treatment,0,0,15,5,443,0.7062,0.1404,3,8,1,0.2488,54,3759,2026-02
CUST-04149,Professional,Healthcare,Mid-Market,North America,2026-01-18,Control,1,5,8,3,288,0.7928,0.1238,3,5,0,0.4075,56,2103,2026-01
CUST-04150,Professional,SaaS,Mid-Market,North America,2025-11-22,Treatment,1,4,11,7,468,0.8263,0.0732,4,7,1,0.3235,64,2486,2025-11
CUST-04151,Starter,Healthcare,SMB,North America,2026-01-22,Control,0,0,6,1,463,0.8474,0.1639,2,4,1,0.5693,41,1319,2026-01
CUST-04152,Professional,Healthcare,SMB,APAC,2026-01-26,Control,1,9,8,7,375,0.98,0.0714,6,5,0,0.3774,63,3065,2026-01
CUST-04153,Professional,E-commerce,Enterprise,North America,2026-02-10,Treatment,1,6,12,7,335,0.9579,0.0718,5,7,0,0.2247,67,2436,2026-02
CUST-04154,Professional,Education,SMB,Europe,2025-11-05,Treatment,1,3,11,9,281,0.8953,0.0954,4,5,1,0.3864,60,3454,2025-11
CUST-04155,Professional,E-commerce,SMB,LATAM,2026-02-24,Control,0,0,8,1,439,0.6482,0.1302,2,4,1,0.3597,39,2618,2026-02
CUST-04156,Starter,Education,Mid-Market,APAC,2026-01-04,Control,1,1,12,8,448,0.8274,0.1096,7,6,1,0.2431,66,1292,2026-01
CUST-04157,Business,E-commerce,Mid-Market,Europe,2025-11-08,Treatment,0,0,13,0,430,0.7008,0.1779,3,5,0,0.598,34,5429,2025-11
CUST-04158,Starter,SaaS,Mid-Market,APAC,2025-11-04,Control,1,3,4,3,400,0.7991,0.1047,5,9,1,0.1815,70,995,2025-11
CUST-04159,Professional,SaaS,Mid-Market,North America,2025-10-16,Treatment,0,0,11,0,447,0.8692,0.1069,4,6,0,0.4029,46,3355,2025-10
CUST-04160,Starter,Healthcare,Enterprise,North America,2025-12-21,Treatment,1,9,17,12,370,0.9163,0.0905,5,5,0,0.4707,55,1515,2025-12
CUST-04161,Professional,Healthcare,SMB,North America,2025-10-19,Control,1,9,2,1,413,0.8778,0.1368,3,5,1,0.4522,55,3063,2025-10
CUST-04162,Starter,Education,Mid-Market,Europe,2026-01-01,Control,0,0,16,6,468,0.9393,0.1133,4,8,0,0.4215,51,1217,2026-01
CUST-04163,Business,Financial Services,Mid-Market,North America,2025-10-25,Control,0,0,30,0,442,0.7961,0.2,5,8,0,0.4302,53,6271,2025-10
CUST-04164,Professional,Financial Services,Mid-Market,North America,2026-03-07,Control,0,0,13,0,418,0.849,0.0972,4,6,1,0.5017,45,2757,2026-03
CUST-04165,Professional,E-commerce,SMB,Europe,2025-11-09,Treatment,0,0,8,2,349,0.7745,0.1741,2,3,0,0.55,37,2667,2025-11
CUST-04166,Starter,Healthcare,SMB,North America,2025-10-24,Control,1,3,9,4,426,0.8259,0.0487,4,4,1,0.4039,58,1096,2025-10
CUST-04167,Starter,Financial Services,SMB,APAC,2025-11-23,Treatment,1,7,9,8,355,0.9725,0.0946,6,6,1,0.305,64,998,2025-11
CUST-04168,Professional,SaaS,Mid-Market,North America,2025-12-11,Treatment,1,2,16,10,372,0.7473,0.1178,6,5,1,0.4142,56,3283,2025-12
CUST-04169,Professional,SaaS,SMB,APAC,2025-12-27,Control,1,5,17,11,395,0.681,0.0577,7,8,0,0.2563,66,2829,2025-12
CUST-04170,Professional,Healthcare,Mid-Market,North America,2026-02-10,Treatment,0,0,26,0,412,0.6531,0.213,4,6,1,0.2534,48,3564,2026-02
CUST-04171,Enterprise,SaaS,Mid-Market,Europe,2026-02-09,Control,0,0,9,0,431,0.7185,0.1317,3,7,1,0.2723,51,14290,2026-02
CUST-04172,Business,Financial Services,SMB,Europe,2026-02-17,Control,0,0,16,3,408,0.8033,0.1687,5,6,0,0.4303,44,7303,2026-02
CUST-04173,Enterprise,SaaS,Mid-Market,North America,2025-11-28,Treatment,0,0,13,1,385,0.8557,0.1336,1,5,1,0.2936,50,16217,2025-11
CUST-04174,Starter,SaaS,SMB,North America,2025-10-30,Control,1,8,9,6,414,0.7472,0.1209,6,6,1,0.2591,60,1129,2025-10
CUST-04175,Business,Education,SMB,APAC,2025-12-19,Control,1,3,13,7,230,0.7614,0.133,4,7,0,0.2796,64,6246,2025-12
CUST-04176,Professional,Education,SMB,North America,2025-10-05,Control,0,0,22,2,436,0.6947,0.1502,4,9,1,0.2585,53,3097,2025-10
CUST-04177,Professional,E-commerce,SMB,Europe,2026-02-04,Control,0,0,8,0,354,0.7338,0.1988,3,5,0,0.5277,38,3303,2026-02
CUST-04178,Enterprise,E-commerce,Mid-Market,North America,2025-10-04,Treatment,0,0,11,2,461,0.7555,0.1666,3,4,1,0.5722,35,16609,2025-10
CUST-04179,Professional,Professional Services,SMB,Europe,2025-12-27,Treatment,1,8,8,6,259,0.8393,0.0826,4,8,1,0.0774,72,3411,2025-12
CUST-04180,Business,SaaS,SMB,North America,2026-02-20,Treatment,0,0,20,2,374,0.6546,0.1327,4,11,1,0.1086,64,6846,2026-02
CUST-04181,Business,E-commerce,SMB,Europe,2026-02-20,Treatment,0,0,11,2,420,0.6443,0.1407,4,4,0,0.4148,40,9793,2026-02
CUST-04182,Starter,SaaS,Mid-Market,Europe,2025-11-29,Treatment,1,5,19,16,342,0.7406,0.1127,6,9,1,0.2931,66,1173,2025-11
CUST-04183,Professional,Healthcare,Mid-Market,North America,2025-10-22,Control,1,7,30,19,325,0.8135,0.0706,5,8,1,0.1906,69,2939,2025-10
CUST-04184,Professional,Education,SMB,North America,2026-02-02,Treatment,0,0,11,3,452,0.6324,0.1769,2,3,1,0.6055,31,3212,2026-02
CUST-04185,Business,Professional Services,Enterprise,APAC,2025-11-26,Control,1,2,50,30,293,0.7379,0.0818,7,9,1,0.1844,72,9477,2025-11
CUST-04186,Business,Education,SMB,Europe,2025-10-12,Control,0,0,12,0,415,0.771,0.1993,2,3,1,0.6269,32,7226,2025-10
CUST-04187,Starter,Professional Services,SMB,LATAM,2025-12-22,Treatment,1,6,4,2,345,0.9276,0.0732,3,5,1,0.4143,58,1403,2025-12
CUST-04188,Starter,Financial Services,SMB,Europe,2025-10-24,Treatment,1,7,9,7,400,0.8411,0.0489,6,7,0,0.3204,63,1224,2025-10
CUST-04189,Starter,Professional Services,Mid-Market,Europe,2026-01-15,Treatment,0,0,15,0,378,0.643,0.1282,4,4,1,0.5983,37,974,2026-01
CUST-04190,Professional,Financial Services,Mid-Market,Europe,2025-11-07,Control,0,0,15,3,396,0.7854,0.1719,3,7,1,0.4446,47,3093,2025-11
CUST-04191,Starter,E-commerce,SMB,LATAM,2025-12-18,Treatment,1,7,5,3,356,0.7642,0.0887,5,6,0,0.2628,59,1177,2025-12
CUST-04192,Business,Healthcare,Mid-Market,North America,2026-02-10,Control,0,0,10,2,393,0.8423,0.1604,2,3,0,0.5182,40,9062,2026-02
CUST-04193,Professional,E-commerce,Mid-Market,North America,2026-03-07,Control,0,0,16,3,405,0.7645,0.1767,5,4,1,0.3449,45,2658,2026-03
CUST-04194,Business,SaaS,Enterprise,APAC,2025-10-05,Treatment,0,0,11,0,412,0.6621,0.13,3,1,0,0.6926,28,6992,2025-10
CUST-04195,Starter,E-commerce,Enterprise,LATAM,2026-01-08,Control,0,0,14,3,392,0.7396,0.1433,3,2,1,0.4344,36,1043,2026-01
CUST-04196,Professional,SaaS,Mid-Market,North America,2026-01-13,Treatment,1,9,16,12,319,0.6979,0.0791,5,4,1,0.3655,56,3318,2026-01
CUST-04197,Starter,E-commerce,SMB,North America,2025-10-08,Treatment,0,0,3,2,385,0.7439,0.1637,4,6,0,0.3725,46,1195,2025-10
CUST-04198,Business,SaaS,SMB,Europe,2025-12-02,Treatment,1,8,13,8,302,0.7887,0.0682,3,4,0,0.3064,58,7872,2025-12
CUST-04199,Starter,Healthcare,Enterprise,Europe,2025-10-01,Control,1,6,10,6,390,0.9781,0.0783,5,4,1,0.4705,58,1277,2025-10
CUST-04200,Starter,E-commerce,Mid-Market,North America,2026-01-21,Control,0,0,18,1,405,0.7468,0.1465,4,7,1,0.4368,49,918,2026-01
CUST-04201,Starter,SaaS,SMB,Europe,2026-01-17,Treatment,0,0,13,1,281,0.7348,0.121,3,2,0,0.515,36,901,2026-01
CUST-04202,Business,Education,Enterprise,North America,2026-02-21,Treatment,0,0,12,0,421,0.5391,0.147,1,6,1,0.2869,48,8610,2026-02
CUST-04203,Starter,E-commerce,Mid-Market,North America,2025-12-25,Control,1,7,11,7,460,0.8606,0.1002,3,5,0,0.522,54,1103,2025-12
CUST-04204,Professional,Healthcare,Mid-Market,Europe,2026-02-17,Control,0,0,22,4,392,0.8235,0.131,5,7,1,0.2925,51,3235,2026-02
CUST-04205,Business,SaaS,Mid-Market,North America,2025-11-21,Control,0,0,19,1,416,0.8241,0.1232,4,4,0,0.4689,41,7539,2025-11
CUST-04206,Business,Professional Services,SMB,Europe,2025-12-07,Treatment,1,2,23,12,333,0.8001,0.0809,4,5,1,0.4635,56,9330,2025-12
CUST-04207,Starter,Financial Services,Mid-Market,North America,2025-12-28,Control,0,0,5,1,528,0.6807,0.1424,2,6,1,0.4168,45,1182,2025-12
CUST-04208,Starter,Healthcare,Enterprise,APAC,2025-11-21,Treatment,0,0,15,0,533,0.8294,0.1123,2,4,0,0.5436,41,1327,2025-11
CUST-04209,Professional,SaaS,SMB,North America,2026-02-06,Control,0,0,7,1,496,0.7231,0.1117,5,8,1,0.2492,49,3018,2026-02
CUST-04210,Starter,Professional Services,SMB,LATAM,2025-11-07,Control,0,0,8,1,517,0.7271,0.1835,3,4,0,0.5074,40,1231,2025-11
CUST-04211,Professional,Education,Mid-Market,Europe,2025-11-09,Treatment,0,0,7,0,362,0.7035,0.1403,4,3,0,0.5182,38,2865,2025-11
CUST-04212,Professional,Healthcare,SMB,North America,2025-12-30,Treatment,0,0,9,1,333,0.5502,0.1811,2,6,1,0.3143,39,3042,2025-12
CUST-04213,Professional,SaaS,SMB,LATAM,2026-01-19,Control,1,8,13,9,518,0.7443,0.1048,4,5,1,0.3932,58,2843,2026-01
CUST-04214,Starter,SaaS,SMB,North America,2025-11-06,Control,1,7,7,5,354,0.8179,0.1308,6,5,1,0.2739,62,1055,2025-11
CUST-04215,Professional,SaaS,SMB,North America,2026-01-21,Treatment,0,0,5,2,339,0.778,0.166,3,5,0,0.4793,43,2837,2026-01
CUST-04216,Starter,Professional Services,SMB,APAC,2026-03-02,Control,0,0,10,0,436,0.7275,0.1436,5,8,1,0.3478,50,1154,2026-03
CUST-04217,Professional,Education,Mid-Market,APAC,2025-12-12,Control,0,0,7,0,349,0.7731,0.1758,2,3,0,0.5566,36,3192,2025-12
CUST-04218,Starter,Education,Mid-Market,Europe,2026-02-16,Treatment,0,0,5,0,425,0.593,0.1056,2,4,0,0.6201,30,1030,2026-02
CUST-04219,Enterprise,Professional Services,Mid-Market,LATAM,2025-12-06,Control,1,8,14,10,315,0.7586,0.1129,3,6,1,0.4737,55,13457,2025-12
CUST-04220,Professional,SaaS,SMB,North America,2025-11-09,Treatment,0,0,3,0,460,0.9142,0.2052,2,4,0,0.3265,44,3204,2025-11
CUST-04221,Starter,Education,SMB,North America,2026-01-20,Control,0,0,16,2,353,0.7865,0.1299,2,5,1,0.2058,50,1186,2026-01
CUST-04222,Starter,Healthcare,SMB,North America,2025-10-12,Treatment,0,0,7,0,345,0.8383,0.1534,3,5,0,0.344,49,1452,2025-10
CUST-04223,Professional,Healthcare,Mid-Market,North America,2025-11-01,Treatment,0,0,6,0,358,0.7083,0.1622,3,5,1,0.2974,47,2529,2025-11
CUST-04224,Starter,Financial Services,Enterprise,Europe,2026-02-14,Treatment,0,0,17,0,428,0.8125,0.1503,2,4,0,0.5246,41,1132,2026-02
CUST-04225,Starter,SaaS,SMB,North America,2026-01-19,Treatment,1,3,9,5,339,0.8894,0.0868,6,10,1,0.1322,73,1436,2026-01
CUST-04226,Business,Professional Services,Enterprise,Europe,2025-10-31,Treatment,1,4,16,13,401,0.98,0.0696,5,2,0,0.5527,49,6097,2025-10
CUST-04227,Professional,Education,SMB,North America,2026-02-28,Control,0,0,2,0,408,0.7656,0.1441,1,1,0,0.6545,27,3191,2026-02
CUST-04228,Starter,Professional Services,SMB,North America,2026-01-16,Control,1,6,5,5,381,0.7263,0.1626,2,5,1,0.2767,58,1206,2026-01
CUST-04229,Professional,Professional Services,Mid-Market,Europe,2026-02-06,Control,0,0,10,4,331,0.6689,0.1629,4,2,0,0.6615,31,3298,2026-02
CUST-04230,Starter,Healthcare,SMB,North America,2025-10-26,Treatment,0,0,7,2,382,0.7544,0.0952,3,3,1,0.5883,35,1325,2025-10
CUST-04231,Enterprise,SaaS,Enterprise,Europe,2025-11-19,Control,0,0,26,3,400,0.5464,0.1454,3,7,0,0.3842,46,14175,2025-11
CUST-04232,Starter,Professional Services,SMB,Europe,2025-12-14,Control,0,0,20,0,365,0.763,0.1489,4,6,0,0.3871,50,1433,2025-12
CUST-04233,Business,Financial Services,Mid-Market,Europe,2026-02-14,Treatment,1,3,9,6,338,0.855,0.1305,4,5,1,0.3307,59,7621,2026-02
CUST-04234,Business,Education,SMB,APAC,2026-01-05,Treatment,0,0,15,0,432,0.8485,0.1964,4,9,1,0.2214,54,7741,2026-01
CUST-04235,Starter,SaaS,SMB,LATAM,2025-10-08,Control,0,0,8,0,317,0.5847,0.1624,2,8,0,0.2774,48,1268,2025-10
CUST-04236,Starter,Healthcare,SMB,North America,2026-02-17,Control,0,0,9,0,385,0.6412,0.1312,3,5,0,0.3826,44,1301,2026-02
CUST-04237,Professional,Healthcare,Enterprise,Europe,2026-01-16,Treatment,1,5,12,8,357,0.8193,0.0954,5,6,1,0.3326,59,2591,2026-01
CUST-04238,Business,Financial Services,Mid-Market,North America,2026-01-18,Treatment,1,4,17,15,276,0.8065,0.0677,4,4,0,0.4294,53,7776,2026-01
CUST-04239,Professional,Professional Services,Mid-Market,North America,2025-10-31,Treatment,0,0,10,2,283,0.7316,0.1673,3,5,0,0.4481,39,3122,2025-10
CUST-04240,Professional,Education,SMB,Europe,2025-10-07,Control,0,0,14,0,406,0.808,0.1845,3,8,0,0.193,59,2763,2025-10
CUST-04241,Business,Healthcare,SMB,Europe,2025-11-28,Treatment,1,8,28,21,301,0.8377,0.075,4,7,1,0.362,64,7906,2025-11
CUST-04242,Business,E-commerce,SMB,APAC,2025-11-27,Control,0,0,16,5,294,0.8528,0.1646,4,9,1,0.314,56,7638,2025-11
CUST-04243,Professional,SaaS,Mid-Market,Europe,2025-10-29,Control,1,1,6,4,321,0.9063,0.1087,4,9,1,0.3943,64,2555,2025-10
CUST-04244,Professional,SaaS,SMB,Europe,2025-12-16,Control,1,7,15,12,367,0.7561,0.1025,6,10,1,0.0249,78,3166,2025-12
CUST-04245,Business,Healthcare,SMB,Europe,2025-11-29,Control,0,0,8,0,432,0.7541,0.1185,1,3,0,0.4615,35,6973,2025-11
CUST-04246,Starter,Financial Services,Mid-Market,North America,2025-10-06,Treatment,0,0,10,0,397,0.7756,0.1583,3,4,1,0.4494,42,1426,2025-10
CUST-04247,Business,E-commerce,Mid-Market,North America,2026-02-26,Treatment,0,0,12,3,455,0.8823,0.086,2,2,1,0.5706,36,7570,2026-02
CUST-04248,Starter,Healthcare,SMB,North America,2025-12-12,Treatment,1,7,11,6,409,0.8287,0.0976,3,6,1,0.3905,59,1056,2025-12
CUST-04249,Starter,Financial Services,SMB,Europe,2026-01-13,Treatment,0,0,11,1,337,0.7772,0.181,3,3,1,0.4349,40,1325,2026-01
CUST-04250,Business,Professional Services,SMB,North America,2026-01-26,Control,0,0,13,0,377,0.693,0.1708,5,6,0,0.3625,43,6565,2026-01
CUST-04251,Professional,SaaS,Mid-Market,North America,2025-12-06,Treatment,1,2,10,9,231,0.8541,0.098,7,6,1,0.2705,65,3198,2025-12
CUST-04252,Starter,Healthcare,SMB,North America,2025-10-01,Treatment,0,0,15,2,475,0.6448,0.1673,3,6,1,0.1214,53,1097,2025-10
CUST-04253,Starter,Financial Services,Mid-Market,Europe,2026-02-10,Treatment,1,2,4,2,353,0.7581,0.1044,5,5,1,0.358,59,1249,2026-02
CUST-04254,Professional,Professional Services,SMB,North America,2025-11-13,Control,0,0,15,1,525,0.832,0.1375,5,9,1,0.2331,53,2404,2025-11
CUST-04255,Business,Professional Services,Enterprise,North America,2025-11-23,Treatment,1,1,21,19,320,0.8794,0.0738,3,2,1,0.4215,51,6098,2025-11
CUST-04256,Starter,SaaS,Enterprise,North America,2026-01-17,Treatment,0,0,13,3,383,0.8394,0.163,4,7,0,0.4732,45,1380,2026-01
CUST-04257,Starter,E-commerce,SMB,North America,2025-10-01,Control,0,0,4,0,441,0.9116,0.1912,3,3,0,0.6579,31,1346,2025-10
CUST-04258,Professional,Education,SMB,North America,2025-10-24,Treatment,1,1,9,5,470,0.8861,0.1031,4,4,0,0.411,52,3231,2025-10
CUST-04259,Enterprise,Healthcare,SMB,LATAM,2025-10-02,Control,1,6,8,3,491,0.8555,0.1078,5,7,0,0.2403,64,18190,2025-10
CUST-04260,Starter,E-commerce,Mid-Market,North America,2025-11-03,Control,0,0,15,0,410,0.6861,0.1524,4,7,0,0.3453,49,1132,2025-11
CUST-04261,Enterprise,Education,SMB,North America,2026-01-07,Treatment,0,0,17,0,405,0.7126,0.1624,3,5,1,0.4145,44,14553,2026-01
CUST-04262,Business,SaaS,Mid-Market,Europe,2025-11-30,Treatment,0,0,11,2,364,0.7321,0.158,6,6,1,0.3263,47,6869,2025-11
CUST-04263,Starter,Financial Services,SMB,Europe,2026-01-25,Treatment,1,7,9,5,475,0.8061,0.0586,5,8,1,0.2231,67,1135,2026-01
CUST-04264,Business,Professional Services,SMB,North America,2025-11-09,Control,0,0,13,1,441,0.8001,0.1675,4,6,1,0.3131,49,8645,2025-11
CUST-04265,Professional,SaaS,Mid-Market,North America,2025-11-12,Treatment,0,0,9,0,376,0.6602,0.1556,3,2,0,0.4896,33,2874,2025-11
CUST-04266,Professional,Financial Services,Mid-Market,LATAM,2025-10-27,Control,0,0,22,6,442,0.6856,0.1819,3,3,1,0.489,35,2703,2025-10
CUST-04267,Professional,E-commerce,Mid-Market,LATAM,2025-10-30,Control,1,1,15,12,390,0.8393,0.0522,5,8,0,0.1659,70,3186,2025-10
CUST-04268,Business,Professional Services,Mid-Market,North America,2025-11-27,Treatment,1,3,22,16,320,0.6924,0.0779,5,8,1,0.3451,63,6980,2025-11
CUST-04269,Business,Education,Mid-Market,Europe,2026-01-11,Control,0,0,23,0,381,0.8477,0.1137,3,8,1,0.3385,51,7560,2026-01
CUST-04270,Business,Education,SMB,North America,2026-02-13,Treatment,1,2,7,7,280,0.8796,0.0998,3,5,1,0.2419,65,8418,2026-02
CUST-04271,Enterprise,SaaS,Enterprise,North America,2025-12-18,Treatment,0,0,24,5,458,0.7719,0.1803,3,6,1,0.5069,44,15818,2025-12
CUST-04272,Professional,Professional Services,Mid-Market,North America,2026-01-10,Control,0,0,9,0,380,0.6486,0.1695,2,7,0,0.2077,49,3086,2026-01
CUST-04273,Business,Education,Mid-Market,Europe,2026-01-19,Control,0,0,9,0,343,0.7192,0.2092,1,4,1,0.4659,41,8254,2026-01
CUST-04274,Business,Financial Services,Enterprise,North America,2025-11-24,Control,1,3,21,9,460,0.8674,0.1038,5,5,0,0.3703,57,8203,2025-11
CUST-04275,Starter,Financial Services,SMB,North America,2025-10-28,Treatment,1,7,15,11,376,0.76,0.0681,4,5,1,0.2888,66,1102,2025-10
CUST-04276,Starter,SaaS,Mid-Market,North America,2025-12-06,Treatment,0,0,6,3,259,0.5989,0.1904,3,3,0,0.5073,33,1093,2025-12
CUST-04277,Professional,Professional Services,Mid-Market,North America,2026-02-17,Treatment,0,0,19,0,449,0.7677,0.2115,5,2,1,0.6422,34,2676,2026-02
CUST-04278,Business,SaaS,SMB,North America,2025-10-30,Treatment,0,0,6,2,281,0.7555,0.1771,2,3,1,0.5442,35,7683,2025-10
CUST-04279,Starter,Healthcare,Mid-Market,Europe,2025-12-07,Treatment,1,6,7,4,327,0.7714,0.0716,3,5,0,0.2884,58,1172,2025-12
CUST-04280,Business,Education,SMB,Europe,2026-01-16,Control,1,3,11,6,396,0.98,0.0738,4,8,0,0.1803,67,7934,2026-01
CUST-04281,Starter,Education,SMB,North America,2026-03-06,Control,0,0,13,3,416,0.6646,0.1689,5,6,0,0.4925,40,1023,2026-03
CUST-04282,Professional,Education,SMB,North America,2026-02-12,Control,1,3,11,6,330,0.9216,0.08,4,3,1,0.4176,56,2750,2026-02
CUST-04283,Professional,E-commerce,Mid-Market,Europe,2026-03-06,Treatment,0,0,16,4,318,0.784,0.1872,1,5,1,0.5258,40,3358,2026-03
CUST-04284,Starter,SaaS,Mid-Market,North America,2026-03-08,Control,0,0,15,0,508,0.7596,0.1543,5,10,1,0.2705,53,1164,2026-03
CUST-04285,Business,E-commerce,SMB,North America,2026-03-09,Control,0,0,7,0,491,0.9164,0.1813,3,7,1,0.3809,48,7336,2026-03
CUST-04286,Starter,SaaS,SMB,APAC,2025-10-16,Control,0,0,7,0,393,0.8233,0.1774,3,4,0,0.3296,48,1026,2025-10
CUST-04287,Business,Education,SMB,Europe,2025-10-28,Control,0,0,19,4,391,0.6774,0.1253,4,5,1,0.4995,41,8319,2025-10
CUST-04288,Starter,E-commerce,SMB,North America,2026-02-13,Treatment,1,7,4,1,354,0.7652,0.0879,5,5,1,0.2526,62,1325,2026-02
CUST-04289,Enterprise,Healthcare,SMB,North America,2025-12-11,Treatment,1,6,13,9,344,0.7746,0.116,4,7,0,0.195,63,16619,2025-12
CUST-04290,Professional,SaaS,SMB,North America,2026-02-18,Control,1,3,10,6,368,0.8357,0.0865,6,6,0,0.3118,61,2607,2026-02
CUST-04291,Starter,Healthcare,Mid-Market,North America,2025-10-21,Treatment,0,0,9,1,443,0.6744,0.1686,4,5,0,0.3777,42,1332,2025-10
CUST-04292,Starter,Education,SMB,APAC,2026-01-05,Control,0,0,5,0,316,0.5623,0.1642,3,5,1,0.4804,37,951,2026-01
CUST-04293,Starter,Financial Services,Mid-Market,Europe,2025-12-07,Control,0,0,7,1,421,0.6924,0.1391,1,6,1,0.3859,44,1192,2025-12
CUST-04294,Professional,SaaS,Mid-Market,North America,2025-12-10,Control,0,0,5,1,481,0.805,0.2032,3,5,1,0.4189,44,2898,2025-12
CUST-04295,Business,SaaS,SMB,North America,2025-11-18,Treatment,0,0,17,1,385,0.8402,0.1412,2,6,0,0.3301,48,8841,2025-11
CUST-04296,Professional,Healthcare,Mid-Market,North America,2025-10-15,Treatment,1,5,20,14,303,0.8784,0.0668,6,5,1,0.3788,58,3391,2025-10
CUST-04297,Professional,SaaS,SMB,North America,2025-12-03,Treatment,0,0,16,1,464,0.7215,0.1863,4,5,1,0.4085,46,3915,2025-12
CUST-04298,Professional,Education,SMB,Europe,2025-10-29,Treatment,1,4,14,11,292,0.896,0.0764,5,8,1,0.3165,62,2599,2025-10
CUST-04299,Professional,Financial Services,SMB,North America,2026-02-28,Control,1,4,11,6,298,0.9679,0.0919,6,8,1,0.1831,71,3323,2026-02
CUST-04300,Professional,SaaS,Mid-Market,APAC,2026-02-19,Treatment,0,0,9,0,307,0.7738,0.1706,3,4,1,0.4411,41,3136,2026-02
CUST-04301,Professional,Professional Services,Enterprise,Europe,2026-02-17,Treatment,0,0,30,1,433,0.7349,0.1855,2,6,1,0.27,48,2816,2026-02
CUST-04302,Business,Healthcare,Mid-Market,APAC,2025-12-13,Control,0,0,24,5,323,0.8712,0.1075,3,7,0,0.2555,56,7169,2025-12
CUST-04303,Enterprise,SaaS,Mid-Market,APAC,2025-10-28,Control,0,0,14,1,309,0.7059,0.1564,2,3,1,0.4878,38,19130,2025-10
CUST-04304,Professional,E-commerce,SMB,LATAM,2026-01-01,Control,0,0,16,0,415,0.7933,0.1526,4,4,1,0.672,32,2971,2026-01
CUST-04305,Starter,SaaS,Enterprise,LATAM,2025-11-15,Control,0,0,18,2,340,0.4852,0.1589,4,3,0,0.4111,36,1062,2025-11
CUST-04306,Starter,E-commerce,SMB,North America,2025-11-13,Control,1,6,9,6,396,0.7817,0.1093,3,4,1,0.3548,55,1378,2025-11
CUST-04307,Professional,Professional Services,SMB,North America,2026-03-08,Control,0,0,9,0,436,0.5531,0.197,3,9,1,0.169,51,3308,2026-03
CUST-04308,Professional,Education,Enterprise,North America,2025-12-18,Treatment,0,0,15,0,412,0.793,0.165,4,4,1,0.5091,42,3091,2025-12
CUST-04309,Enterprise,Healthcare,SMB,Europe,2025-10-15,Treatment,0,0,18,5,345,0.6935,0.1407,5,8,1,0.2928,52,13912,2025-10
CUST-04310,Professional,Financial Services,SMB,Europe,2026-03-04,Treatment,1,4,3,3,396,0.865,0.0957,4,9,1,0.2339,66,2323,2026-03
CUST-04311,Professional,SaaS,SMB,North America,2025-10-24,Treatment,1,9,13,13,259,0.7659,0.1045,4,8,1,0.2167,64,3944,2025-10
CUST-04312,Business,E-commerce,SMB,APAC,2025-11-23,Treatment,1,1,19,11,429,0.7726,0.097,6,8,1,0.1082,70,7235,2025-11
CUST-04313,Starter,SaaS,Mid-Market,Europe,2025-12-17,Control,1,4,11,7,351,0.7585,0.1165,5,5,1,0.3723,57,1535,2025-12
CUST-04314,Business,Financial Services,SMB,Europe,2025-11-02,Treatment,1,5,8,6,352,0.857,0.0731,4,4,0,0.3978,56,7890,2025-11
CUST-04315,Starter,SaaS,Enterprise,North America,2026-02-19,Treatment,1,6,9,7,375,0.8395,0.0745,2,5,0,0.2397,60,1307,2026-02
CUST-04316,Professional,Education,SMB,North America,2025-10-14,Treatment,0,0,21,2,472,0.661,0.1644,3,7,0,0.292,48,2567,2025-10
CUST-04317,Enterprise,Education,Mid-Market,North America,2025-10-15,Treatment,1,1,19,11,383,0.8304,0.1188,4,3,1,0.3418,57,20306,2025-10
CUST-04318,Business,Healthcare,Mid-Market,North America,2026-02-06,Control,1,8,12,8,336,0.7574,0.1332,4,6,1,0.35,61,7462,2026-02
CUST-04319,Business,Professional Services,Mid-Market,Europe,2025-12-06,Treatment,1,2,14,10,390,0.7744,0.1035,8,9,1,0.2226,66,7568,2025-12
CUST-04320,Professional,SaaS,SMB,North America,2025-12-05,Control,0,0,5,0,470,0.694,0.1682,3,1,0,0.6218,29,3312,2025-12
CUST-04321,Business,Professional Services,Mid-Market,North America,2025-11-02,Control,0,0,13,4,443,0.6876,0.1364,2,4,1,0.5443,38,6582,2025-11
CUST-04322,Professional,Healthcare,Mid-Market,North America,2025-10-10,Treatment,0,0,17,3,407,0.7877,0.1782,3,6,1,0.4204,47,3644,2025-10
CUST-04323,Professional,SaaS,Mid-Market,Europe,2025-10-08,Treatment,0,0,13,0,421,0.7867,0.1318,4,6,0,0.4852,43,2617,2025-10
CUST-04324,Starter,Financial Services,SMB,North America,2025-10-08,Control,0,0,6,0,430,0.6066,0.187,4,6,1,0.325,48,1241,2025-10
CUST-04325,Starter,E-commerce,SMB,LATAM,2025-12-12,Control,0,0,6,2,434,0.7138,0.1643,3,4,0,0.4215,41,1223,2025-12
CUST-04326,Professional,E-commerce,Mid-Market,North America,2025-11-13,Treatment,0,0,9,1,394,0.9411,0.1636,3,4,0,0.4123,43,3572,2025-11
CUST-04327,Starter,E-commerce,SMB,APAC,2026-02-05,Control,1,9,7,6,362,0.9162,0.1227,5,7,0,0.3529,65,993,2026-02
CUST-04328,Business,SaaS,SMB,North America,2026-02-03,Treatment,0,0,5,0,417,0.9071,0.1636,3,7,0,0.2906,53,6609,2026-02
CUST-04329,Business,SaaS,Enterprise,North America,2026-01-09,Control,1,5,17,15,269,0.7333,0.081,2,6,1,0.3916,56,7786,2026-01
CUST-04330,Enterprise,Financial Services,SMB,LATAM,2025-11-10,Treatment,0,0,12,0,375,0.7282,0.1671,4,6,0,0.3836,46,12557,2025-11
CUST-04331,Starter,Financial Services,SMB,Europe,2026-01-28,Control,1,1,5,3,427,0.7451,0.0689,6,7,1,0.2684,58,943,2026-01
CUST-04332,Enterprise,SaaS,Mid-Market,Europe,2025-11-06,Treatment,0,0,26,4,506,0.7602,0.1662,2,10,1,0.1429,62,14309,2025-11
CUST-04333,Starter,Healthcare,SMB,Europe,2026-02-12,Treatment,0,0,9,0,413,0.7543,0.1561,4,6,0,0.3298,43,1186,2026-02
CUST-04334,Professional,Financial Services,SMB,North America,2025-12-02,Control,0,0,6,0,403,0.7743,0.1433,3,9,1,0.1819,55,2490,2025-12
CUST-04335,Business,Financial Services,SMB,Europe,2025-11-08,Treatment,0,0,10,1,372,0.6969,0.22,4,6,0,0.2124,51,7857,2025-11
CUST-04336,Starter,Professional Services,SMB,North America,2026-01-18,Treatment,1,5,7,6,220,0.7604,0.0854,4,6,1,0.1878,63,1317,2026-01
CUST-04337,Starter,E-commerce,SMB,APAC,2026-02-18,Control,0,0,4,0,495,0.6617,0.1455,4,8,1,0.359,46,988,2026-02
CUST-04338,Starter,E-commerce,Mid-Market,LATAM,2025-12-23,Treatment,0,0,2,0,366,0.7203,0.1178,3,3,0,0.4578,36,1322,2025-12
CUST-04339,Professional,Financial Services,SMB,APAC,2025-10-30,Treatment,1,6,8,6,268,0.8619,0.0716,4,5,0,0.364,59,3233,2025-10
CUST-04340,Business,Healthcare,SMB,Europe,2026-01-02,Treatment,0,0,7,0,426,0.7927,0.179,2,2,1,0.6205,34,7707,2026-01
CUST-04341,Starter,SaaS,Mid-Market,Europe,2026-02-22,Treatment,0,0,16,2,401,0.8351,0.1216,4,6,1,0.2117,53,1429,2026-02
CUST-04342,Starter,SaaS,SMB,North America,2026-01-27,Control,1,2,7,3,499,0.8419,0.0613,5,4,1,0.4518,55,1323,2026-01
CUST-04343,Professional,Professional Services,SMB,North America,2026-01-18,Treatment,0,0,5,0,437,0.7962,0.1845,2,7,1,0.2835,56,3065,2026-01
CUST-04344,Starter,SaaS,SMB,APAC,2026-01-04,Treatment,0,0,10,0,497,0.6191,0.1509,4,8,1,0.3362,47,1199,2026-01
CUST-04345,Business,Financial Services,SMB,Europe,2025-11-20,Control,0,0,12,2,438,0.8148,0.1481,1,4,0,0.3823,41,8102,2025-11
CUST-04346,Enterprise,Financial Services,SMB,North America,2025-10-18,Control,0,0,8,3,352,0.8489,0.1619,2,4,1,0.4853,41,15913,2025-10
CUST-04347,Business,Healthcare,SMB,Europe,2025-12-27,Treatment,0,0,10,0,548,0.8752,0.1899,5,8,1,0.2562,54,8298,2025-12
CUST-04348,Business,Professional Services,Mid-Market,North America,2026-02-12,Treatment,0,0,11,1,493,0.9022,0.1362,3,6,0,0.3909,50,8598,2026-02
CUST-04349,Professional,Financial Services,Enterprise,APAC,2025-11-03,Control,0,0,12,0,442,0.6414,0.2089,3,4,1,0.3184,42,3122,2025-11
CUST-04350,Business,SaaS,Mid-Market,APAC,2025-11-21,Control,0,0,12,0,472,0.8075,0.1622,4,6,1,0.3743,46,7227,2025-11
CUST-04351,Starter,Professional Services,SMB,North America,2026-02-13,Treatment,0,0,3,0,430,0.7053,0.1588,1,2,0,0.5578,32,1078,2026-02
CUST-04352,Starter,E-commerce,Mid-Market,North America,2025-10-12,Control,1,5,9,7,371,0.7756,0.1059,6,9,1,0.1843,69,1259,2025-10
CUST-04353,Professional,Healthcare,Mid-Market,Europe,2026-02-02,Treatment,1,3,19,12,392,0.7848,0.0358,5,8,1,0.1364,70,3569,2026-02
CUST-04354,Starter,Professional Services,SMB,North America,2025-10-04,Treatment,0,0,6,2,505,0.6954,0.1671,4,4,1,0.553,35,1316,2025-10
CUST-04355,Business,Financial Services,Enterprise,LATAM,2025-11-18,Treatment,0,0,14,0,478,0.7221,0.1647,2,7,1,0.403,47,5955,2025-11
CUST-04356,Professional,Healthcare,Mid-Market,North America,2025-11-06,Control,0,0,17,5,389,0.7001,0.2055,4,8,1,0.1607,57,3417,2025-11
CUST-04357,Enterprise,Education,SMB,North America,2025-11-23,Treatment,0,0,16,0,423,0.797,0.2174,4,4,0,0.6477,35,15035,2025-11
CUST-04358,Starter,Financial Services,Enterprise,North America,2026-02-12,Treatment,0,0,19,2,317,0.79,0.1645,2,5,0,0.4117,47,1252,2026-02
CUST-04359,Professional,Financial Services,SMB,Europe,2026-01-31,Treatment,1,3,6,5,365,0.9093,0.0929,5,5,1,0.2665,63,2707,2026-01
CUST-04360,Business,SaaS,SMB,Europe,2025-11-05,Control,0,0,5,0,445,0.7776,0.1556,3,5,1,0.2695,45,7305,2025-11
CUST-04361,Starter,Healthcare,SMB,APAC,2025-10-25,Treatment,1,7,2,1,408,0.8077,0.089,4,5,0,0.3833,55,913,2025-10
CUST-04362,Professional,E-commerce,SMB,LATAM,2025-12-07,Treatment,1,9,5,2,397,0.8706,0.0802,6,7,1,0.1448,67,2879,2025-12
CUST-04363,Professional,Financial Services,Enterprise,Europe,2026-02-14,Treatment,1,3,12,11,310,0.8962,0.115,3,8,0,0.2428,70,2643,2026-02
CUST-04364,Enterprise,E-commerce,Mid-Market,North America,2025-10-17,Control,1,9,11,9,404,0.8877,0.1245,3,8,1,0.1931,70,12972,2025-10
CUST-04365,Business,Professional Services,SMB,North America,2025-10-15,Control,0,0,12,1,461,0.778,0.1907,4,4,0,0.5747,37,9277,2025-10
CUST-04366,Starter,SaaS,Mid-Market,APAC,2025-10-03,Control,0,0,5,0,415,0.954,0.1926,1,1,0,0.6515,33,1153,2025-10
CUST-04367,Professional,Financial Services,Mid-Market,North America,2026-01-23,Control,0,0,12,0,415,0.6876,0.1724,3,5,0,0.4731,42,3729,2026-01
CUST-04368,Professional,Professional Services,Enterprise,APAC,2025-11-25,Treatment,0,0,13,1,404,0.8081,0.1793,4,3,1,0.3818,46,2929,2025-11
CUST-04369,Starter,Professional Services,Enterprise,APAC,2026-01-18,Treatment,0,0,15,1,423,0.7478,0.1779,2,5,0,0.454,39,1256,2026-01
CUST-04370,Professional,Professional Services,Enterprise,Europe,2025-11-03,Treatment,0,0,14,5,414,0.6022,0.123,2,4,0,0.432,38,3116,2025-11
CUST-04371,Starter,Education,Mid-Market,Europe,2025-10-03,Control,0,0,14,0,319,0.5979,0.1531,2,5,0,0.3932,42,1109,2025-10
CUST-04372,Starter,SaaS,SMB,LATAM,2026-02-09,Control,0,0,9,3,362,0.5843,0.1454,3,5,1,0.4983,40,1274,2026-02
CUST-04373,Professional,Financial Services,Enterprise,Europe,2026-01-03,Control,0,0,15,1,335,0.7376,0.1572,2,4,1,0.3861,41,3775,2026-01
CUST-04374,Starter,Education,SMB,Europe,2026-01-21,Control,1,6,4,1,365,0.6861,0.0861,3,7,1,0.3919,56,1264,2026-01
CUST-04375,Professional,Financial Services,SMB,North America,2026-02-02,Treatment,0,0,12,0,477,0.7272,0.1754,3,5,1,0.438,43,2882,2026-02
CUST-04376,Starter,SaaS,SMB,North America,2025-12-22,Control,0,0,10,0,355,0.7472,0.1491,3,5,1,0.4806,39,1238,2025-12
CUST-04377,Business,Education,SMB,North America,2026-02-10,Control,0,0,9,0,322,0.696,0.1025,4,4,0,0.5579,39,8181,2026-02
CUST-04378,Starter,SaaS,Mid-Market,LATAM,2025-10-09,Treatment,0,0,9,2,322,0.7143,0.168,7,7,1,0.3028,47,1153,2025-10
CUST-04379,Business,Healthcare,Enterprise,Europe,2025-12-21,Control,1,7,20,14,375,0.8884,0.0834,3,7,1,0.1653,70,7224,2025-12
CUST-04380,Starter,SaaS,SMB,Europe,2026-02-22,Control,1,1,7,2,431,0.7442,0.1017,4,7,1,0.476,55,1150,2026-02
CUST-04381,Professional,E-commerce,SMB,North America,2025-12-02,Treatment,1,7,7,6,355,0.8198,0.0606,4,4,0,0.5439,48,3127,2025-12
CUST-04382,Professional,Healthcare,SMB,APAC,2026-01-10,Control,0,0,4,1,280,0.5554,0.1711,2,3,0,0.5843,31,3479,2026-01
CUST-04383,Starter,E-commerce,Mid-Market,North America,2026-02-21,Treatment,1,7,9,7,318,0.835,0.0687,4,3,1,0.4637,55,1215,2026-02
CUST-04384,Professional,Education,SMB,Europe,2025-12-16,Control,1,3,20,8,471,0.9192,0.0481,5,9,0,0.1481,73,3217,2025-12
CUST-04385,Business,E-commerce,SMB,North America,2026-02-27,Treatment,1,5,10,9,354,0.8783,0.0814,5,8,1,0.1105,68,7867,2026-02
CUST-04386,Business,E-commerce,Mid-Market,APAC,2025-11-03,Control,0,0,8,1,287,0.7148,0.1163,3,2,0,0.5308,38,5744,2025-11
CUST-04387,Starter,Education,SMB,Europe,2025-10-22,Control,0,0,8,0,364,0.7015,0.1433,2,3,0,0.637,33,1161,2025-10
CUST-04388,Starter,Professional Services,SMB,North America,2025-10-19,Treatment,0,0,10,2,282,0.8693,0.1626,5,2,1,0.5059,34,929,2025-10
CUST-04389,Business,SaaS,SMB,North America,2026-01-17,Control,0,0,16,0,383,0.7855,0.1257,3,4,1,0.4264,43,6635,2026-01
CUST-04390,Professional,SaaS,SMB,North America,2026-01-21,Control,1,8,21,15,365,0.8201,0.0975,5,8,1,0.2114,69,2428,2026-01
CUST-04391,Starter,Financial Services,Mid-Market,North America,2025-10-13,Control,1,4,15,11,349,0.8671,0.0554,4,8,0,0.2622,66,1176,2025-10
CUST-04392,Business,Professional Services,SMB,North America,2025-11-08,Control,1,1,11,7,345,0.7698,0.0657,4,6,0,0.38,59,6879,2025-11
CUST-04393,Professional,E-commerce,SMB,North America,2026-02-05,Control,0,0,6,2,503,0.7227,0.1331,3,4,1,0.525,36,3057,2026-02
CUST-04394,Professional,SaaS,Enterprise,North America,2025-10-05,Treatment,0,0,18,3,410,0.6758,0.175,4,4,1,0.5539,36,3231,2025-10
CUST-04395,Professional,Professional Services,Mid-Market,North America,2025-10-14,Control,1,1,13,11,332,0.8854,0.0946,4,6,0,0.3767,61,2842,2025-10
CUST-04396,Professional,Financial Services,SMB,Europe,2026-03-01,Treatment,0,0,8,1,444,0.6587,0.1476,5,5,0,0.658,35,2767,2026-03
CUST-04397,Starter,E-commerce,Mid-Market,North America,2025-11-06,Control,0,0,9,4,423,0.6937,0.1055,2,5,0,0.3917,41,1197,2025-11
CUST-04398,Business,Education,SMB,North America,2025-12-04,Control,0,0,12,2,421,0.7666,0.1577,3,2,1,0.5332,34,7904,2025-12
CUST-04399,Starter,Professional Services,SMB,APAC,2026-01-09,Treatment,1,5,4,2,531,0.6077,0.0595,4,6,0,0.359,57,1065,2026-01
CUST-04400,Business,Financial Services,Mid-Market,North America,2026-03-01,Treatment,0,0,22,1,366,0.6691,0.1278,3,5,0,0.375,47,6721,2026-03
CUST-04401,Business,Financial Services,SMB,Europe,2026-02-06,Treatment,0,0,26,0,480,0.6587,0.1749,5,5,1,0.3764,43,8382,2026-02
CUST-04402,Business,Financial Services,SMB,LATAM,2026-01-22,Control,1,8,26,16,430,0.8261,0.068,5,7,0,0.3028,63,8213,2026-01
CUST-04403,Starter,E-commerce,Enterprise,Europe,2026-02-14,Control,1,7,11,7,286,0.8248,0.091,5,9,1,0.1836,69,1355,2026-02
CUST-04404,Starter,E-commerce,Mid-Market,North America,2026-02-16,Treatment,0,0,10,1,433,0.8893,0.1366,4,4,0,0.5103,39,1286,2026-02
CUST-04405,Professional,Financial Services,Enterprise,Europe,2025-10-18,Control,0,0,20,5,339,0.6562,0.1817,5,7,0,0.2463,50,2854,2025-10
CUST-04406,Professional,Financial Services,Mid-Market,APAC,2025-10-23,Control,0,0,13,2,404,0.6092,0.1728,4,8,1,0.3044,52,2376,2025-10
CUST-04407,Business,E-commerce,SMB,APAC,2026-01-16,Control,0,0,9,3,456,0.8269,0.1847,3,7,1,0.2396,52,7533,2026-01
CUST-04408,Professional,SaaS,Mid-Market,North America,2026-01-07,Control,0,0,12,1,412,0.6785,0.1893,3,5,0,0.3469,46,3663,2026-01
CUST-04409,Business,Financial Services,SMB,Europe,2025-12-01,Treatment,0,0,11,3,271,0.7404,0.1224,4,5,0,0.5349,38,7716,2025-12
CUST-04410,Starter,Financial Services,Mid-Market,APAC,2025-12-25,Treatment,1,5,10,7,406,0.769,0.1391,5,9,0,0.2273,67,1126,2025-12
CUST-04411,Professional,Healthcare,SMB,APAC,2025-11-18,Treatment,1,4,7,5,277,0.8589,0.028,5,5,1,0.201,67,2429,2025-11
CUST-04412,Starter,Healthcare,SMB,North America,2025-10-19,Control,0,0,11,2,371,0.7575,0.1449,5,3,0,0.4112,40,985,2025-10
CUST-04413,Business,SaaS,SMB,North America,2025-11-18,Treatment,0,0,13,3,462,0.7,0.1487,7,6,1,0.3468,47,7202,2025-11
CUST-04414,Starter,Education,Mid-Market,North America,2025-10-01,Treatment,0,0,11,3,327,0.7316,0.116,4,4,0,0.3662,39,1176,2025-10
CUST-04415,Starter,Education,SMB,North America,2025-11-02,Treatment,0,0,5,1,425,0.6909,0.1469,4,7,1,0.1828,51,1105,2025-11
CUST-04416,Business,E-commerce,Mid-Market,Europe,2025-12-02,Treatment,1,7,15,12,314,0.8142,0.1133,5,7,1,0.3105,63,8143,2025-12
CUST-04417,Professional,Healthcare,Mid-Market,North America,2025-11-09,Treatment,0,0,31,3,279,0.6937,0.1628,5,5,0,0.448,43,2799,2025-11
CUST-04418,Starter,Professional Services,Mid-Market,North America,2026-02-09,Control,0,0,17,0,370,0.8469,0.1194,5,12,1,0.0292,66,1044,2026-02
CUST-04419,Starter,E-commerce,SMB,North America,2025-12-24,Treatment,0,0,6,0,373,0.7077,0.1514,4,4,1,0.456,38,1354,2025-12
CUST-04420,Professional,Education,SMB,APAC,2026-03-07,Treatment,0,0,8,0,339,0.6933,0.1827,2,3,0,0.6057,34,3040,2026-03
CUST-04421,Starter,SaaS,Enterprise,APAC,2026-01-30,Treatment,0,0,3,0,411,0.5859,0.1396,3,3,0,0.6596,32,1172,2026-01
CUST-04422,Starter,SaaS,Mid-Market,APAC,2026-02-10,Treatment,0,0,33,3,408,0.6431,0.1499,6,7,1,0.1877,53,1081,2026-02
CUST-04423,Professional,E-commerce,SMB,APAC,2025-10-20,Control,0,0,6,1,376,0.7776,0.1711,4,5,1,0.2567,47,2608,2025-10
CUST-04424,Starter,SaaS,Enterprise,LATAM,2025-12-31,Treatment,0,0,7,0,388,0.7169,0.1791,3,4,0,0.5295,40,1024,2025-12
CUST-04425,Professional,Financial Services,SMB,North America,2025-11-27,Control,0,0,19,1,444,0.7034,0.1759,6,8,1,0.3207,50,3025,2025-11
CUST-04426,Professional,Professional Services,SMB,North America,2026-03-09,Treatment,0,0,16,0,334,0.7888,0.1508,5,8,1,0.3298,52,3115,2026-03
CUST-04427,Starter,SaaS,SMB,APAC,2025-11-06,Control,0,0,5,0,477,0.8346,0.1182,3,7,0,0.4138,46,1067,2025-11
CUST-04428,Starter,E-commerce,SMB,Europe,2026-01-28,Control,0,0,8,0,375,0.6621,0.1664,5,8,1,0.3918,46,1114,2026-01
CUST-04429,Starter,Financial Services,SMB,North America,2025-11-14,Treatment,1,7,9,8,330,0.7913,0.0519,5,7,1,0.2142,64,1140,2025-11
CUST-04430,Starter,Professional Services,Mid-Market,LATAM,2025-10-26,Treatment,0,0,11,0,358,0.5627,0.1563,3,7,0,0.3443,45,1114,2025-10
CUST-04431,Starter,E-commerce,SMB,North America,2026-03-07,Control,1,8,24,14,303,0.8863,0.0686,5,8,1,0.1374,73,1082,2026-03
CUST-04432,Business,SaaS,Mid-Market,APAC,2026-03-05,Control,1,4,19,12,421,0.98,0.0849,4,7,0,0.2633,70,7809,2026-03
CUST-04433,Business,Financial Services,Mid-Market,Europe,2026-02-10,Control,0,0,13,1,359,0.7018,0.1907,5,3,1,0.7202,31,6948,2026-02
CUST-04434,Professional,E-commerce,Mid-Market,North America,2026-02-27,Control,0,0,10,0,439,0.6998,0.1666,3,3,0,0.38,41,3061,2026-02
CUST-04435,Professional,Professional Services,SMB,APAC,2025-10-23,Control,1,6,11,6,395,0.8035,0.1168,5,9,1,0.2376,68,2910,2025-10
CUST-04436,Professional,E-commerce,Mid-Market,Europe,2026-02-23,Treatment,0,0,8,2,379,0.7491,0.1408,3,5,0,0.467,41,2932,2026-02
CUST-04437,Business,Healthcare,SMB,Europe,2026-03-02,Control,0,0,11,3,453,0.7525,0.1674,4,5,0,0.4605,42,6934,2026-03
CUST-04438,Starter,Professional Services,Mid-Market,Europe,2026-01-23,Control,0,0,5,2,391,0.7523,0.1326,1,3,1,0.54,36,976,2026-01
CUST-04439,Starter,E-commerce,SMB,North America,2025-12-15,Treatment,0,0,5,0,289,0.6187,0.154,2,3,0,0.6608,30,1116,2025-12
CUST-04440,Starter,SaaS,Mid-Market,North America,2026-02-10,Control,0,0,12,4,351,0.7256,0.1723,5,9,1,0.178,56,1158,2026-02
CUST-04441,Starter,E-commerce,SMB,North America,2026-02-28,Control,0,0,4,0,564,0.7812,0.1108,2,1,0,0.5558,29,1160,2026-02
CUST-04442,Starter,Education,Mid-Market,North America,2026-03-09,Control,0,0,5,1,400,0.6345,0.156,4,3,0,0.5588,31,1061,2026-03
CUST-04443,Business,Financial Services,SMB,North America,2025-10-15,Control,0,0,11,2,393,0.6211,0.1721,3,6,0,0.2833,47,6731,2025-10
CUST-04444,Business,Healthcare,SMB,Europe,2025-10-14,Treatment,0,0,14,2,456,0.6855,0.1481,2,9,1,0.3852,50,8152,2025-10
CUST-04445,Starter,Financial Services,Mid-Market,North America,2025-11-16,Treatment,1,8,5,3,453,0.8239,0.1099,5,5,1,0.3837,59,1010,2025-11
CUST-04446,Professional,Healthcare,SMB,Europe,2026-03-08,Control,1,8,10,8,303,0.8598,0.087,4,7,0,0.3965,63,3310,2026-03
CUST-04447,Professional,E-commerce,Mid-Market,North America,2025-12-06,Treatment,0,0,13,2,400,0.7925,0.1242,1,9,1,0.1556,59,2605,2025-12
CUST-04448,Professional,E-commerce,Mid-Market,North America,2026-01-02,Treatment,0,0,9,0,410,0.6609,0.1673,2,2,1,0.5601,35,3164,2026-01
CUST-04449,Professional,SaaS,Mid-Market,LATAM,2026-02-01,Treatment,0,0,19,2,322,0.5795,0.1612,3,5,0,0.3556,44,3028,2026-02
CUST-04450,Starter,Healthcare,Mid-Market,LATAM,2026-01-13,Treatment,0,0,15,0,398,0.8557,0.1555,5,8,0,0.3845,47,850,2026-01
CUST-04451,Business,Education,Mid-Market,APAC,2025-12-02,Treatment,0,0,16,3,409,0.829,0.1583,2,3,1,0.5066,37,9512,2025-12
CUST-04452,Enterprise,SaaS,Enterprise,North America,2025-11-04,Treatment,1,9,29,21,346,0.7993,0.108,6,10,1,0.01,74,19393,2025-11
CUST-04453,Professional,Professional Services,SMB,Europe,2025-11-06,Control,1,6,12,7,482,0.8711,0.0892,5,7,0,0.2812,66,2484,2025-11
CUST-04454,Professional,Financial Services,Mid-Market,North America,2025-12-10,Control,1,8,13,11,394,0.8326,0.1046,4,6,1,0.3148,65,3236,2025-12
CUST-04455,Professional,E-commerce,Mid-Market,Europe,2026-01-01,Treatment,0,0,6,1,418,0.7156,0.1966,3,4,1,0.6231,33,2775,2026-01
CUST-04456,Professional,SaaS,SMB,APAC,2026-02-08,Treatment,0,0,10,2,398,0.8739,0.1778,4,5,0,0.4243,45,2516,2026-02
CUST-04457,Starter,SaaS,SMB,North America,2026-03-05,Treatment,1,2,10,9,391,0.7579,0.0898,2,4,1,0.5309,52,1047,2026-03
CUST-04458,Professional,SaaS,SMB,LATAM,2025-11-16,Treatment,1,8,27,19,346,0.6977,0.0884,4,7,1,0.2499,63,2999,2025-11
CUST-04459,Starter,Financial Services,Mid-Market,Europe,2026-01-11,Treatment,0,0,9,0,323,0.7419,0.1525,4,7,0,0.4167,45,1171,2026-01
CUST-04460,Business,Education,SMB,North America,2025-11-24,Treatment,0,0,19,2,334,0.6835,0.1611,3,5,1,0.2243,51,8033,2025-11
CUST-04461,Professional,Education,Mid-Market,North America,2025-11-28,Treatment,1,3,16,14,362,0.8242,0.0927,2,5,0,0.3468,61,3164,2025-11
CUST-04462,Professional,SaaS,Mid-Market,APAC,2025-12-24,Control,0,0,10,3,461,0.7065,0.1424,2,7,1,0.3275,47,3171,2025-12
CUST-04463,Professional,Healthcare,Mid-Market,North America,2026-01-29,Control,1,8,19,14,333,0.7535,0.0772,6,9,1,0.3261,68,3449,2026-01
CUST-04464,Enterprise,SaaS,SMB,North America,2025-11-10,Control,1,7,24,19,404,0.8175,0.0676,5,6,1,0.3486,65,16189,2025-11
CUST-04465,Starter,Education,Mid-Market,North America,2025-10-07,Control,0,0,14,0,435,0.608,0.1782,4,6,0,0.3188,43,1144,2025-10
CUST-04466,Starter,SaaS,Mid-Market,LATAM,2026-01-05,Treatment,0,0,12,1,470,0.6073,0.1654,4,4,1,0.5498,39,1216,2026-01
CUST-04467,Starter,SaaS,SMB,North America,2025-10-10,Control,0,0,9,0,348,0.7097,0.1591,3,3,0,0.5045,37,1500,2025-10
CUST-04468,Professional,Financial Services,SMB,LATAM,2026-03-06,Treatment,1,2,8,6,296,0.8414,0.0732,3,9,1,0.2298,68,3022,2026-03
CUST-04469,Enterprise,E-commerce,SMB,Europe,2025-10-31,Control,0,0,13,5,482,0.6207,0.1748,5,6,1,0.3678,46,14110,2025-10
CUST-04470,Starter,SaaS,Enterprise,North America,2025-12-17,Treatment,0,0,10,1,306,0.7663,0.1436,1,5,1,0.5144,41,1139,2025-12
CUST-04471,Business,Financial Services,SMB,North America,2025-12-04,Control,0,0,10,1,425,0.6912,0.1423,4,5,0,0.4369,38,7015,2025-12
CUST-04472,Starter,SaaS,SMB,Europe,2026-02-13,Treatment,0,0,8,1,490,0.7613,0.178,5,7,1,0.3635,49,1328,2026-02
CUST-04473,Professional,SaaS,SMB,North America,2026-02-04,Control,1,5,7,5,387,0.8288,0.0797,7,10,1,0.0558,75,2706,2026-02
CUST-04474,Starter,SaaS,SMB,North America,2026-02-10,Treatment,0,0,6,1,479,0.8081,0.1665,3,4,0,0.6694,36,1215,2026-02
CUST-04475,Professional,Healthcare,SMB,North America,2026-02-25,Treatment,0,0,9,1,477,0.7182,0.1465,3,3,1,0.2465,43,3201,2026-02
CUST-04476,Professional,Education,Mid-Market,APAC,2025-12-23,Treatment,0,0,16,2,447,0.5987,0.1538,5,8,1,0.3526,46,3498,2025-12
CUST-04477,Professional,E-commerce,SMB,Europe,2026-02-03,Treatment,1,3,9,7,378,0.9729,0.0887,4,7,1,0.2242,67,2885,2026-02
CUST-04478,Starter,Professional Services,Mid-Market,North America,2026-01-10,Treatment,0,0,3,0,347,0.738,0.1857,3,7,0,0.1787,55,1325,2026-01
CUST-04479,Business,Healthcare,SMB,North America,2025-12-28,Treatment,0,0,9,1,322,0.7422,0.1692,3,4,1,0.5512,35,8203,2025-12
CUST-04480,Enterprise,Financial Services,SMB,North America,2025-11-13,Control,0,0,22,0,398,0.7441,0.172,5,6,0,0.4354,43,13741,2025-11
CUST-04481,Professional,Education,Mid-Market,Europe,2026-02-04,Treatment,0,0,8,1,298,0.8422,0.172,2,4,0,0.2895,45,2984,2026-02
CUST-04482,Professional,Healthcare,Mid-Market,North America,2025-12-12,Control,1,5,12,6,409,0.7121,0.1153,6,6,1,0.1925,65,3003,2025-12
CUST-04483,Business,Education,Mid-Market,LATAM,2025-10-04,Control,0,0,14,3,529,0.6194,0.2006,5,6,1,0.538,39,10267,2025-10
CUST-04484,Starter,Financial Services,SMB,APAC,2026-01-05,Control,1,6,7,5,366,0.7541,0.1034,2,4,0,0.4867,52,1337,2026-01
CUST-04485,Business,Professional Services,SMB,North America,2026-02-01,Control,0,0,16,4,413,0.7614,0.1371,6,5,0,0.4498,42,8112,2026-02
CUST-04486,Starter,SaaS,Mid-Market,APAC,2025-11-08,Control,0,0,15,1,338,0.6722,0.1671,2,3,1,0.521,35,1005,2025-11
CUST-04487,Business,Financial Services,SMB,Europe,2026-01-17,Treatment,0,0,16,0,403,0.6689,0.1927,5,9,1,0.1815,55,7133,2026-01
CUST-04488,Starter,E-commerce,Mid-Market,Europe,2026-02-14,Treatment,0,0,10,0,414,0.6408,0.1281,1,2,1,0.5034,33,941,2026-02
CUST-04489,Starter,Education,SMB,North America,2025-12-02,Treatment,0,0,13,0,396,0.7984,0.2015,3,6,1,0.4629,42,946,2025-12
CUST-04490,Professional,Education,SMB,APAC,2026-01-27,Control,1,8,7,4,395,0.8386,0.1077,4,4,0,0.3319,60,2975,2026-01
CUST-04491,Professional,Healthcare,Mid-Market,North America,2025-11-23,Treatment,1,4,20,16,316,0.8736,0.0979,5,8,0,0.3411,65,2675,2025-11
CUST-04492,Business,Education,Mid-Market,APAC,2026-02-16,Control,0,0,16,0,417,0.6868,0.1528,4,5,0,0.3488,44,7250,2026-02
CUST-04493,Enterprise,Education,Mid-Market,North America,2025-11-10,Control,1,6,18,12,389,0.8291,0.0767,4,5,0,0.4672,52,17336,2025-11
CUST-04494,Starter,Financial Services,Enterprise,North America,2025-10-20,Control,0,0,9,0,487,0.7902,0.1854,2,5,0,0.572,40,1050,2025-10
CUST-04495,Starter,SaaS,SMB,LATAM,2026-02-05,Treatment,1,5,4,2,385,0.7452,0.0575,4,6,1,0.3769,56,1246,2026-02
CUST-04496,Professional,SaaS,Mid-Market,North America,2025-12-14,Treatment,1,7,13,8,334,0.8903,0.145,4,4,1,0.2196,63,3170,2025-12
CUST-04497,Professional,SaaS,Enterprise,North America,2025-10-16,Control,1,3,24,18,348,0.8445,0.1129,6,9,1,0.2418,70,3160,2025-10
CUST-04498,Professional,SaaS,SMB,APAC,2025-11-18,Control,0,0,4,0,436,0.8332,0.1735,3,5,0,0.3764,44,3260,2025-11
CUST-04499,Business,Education,SMB,North America,2025-10-24,Control,0,0,18,3,347,0.8051,0.1696,3,6,0,0.3858,50,7911,2025-10
CUST-04500,Business,SaaS,Enterprise,APAC,2025-10-27,Control,0,0,20,3,359,0.599,0.1429,1,5,1,0.3429,44,7621,2025-10
CUST-04501,Starter,Financial Services,SMB,APAC,2026-01-01,Treatment,0,0,10,0,417,0.6842,0.1652,3,3,0,0.4938,34,1093,2026-01
CUST-04502,Professional,Financial Services,Enterprise,North America,2026-03-01,Treatment,0,0,10,1,290,0.5429,0.1236,2,3,0,0.5357,33,2753,2026-03
CUST-04503,Professional,Financial Services,SMB,Europe,2025-12-13,Treatment,1,8,15,13,341,0.6538,0.0636,3,4,0,0.3605,56,2199,2025-12
CUST-04504,Professional,SaaS,Enterprise,LATAM,2025-11-23,Treatment,0,0,15,2,375,0.651,0.1203,3,5,0,0.3809,42,3594,2025-11
CUST-04505,Starter,Financial Services,Mid-Market,LATAM,2025-12-25,Control,0,0,8,3,417,0.8368,0.162,5,4,1,0.3314,46,1592,2025-12
CUST-04506,Professional,Financial Services,Mid-Market,North America,2025-12-05,Treatment,0,0,6,0,361,0.7283,0.1489,4,6,1,0.5681,37,2855,2025-12
CUST-04507,Professional,Financial Services,Mid-Market,Europe,2026-01-05,Treatment,0,0,13,3,369,0.7653,0.1552,3,4,1,0.4513,44,3000,2026-01
CUST-04508,Starter,SaaS,SMB,Europe,2026-02-13,Control,0,0,14,0,407,0.6896,0.1654,5,5,0,0.3446,43,1329,2026-02
CUST-04509,Business,Professional Services,Mid-Market,North America,2026-02-06,Treatment,1,3,16,11,322,0.7836,0.1212,6,6,1,0.1848,67,7719,2026-02
CUST-04510,Professional,SaaS,Enterprise,Europe,2026-03-04,Control,1,9,17,9,317,0.8632,0.0522,5,5,1,0.2364,67,2959,2026-03
CUST-04511,Professional,Financial Services,Enterprise,North America,2025-10-16,Treatment,0,0,8,1,364,0.7158,0.1956,6,7,1,0.3874,47,3132,2025-10
CUST-04512,Professional,E-commerce,Enterprise,North America,2025-11-05,Treatment,0,0,9,0,292,0.7124,0.1627,1,1,0,0.6346,32,3773,2025-11
CUST-04513,Business,SaaS,Mid-Market,North America,2026-02-25,Treatment,0,0,12,1,348,0.7711,0.1483,2,7,0,0.2932,48,7445,2026-02
CUST-04514,Starter,Professional Services,Mid-Market,APAC,2025-11-29,Treatment,0,0,13,3,426,0.6438,0.1665,5,11,1,0.0687,62,1254,2025-11
CUST-04515,Starter,SaaS,SMB,North America,2025-12-26,Treatment,0,0,7,0,324,0.7443,0.1701,1,7,1,0.2775,51,1135,2025-12
CUST-04516,Starter,Education,Mid-Market,North America,2025-10-21,Control,0,0,9,0,349,0.7482,0.1891,4,5,1,0.3924,41,1201,2025-10
CUST-04517,Professional,Education,Mid-Market,North America,2026-02-24,Treatment,0,0,12,0,393,0.5879,0.1555,3,1,0,0.5515,31,3350,2026-02
CUST-04518,Starter,Healthcare,SMB,North America,2026-03-02,Treatment,0,0,6,0,447,0.6412,0.1278,2,2,0,0.4789,32,1192,2026-03
CUST-04519,Business,Healthcare,SMB,LATAM,2026-01-01,Treatment,0,0,16,1,334,0.6772,0.1257,4,8,1,0.2975,48,6758,2026-01
CUST-04520,Starter,SaaS,Mid-Market,North America,2026-01-25,Treatment,1,7,13,10,319,0.7705,0.1078,6,7,0,0.1722,64,983,2026-01
CUST-04521,Starter,Education,SMB,North America,2025-12-11,Control,1,6,16,11,435,0.8488,0.1027,5,6,0,0.2472,64,1075,2025-12
CUST-04522,Professional,Financial Services,SMB,LATAM,2025-10-01,Control,0,0,11,3,399,0.656,0.2052,2,4,0,0.2874,40,3582,2025-10
CUST-04523,Business,SaaS,SMB,North America,2025-12-31,Treatment,0,0,21,3,435,0.6546,0.1245,3,4,1,0.5697,37,7332,2025-12
CUST-04524,Business,E-commerce,Mid-Market,North America,2025-12-03,Treatment,0,0,16,2,341,0.7803,0.1716,4,5,1,0.449,43,6064,2025-12
CUST-04525,Business,SaaS,Enterprise,APAC,2025-10-19,Treatment,1,7,15,13,312,0.8859,0.1117,5,6,1,0.4294,58,6025,2025-10
CUST-04526,Professional,Financial Services,Mid-Market,Europe,2025-10-13,Control,1,3,20,8,436,0.8886,0.0978,5,9,0,0.125,72,3166,2025-10
CUST-04527,Business,E-commerce,Enterprise,North America,2025-11-09,Control,0,0,10,3,408,0.6396,0.1558,1,5,0,0.3102,41,6068,2025-11
CUST-04528,Professional,SaaS,Mid-Market,Europe,2026-01-16,Treatment,1,6,17,13,387,0.7359,0.0824,5,7,0,0.3947,59,2533,2026-01
CUST-04529,Starter,Professional Services,SMB,Europe,2026-01-04,Control,1,1,5,3,410,0.6728,0.0823,4,5,1,0.4181,51,1252,2026-01
CUST-04530,Professional,SaaS,SMB,Europe,2025-10-06,Treatment,0,0,9,0,456,0.5214,0.1663,4,7,1,0.2818,47,3541,2025-10
CUST-04531,Business,E-commerce,SMB,North America,2025-10-05,Treatment,1,1,10,8,333,0.7097,0.12,2,7,1,0.225,66,8207,2025-10
CUST-04532,Starter,Financial Services,SMB,APAC,2025-10-28,Control,0,0,6,0,349,0.6769,0.1287,4,9,0,0.2122,50,1014,2025-10
CUST-04533,Professional,Education,Mid-Market,Europe,2025-11-24,Control,0,0,27,5,357,0.7457,0.1507,3,8,1,0.3026,53,3242,2025-11
CUST-04534,Professional,E-commerce,SMB,Europe,2025-10-15,Treatment,1,5,24,14,344,0.8762,0.1277,4,6,0,0.4272,59,3483,2025-10
CUST-04535,Professional,Education,Enterprise,LATAM,2025-12-11,Treatment,0,0,23,1,282,0.7209,0.1278,3,7,0,0.4473,52,2661,2025-12
CUST-04536,Starter,Healthcare,Mid-Market,APAC,2025-12-07,Control,0,0,17,5,414,0.8438,0.1711,4,4,1,0.3368,47,1258,2025-12
CUST-04537,Professional,Professional Services,SMB,Europe,2025-12-27,Treatment,0,0,13,2,446,0.6569,0.0925,3,7,1,0.3076,44,3440,2025-12
CUST-04538,Business,SaaS,Enterprise,North America,2026-01-24,Control,1,4,15,12,359,0.9184,0.078,3,8,0,0.2997,64,8237,2026-01
CUST-04539,Starter,Financial Services,Enterprise,North America,2026-01-31,Control,0,0,7,0,372,0.6624,0.1372,5,7,0,0.2618,46,957,2026-01
CUST-04540,Professional,SaaS,Mid-Market,Europe,2025-11-27,Treatment,0,0,17,3,402,0.7682,0.1882,3,4,1,0.5235,42,2737,2025-11
CUST-04541,Starter,Education,Mid-Market,North America,2025-12-21,Control,0,0,9,1,308,0.7468,0.1308,5,5,1,0.5932,38,1156,2025-12
CUST-04542,Starter,Education,Enterprise,Europe,2025-10-27,Control,1,6,15,9,268,0.9041,0.0622,5,7,0,0.3519,62,1173,2025-10
CUST-04543,Enterprise,E-commerce,Mid-Market,Europe,2025-11-16,Control,0,0,6,0,502,0.8729,0.1379,4,5,1,0.3775,47,15458,2025-11
CUST-04544,Professional,E-commerce,Mid-Market,Europe,2025-10-23,Control,0,0,16,2,288,0.6486,0.1467,4,4,0,0.5964,34,2545,2025-10
CUST-04545,Professional,Financial Services,SMB,North America,2025-11-22,Treatment,0,0,12,2,442,0.5452,0.1491,5,3,0,0.6116,29,2744,2025-11
CUST-04546,Starter,Healthcare,SMB,APAC,2025-10-24,Treatment,1,1,13,9,437,0.7929,0.0752,6,10,1,0.0912,72,1100,2025-10
CUST-04547,Enterprise,Financial Services,SMB,Europe,2026-02-25,Control,1,3,17,10,365,0.866,0.0971,6,6,0,0.226,68,16326,2026-02
CUST-04548,Starter,Financial Services,SMB,North America,2025-11-04,Control,0,0,7,0,404,0.7289,0.1325,3,6,1,0.4238,43,1126,2025-11
CUST-04549,Business,E-commerce,SMB,Europe,2025-10-05,Treatment,0,0,10,2,404,0.9626,0.171,2,5,0,0.6306,42,7316,2025-10
CUST-04550,Starter,SaaS,SMB,North America,2025-10-17,Treatment,0,0,5,1,277,0.7734,0.1409,4,4,1,0.429,41,939,2025-10
CUST-04551,Starter,Education,SMB,Europe,2026-03-03,Control,0,0,11,1,367,0.7732,0.1074,5,5,1,0.3686,47,1301,2026-03
CUST-04552,Professional,SaaS,SMB,North America,2026-02-27,Control,1,9,6,5,433,0.7059,0.0859,7,9,1,0.1037,72,2996,2026-02
CUST-04553,Starter,Financial Services,SMB,Europe,2025-12-15,Treatment,0,0,8,1,406,0.686,0.1712,4,4,0,0.4177,40,1270,2025-12
CUST-04554,Professional,SaaS,Mid-Market,North America,2025-10-21,Control,1,2,10,5,365,0.848,0.066,4,9,1,0.1566,72,2729,2025-10
CUST-04555,Starter,SaaS,Mid-Market,North America,2025-10-22,Treatment,0,0,14,3,397,0.755,0.1621,4,6,1,0.327,48,1188,2025-10
CUST-04556,Business,SaaS,Mid-Market,North America,2026-03-09,Treatment,0,0,36,7,355,0.7354,0.1478,4,6,1,0.3032,49,7598,2026-03
CUST-04557,Business,Healthcare,SMB,North America,2025-12-03,Control,1,8,11,5,309,0.9107,0.0753,5,7,1,0.2041,71,7185,2025-12
CUST-04558,Business,Financial Services,Mid-Market,APAC,2026-01-02,Control,1,9,14,13,395,0.7557,0.1049,5,6,0,0.2911,61,7467,2026-01
CUST-04559,Starter,E-commerce,SMB,APAC,2025-10-01,Treatment,0,0,6,0,357,0.7637,0.176,4,6,1,0.4259,45,1321,2025-10
CUST-04560,Business,Financial Services,SMB,North America,2025-12-30,Control,1,4,5,1,518,0.7578,0.0611,3,5,1,0.3088,59,7432,2025-12
CUST-04561,Enterprise,Financial Services,SMB,North America,2025-10-21,Treatment,0,0,14,0,392,0.98,0.1353,4,7,1,0.3379,53,17614,2025-10
CUST-04562,Starter,SaaS,Enterprise,Europe,2025-11-15,Control,1,2,11,6,391,0.7492,0.1076,3,5,0,0.2421,63,1299,2025-11
CUST-04563,Starter,SaaS,Enterprise,North America,2026-02-17,Treatment,0,0,10,3,480,0.8967,0.1332,3,7,1,0.2662,57,989,2026-02
CUST-04564,Business,Financial Services,Mid-Market,North America,2025-11-25,Treatment,0,0,12,0,434,0.7107,0.1371,3,9,1,0.3759,51,8505,2025-11
CUST-04565,Starter,Financial Services,Mid-Market,North America,2025-12-26,Treatment,1,2,10,8,277,0.7585,0.0825,5,5,1,0.3157,60,1166,2025-12
CUST-04566,Professional,E-commerce,SMB,Europe,2026-02-20,Control,0,0,3,1,357,0.7273,0.1448,1,2,1,0.603,33,3260,2026-02
CUST-04567,Business,SaaS,Mid-Market,LATAM,2025-11-04,Treatment,1,6,17,10,272,0.7189,0.0768,8,7,1,0.2612,64,7650,2025-11
CUST-04568,Starter,Professional Services,SMB,North America,2025-10-12,Treatment,1,1,8,7,338,0.7368,0.083,5,9,1,0.1242,72,1086,2025-10
CUST-04569,Professional,SaaS,SMB,LATAM,2025-11-05,Control,0,0,16,4,333,0.8611,0.1538,4,7,1,0.4528,50,2060,2025-11
CUST-04570,Professional,Financial Services,Enterprise,APAC,2026-01-14,Treatment,1,8,13,10,342,0.8468,0.0951,4,7,1,0.3269,62,4085,2026-01
CUST-04571,Starter,SaaS,Enterprise,LATAM,2026-01-02,Treatment,0,0,22,2,477,0.8043,0.162,5,9,1,0.3367,55,1089,2026-01
CUST-04572,Business,Financial Services,SMB,Europe,2025-11-12,Control,0,0,17,2,493,0.693,0.203,2,7,1,0.3705,48,7159,2025-11
CUST-04573,Starter,Healthcare,SMB,APAC,2026-01-25,Treatment,0,0,7,0,311,0.786,0.1754,6,8,0,0.427,45,1021,2026-01
CUST-04574,Professional,Financial Services,SMB,Europe,2026-03-02,Control,0,0,22,5,294,0.7416,0.158,3,7,1,0.3722,49,2632,2026-03
CUST-04575,Business,SaaS,SMB,APAC,2025-12-07,Control,0,0,7,0,412,0.6735,0.201,3,3,0,0.5285,35,7285,2025-12
CUST-04576,Starter,E-commerce,SMB,North America,2026-02-27,Control,0,0,10,0,396,0.98,0.1377,5,5,1,0.3754,49,1070,2026-02
CUST-04577,Business,SaaS,Mid-Market,Europe,2026-01-24,Control,1,4,29,19,285,0.6989,0.138,7,11,1,0.1617,74,6961,2026-01
CUST-04578,Starter,Financial Services,SMB,Europe,2025-10-19,Control,0,0,3,0,394,0.737,0.2238,2,3,0,0.4949,37,1164,2025-10
CUST-04579,Professional,SaaS,SMB,North America,2026-02-05,Control,0,0,5,0,405,0.775,0.1816,4,2,0,0.5725,34,3309,2026-02
CUST-04580,Starter,SaaS,SMB,North America,2025-11-14,Treatment,1,7,11,9,332,0.835,0.0861,5,4,0,0.4057,58,1241,2025-11
CUST-04581,Professional,Financial Services,Mid-Market,North America,2025-11-25,Treatment,0,0,12,0,475,0.6946,0.1842,5,5,0,0.3954,46,2536,2025-11
CUST-04582,Business,SaaS,SMB,North America,2026-01-30,Control,1,6,6,3,433,0.7586,0.1205,3,4,0,0.4764,52,8565,2026-01
CUST-04583,Business,SaaS,SMB,North America,2025-12-14,Treatment,1,5,14,11,344,0.8381,0.0664,6,8,1,0.2401,71,6824,2025-12
CUST-04584,Enterprise,Professional Services,Mid-Market,North America,2025-12-11,Treatment,1,1,35,24,426,0.7766,0.1099,5,7,1,0.1961,69,12989,2025-12
CUST-04585,Professional,Professional Services,Mid-Market,North America,2025-12-15,Treatment,1,3,9,7,403,0.9029,0.0843,5,4,0,0.3841,55,3042,2025-12
CUST-04586,Business,Professional Services,SMB,Europe,2026-02-06,Treatment,0,0,18,0,412,0.7492,0.1395,2,5,0,0.3557,47,6986,2026-02
CUST-04587,Professional,Healthcare,Mid-Market,North America,2026-01-22,Control,0,0,14,3,249,0.7165,0.1681,3,4,1,0.4189,41,2176,2026-01
CUST-04588,Business,E-commerce,SMB,North America,2025-12-16,Control,0,0,16,2,318,0.7401,0.1622,4,6,1,0.3955,48,7064,2025-12
CUST-04589,Professional,Professional Services,Mid-Market,North America,2026-02-13,Control,0,0,17,3,370,0.7727,0.1264,3,6,0,0.2056,48,3361,2026-02
CUST-04590,Business,SaaS,SMB,North America,2025-12-20,Control,0,0,10,1,425,0.8363,0.1951,3,8,1,0.3007,51,7528,2025-12
CUST-04591,Starter,Professional Services,Enterprise,North America,2026-01-15,Control,0,0,20,0,332,0.7627,0.1648,4,9,1,0.1965,54,1016,2026-01
CUST-04592,Professional,SaaS,Enterprise,LATAM,2025-11-30,Control,0,0,19,3,455,0.7469,0.1809,3,2,0,0.4774,39,3166,2025-11
CUST-04593,Business,Education,Mid-Market,North America,2026-02-28,Treatment,1,2,13,10,433,0.8835,0.1133,4,6,1,0.3001,61,8008,2026-02
CUST-04594,Starter,Financial Services,Enterprise,North America,2026-01-14,Treatment,0,0,4,0,432,0.6166,0.1427,2,4,0,0.6133,31,1218,2026-01
CUST-04595,Starter,E-commerce,SMB,Europe,2025-10-03,Treatment,1,8,4,4,374,0.7671,0.1447,6,6,1,0.4523,57,1455,2025-10
CUST-04596,Enterprise,E-commerce,Mid-Market,APAC,2025-11-14,Treatment,1,9,9,6,402,0.8233,0.1427,3,5,1,0.279,62,18675,2025-11
CUST-04597,Professional,SaaS,SMB,North America,2026-01-21,Treatment,0,0,7,1,419,0.6605,0.1361,1,6,1,0.3303,48,3264,2026-01
CUST-04598,Starter,Healthcare,SMB,North America,2025-12-09,Treatment,0,0,4,0,410,0.7887,0.1613,2,5,1,0.3994,46,1042,2025-12
CUST-04599,Professional,Professional Services,SMB,Europe,2026-03-05,Control,0,0,7,1,389,0.7327,0.1654,5,6,1,0.4523,44,3144,2026-03
CUST-04600,Professional,E-commerce,Mid-Market,North America,2025-11-29,Control,1,2,12,8,411,0.7201,0.0745,7,8,1,0.1729,64,2991,2025-11
CUST-04601,Professional,E-commerce,Mid-Market,North America,2026-02-16,Control,1,4,9,5,418,0.7111,0.081,5,4,1,0.4594,55,2849,2026-02
CUST-04602,Enterprise,SaaS,Mid-Market,LATAM,2026-01-18,Control,0,0,37,5,320,0.7548,0.2204,5,7,1,0.2791,54,15428,2026-01
CUST-04603,Enterprise,Financial Services,SMB,LATAM,2025-10-05,Treatment,1,3,11,8,354,0.8881,0.0784,3,4,0,0.5869,50,11497,2025-10
CUST-04604,Professional,Healthcare,Enterprise,Europe,2026-01-11,Control,0,0,11,0,434,0.7376,0.209,1,3,1,0.5869,34,3058,2026-01
CUST-04605,Professional,SaaS,Mid-Market,North America,2026-01-22,Control,0,0,16,2,316,0.9384,0.1911,5,4,1,0.423,44,2919,2026-01
CUST-04606,Professional,Education,Mid-Market,Europe,2025-10-26,Control,0,0,16,1,437,0.715,0.1721,3,7,1,0.3082,48,2427,2025-10
CUST-04607,Business,E-commerce,SMB,LATAM,2025-11-17,Treatment,1,4,10,6,356,0.7636,0.124,5,5,1,0.54,55,6746,2025-11
CUST-04608,Starter,E-commerce,SMB,LATAM,2025-11-19,Control,0,0,7,1,505,0.835,0.1837,3,6,1,0.2964,48,893,2025-11
CUST-04609,Starter,Education,Mid-Market,North America,2025-10-31,Control,1,9,18,9,412,0.8364,0.1058,4,7,0,0.3205,63,1368,2025-10
CUST-04610,Enterprise,Healthcare,Enterprise,North America,2026-01-08,Control,0,0,15,1,408,0.8624,0.1866,2,6,0,0.605,42,20507,2026-01
CUST-04611,Business,Education,SMB,North America,2025-12-31,Control,0,0,10,1,425,0.8446,0.1485,3,2,1,0.4644,39,7567,2025-12
CUST-04612,Starter,Financial Services,SMB,APAC,2026-01-07,Treatment,1,3,8,4,380,0.7822,0.0862,5,8,0,0.3167,66,1202,2026-01
CUST-04613,Professional,Financial Services,SMB,North America,2025-12-23,Control,0,0,11,0,321,0.683,0.1262,2,8,1,0.2962,51,2549,2025-12
CUST-04614,Professional,SaaS,SMB,North America,2026-02-20,Control,0,0,16,1,399,0.7886,0.1795,6,6,0,0.529,43,3298,2026-02
CUST-04615,Professional,SaaS,Mid-Market,North America,2026-01-13,Treatment,1,2,4,3,271,0.7454,0.0753,3,7,0,0.4384,59,2618,2026-01
CUST-04616,Starter,E-commerce,SMB,North America,2025-12-04,Control,0,0,6,0,390,0.6925,0.124,1,3,0,0.638,30,1092,2025-12
CUST-04617,Starter,SaaS,SMB,APAC,2025-12-09,Treatment,0,0,5,0,415,0.5754,0.1761,3,5,0,0.2866,41,931,2025-12
CUST-04618,Professional,SaaS,Mid-Market,North America,2025-10-23,Treatment,0,0,19,1,335,0.7183,0.1544,4,6,1,0.2942,45,3000,2025-10
CUST-04619,Professional,Financial Services,SMB,North America,2026-01-29,Control,1,2,12,8,357,0.9284,0.1323,7,7,1,0.2048,69,2659,2026-01
CUST-04620,Professional,Professional Services,SMB,Europe,2026-01-11,Control,0,0,10,0,489,0.7328,0.1831,3,5,0,0.4353,40,2307,2026-01
CUST-04621,Starter,SaaS,Mid-Market,Europe,2025-12-02,Control,0,0,7,1,368,0.5981,0.1959,4,5,1,0.4786,37,1009,2025-12
CUST-04622,Enterprise,Professional Services,SMB,Europe,2026-02-18,Control,1,5,9,3,332,0.98,0.0892,4,3,1,0.5756,51,19784,2026-02
CUST-04623,Professional,Education,Enterprise,APAC,2025-11-29,Control,0,0,9,3,445,0.6783,0.1689,1,6,1,0.2448,47,3320,2025-11
CUST-04624,Business,Professional Services,Mid-Market,North America,2025-11-20,Treatment,0,0,13,1,414,0.734,0.1851,5,6,0,0.1998,53,8246,2025-11
CUST-04625,Starter,Professional Services,Enterprise,North America,2025-11-16,Control,0,0,13,7,368,0.7569,0.0993,3,6,1,0.3146,45,929,2025-11
CUST-04626,Professional,Financial Services,SMB,North America,2026-01-27,Control,1,2,20,17,376,0.8795,0.0517,6,7,1,0.1469,68,3069,2026-01
CUST-04627,Business,SaaS,Mid-Market,Europe,2026-02-23,Treatment,0,0,24,3,407,0.768,0.1595,3,4,0,0.5514,40,8002,2026-02
CUST-04628,Professional,Healthcare,SMB,LATAM,2026-01-08,Control,0,0,7,0,365,0.7189,0.1189,4,4,0,0.5162,38,3316,2026-01
CUST-04629,Starter,Education,Mid-Market,North America,2026-01-17,Treatment,0,0,20,2,337,0.7291,0.141,3,5,1,0.4203,40,1176,2026-01
CUST-04630,Starter,Financial Services,SMB,Europe,2026-01-29,Control,0,0,12,0,506,0.6742,0.1759,3,4,1,0.4909,39,1211,2026-01
CUST-04631,Starter,Professional Services,SMB,Europe,2025-11-07,Treatment,0,0,15,0,433,0.6469,0.17,5,9,1,0.1503,51,1231,2025-11
CUST-04632,Professional,Education,SMB,LATAM,2025-10-19,Treatment,0,0,11,1,487,0.7057,0.1782,2,7,0,0.3628,45,3412,2025-10
CUST-04633,Professional,SaaS,Mid-Market,North America,2025-12-04,Treatment,0,0,11,1,388,0.8541,0.1336,1,6,1,0.3618,51,2783,2025-12
CUST-04634,Starter,Healthcare,Mid-Market,North America,2026-01-16,Treatment,1,5,14,9,431,0.725,0.1136,6,11,1,0.01,77,1220,2026-01
CUST-04635,Professional,Financial Services,SMB,Europe,2026-02-13,Control,0,0,9,0,364,0.6243,0.1408,5,5,1,0.3573,44,3807,2026-02
CUST-04636,Starter,SaaS,Mid-Market,APAC,2026-01-07,Control,0,0,16,1,316,0.7444,0.1754,4,7,1,0.3448,50,1222,2026-01
CUST-04637,Professional,Financial Services,Mid-Market,Europe,2026-01-23,Control,0,0,12,1,428,0.8119,0.1789,2,6,1,0.4046,44,2969,2026-01
CUST-04638,Professional,Professional Services,SMB,APAC,2026-02-14,Control,1,9,2,2,409,0.7561,0.1442,3,5,1,0.321,57,3756,2026-02
CUST-04639,Starter,Financial Services,SMB,North America,2026-02-01,Treatment,0,0,4,0,465,0.6521,0.2046,3,4,1,0.4002,38,1199,2026-02
CUST-04640,Starter,Healthcare,Mid-Market,Europe,2025-10-30,Control,0,0,8,2,414,0.7594,0.179,1,4,0,0.5739,37,1370,2025-10
CUST-04641,Starter,Professional Services,Mid-Market,North America,2025-11-07,Control,0,0,3,0,370,0.7435,0.1531,3,4,0,0.3009,45,1419,2025-11
CUST-04642,Starter,SaaS,Mid-Market,North America,2026-02-23,Treatment,0,0,9,0,429,0.8515,0.1647,3,3,1,0.4803,38,1138,2026-02
CUST-04643,Professional,Education,Mid-Market,North America,2025-12-05,Control,1,4,7,5,381,0.9064,0.1006,3,6,1,0.2628,62,3146,2025-12
CUST-04644,Starter,SaaS,Mid-Market,North America,2026-02-08,Treatment,1,3,7,7,338,0.7089,0.076,7,6,1,0.4442,59,1185,2026-02
CUST-04645,Starter,Education,SMB,North America,2026-03-08,Control,0,0,12,2,371,0.6474,0.1779,3,7,1,0.3824,49,1046,2026-03
CUST-04646,Enterprise,E-commerce,Enterprise,Europe,2025-11-12,Treatment,0,0,31,1,343,0.5317,0.1804,5,7,1,0.3745,47,14024,2025-11
CUST-04647,Business,E-commerce,SMB,APAC,2025-12-11,Control,0,0,13,2,408,0.7455,0.1804,3,3,0,0.4381,41,8098,2025-12
CUST-04648,Starter,E-commerce,Mid-Market,North America,2026-02-25,Treatment,0,0,8,0,421,0.6687,0.1335,5,6,1,0.3499,49,1292,2026-02
CUST-04649,Starter,SaaS,Enterprise,North America,2025-12-06,Treatment,0,0,8,0,327,0.8887,0.1602,2,3,1,0.6129,33,1280,2025-12
CUST-04650,Professional,E-commerce,Mid-Market,North America,2026-02-18,Treatment,0,0,6,0,515,0.6899,0.185,3,5,0,0.3894,40,2953,2026-02
CUST-04651,Business,Professional Services,Mid-Market,North America,2025-11-18,Treatment,1,2,51,39,273,0.7835,0.1101,4,8,1,0.2153,75,6614,2025-11
CUST-04652,Business,Professional Services,SMB,North America,2026-03-05,Treatment,0,0,6,0,371,0.6738,0.157,6,5,1,0.4893,42,9573,2026-03
CUST-04653,Starter,SaaS,SMB,Europe,2026-03-09,Control,0,0,11,0,421,0.7371,0.1597,3,6,1,0.4239,42,1082,2026-03
CUST-04654,Starter,Financial Services,Mid-Market,APAC,2025-10-17,Control,0,0,9,0,429,0.838,0.1506,4,8,0,0.3348,51,1257,2025-10
CUST-04655,Professional,Professional Services,SMB,North America,2026-01-27,Treatment,0,0,7,0,362,0.5614,0.1757,3,3,0,0.4397,38,2741,2026-01
CUST-04656,Business,Professional Services,SMB,Europe,2025-11-29,Treatment,0,0,10,1,349,0.8194,0.1198,1,3,0,0.6356,33,7050,2025-11
CUST-04657,Business,E-commerce,Enterprise,Europe,2025-10-22,Treatment,0,0,20,0,402,0.573,0.1368,4,7,0,0.3495,47,7008,2025-10
CUST-04658,Starter,SaaS,SMB,North America,2026-01-21,Treatment,0,0,4,0,406,0.7064,0.1464,3,3,1,0.5156,35,1198,2026-01
CUST-04659,Professional,Education,SMB,North America,2025-12-04,Control,0,0,20,3,475,0.6432,0.1745,5,7,0,0.2335,47,3167,2025-12
CUST-04660,Starter,Healthcare,SMB,North America,2025-10-04,Control,1,6,8,6,298,0.7274,0.127,5,10,1,0.1629,70,1311,2025-10
CUST-04661,Professional,Healthcare,Mid-Market,North America,2025-11-10,Control,0,0,10,1,404,0.619,0.1699,3,1,1,0.6004,31,2497,2025-11
CUST-04662,Business,Professional Services,SMB,APAC,2025-12-15,Treatment,0,0,12,1,393,0.7613,0.131,4,7,0,0.3125,51,6261,2025-12
CUST-04663,Professional,SaaS,Mid-Market,North America,2026-02-08,Control,0,0,10,0,428,0.6941,0.1551,3,5,1,0.3806,43,2820,2026-02
CUST-04664,Starter,Professional Services,SMB,North America,2025-11-16,Control,0,0,6,0,392,0.7726,0.1371,3,3,0,0.5226,39,1183,2025-11
CUST-04665,Professional,SaaS,SMB,North America,2025-12-11,Treatment,1,9,8,4,432,0.8626,0.084,5,6,0,0.3357,61,2711,2025-12
CUST-04666,Professional,Professional Services,SMB,North America,2025-12-17,Control,0,0,13,3,428,0.7078,0.1372,5,6,1,0.3034,50,3092,2025-12
CUST-04667,Business,Education,SMB,LATAM,2025-11-18,Control,0,0,13,1,474,0.7823,0.1511,4,8,0,0.2096,54,7341,2025-11
CUST-04668,Professional,Education,Mid-Market,North America,2026-02-16,Control,0,0,12,0,414,0.7358,0.1395,3,4,0,0.4904,38,2697,2026-02
CUST-04669,Business,Education,SMB,Europe,2026-02-25,Treatment,0,0,7,0,407,0.6915,0.2114,2,6,0,0.3585,46,8279,2026-02
CUST-04670,Starter,Education,SMB,North America,2025-10-24,Control,0,0,3,1,367,0.8032,0.1704,4,5,1,0.3544,46,1259,2025-10
CUST-04671,Starter,Healthcare,SMB,North America,2025-10-28,Treatment,1,5,3,1,307,0.9279,0.0685,5,5,0,0.3396,59,1237,2025-10
CUST-04672,Starter,Education,SMB,North America,2025-10-29,Treatment,0,0,13,2,417,0.8305,0.1592,2,4,0,0.5128,38,1144,2025-10
CUST-04673,Starter,Education,SMB,APAC,2026-03-08,Treatment,1,5,10,7,384,0.6738,0.1342,4,7,1,0.292,56,1097,2026-03
CUST-04674,Starter,E-commerce,SMB,North America,2025-12-03,Treatment,0,0,9,0,438,0.735,0.1819,3,2,1,0.4529,36,1364,2025-12
CUST-04675,Professional,Healthcare,Enterprise,Europe,2026-01-18,Control,0,0,17,2,377,0.8343,0.1562,2,4,0,0.5394,38,3003,2026-01
CUST-04676,Starter,SaaS,SMB,North America,2025-10-01,Control,0,0,7,3,315,0.6318,0.1462,2,4,0,0.5217,35,1030,2025-10
CUST-04677,Starter,Financial Services,Mid-Market,Europe,2025-11-12,Control,1,9,12,10,305,0.8024,0.0984,3,3,1,0.5342,50,1309,2025-11
CUST-04678,Starter,Financial Services,Mid-Market,Europe,2025-10-04,Treatment,0,0,14,0,420,0.6699,0.1472,5,7,1,0.4666,45,1534,2025-10
CUST-04679,Starter,Healthcare,SMB,Europe,2026-02-09,Control,0,0,8,1,460,0.7515,0.1892,4,5,0,0.4238,41,1088,2026-02
CUST-04680,Business,Healthcare,Mid-Market,North America,2026-02-11,Treatment,0,0,16,1,316,0.9637,0.2239,5,6,1,0.3124,50,7513,2026-02
CUST-04681,Enterprise,Financial Services,Mid-Market,North America,2026-01-18,Treatment,0,0,27,2,491,0.7543,0.165,3,6,0,0.5054,45,15727,2026-01
CUST-04682,Starter,SaaS,Mid-Market,APAC,2026-02-12,Treatment,0,0,11,1,285,0.7166,0.1629,4,4,1,0.5523,37,1299,2026-02
CUST-04683,Business,Education,Enterprise,Europe,2026-02-07,Control,0,0,17,0,509,0.908,0.1308,4,7,1,0.3322,50,7446,2026-02
CUST-04684,Business,Healthcare,Mid-Market,North America,2026-02-11,Treatment,1,5,10,7,303,0.8258,0.1293,5,6,1,0.2528,60,6986,2026-02
CUST-04685,Enterprise,SaaS,SMB,North America,2025-10-14,Control,0,0,14,1,483,0.7048,0.1742,1,3,0,0.6151,38,17306,2025-10
CUST-04686,Professional,SaaS,Enterprise,North America,2025-11-14,Treatment,0,0,11,1,377,0.5979,0.1173,2,2,0,0.5327,33,3144,2025-11
CUST-04687,Starter,Professional Services,SMB,North America,2025-10-27,Treatment,0,0,10,0,485,0.8168,0.1694,4,5,1,0.5308,40,1404,2025-10
CUST-04688,Professional,Education,Mid-Market,North America,2026-02-07,Control,1,5,18,11,237,0.7149,0.0902,3,9,0,0.083,72,3508,2026-02
CUST-04689,Business,SaaS,Mid-Market,North America,2025-10-01,Treatment,0,0,20,2,433,0.7141,0.1642,2,3,0,0.5566,33,7306,2025-10
CUST-04690,Business,SaaS,Mid-Market,North America,2026-03-04,Treatment,0,0,33,5,453,0.7643,0.1504,4,5,0,0.4701,47,8307,2026-03
CUST-04691,Professional,E-commerce,Enterprise,Europe,2026-02-02,Treatment,1,2,19,10,387,0.8607,0.0933,4,5,1,0.3563,59,3303,2026-02
CUST-04692,Starter,SaaS,SMB,LATAM,2025-11-27,Control,0,0,9,4,410,0.5984,0.1338,4,6,1,0.2338,48,1375,2025-11
CUST-04693,Business,Professional Services,Mid-Market,Europe,2025-11-25,Control,1,6,14,8,425,0.7235,0.0931,5,4,1,0.4492,53,7606,2025-11
CUST-04694,Business,SaaS,SMB,North America,2025-12-08,Control,1,4,11,8,369,0.8275,0.111,6,6,1,0.3236,61,6207,2025-12
CUST-04695,Professional,E-commerce,Mid-Market,Europe,2026-02-01,Treatment,0,0,7,0,383,0.603,0.1559,3,2,0,0.6079,32,2623,2026-02
CUST-04696,Professional,Healthcare,Mid-Market,North America,2025-11-17,Control,0,0,10,0,336,0.7844,0.1429,2,6,1,0.3319,48,2811,2025-11
CUST-04697,Professional,E-commerce,SMB,Europe,2025-10-01,Treatment,1,5,8,5,418,0.7032,0.1264,4,6,0,0.2724,63,2788,2025-10
CUST-04698,Professional,E-commerce,Mid-Market,North America,2025-12-27,Treatment,1,6,13,9,421,0.7863,0.1192,4,4,0,0.3624,56,3266,2025-12
CUST-04699,Professional,SaaS,SMB,North America,2026-01-25,Control,0,0,7,1,438,0.6891,0.1348,5,4,1,0.261,46,3138,2026-01
CUST-04700,Business,SaaS,SMB,Europe,2026-01-18,Treatment,1,7,24,21,388,0.873,0.0804,7,11,1,0.0713,77,7722,2026-01
CUST-04701,Enterprise,SaaS,Enterprise,North America,2026-01-04,Control,0,0,34,2,419,0.7128,0.1616,3,5,0,0.3032,49,16312,2026-01
CUST-04702,Professional,SaaS,Mid-Market,Europe,2026-02-16,Control,0,0,9,0,384,0.7864,0.168,2,3,1,0.5813,38,2784,2026-02
CUST-04703,Professional,Education,Mid-Market,Europe,2026-01-10,Control,1,3,13,5,445,0.9017,0.1065,5,5,1,0.3324,60,3710,2026-01
CUST-04704,Professional,Healthcare,SMB,North America,2025-12-17,Treatment,0,0,7,0,383,0.7264,0.1533,3,5,1,0.4819,38,3089,2025-12
CUST-04705,Starter,Healthcare,SMB,North America,2026-02-01,Treatment,1,9,8,5,374,0.8291,0.0671,6,9,1,0.1861,71,1217,2026-02
CUST-04706,Starter,SaaS,SMB,Europe,2025-10-07,Control,0,0,15,2,430,0.6739,0.1675,4,10,0,0.2509,56,1189,2025-10
CUST-04707,Starter,Professional Services,SMB,Europe,2025-12-22,Control,0,0,9,0,486,0.641,0.1424,4,6,0,0.3271,44,1022,2025-12
CUST-04708,Professional,Education,SMB,APAC,2026-01-01,Control,1,9,4,4,189,0.7066,0.1054,3,5,0,0.36,56,3460,2026-01
CUST-04709,Starter,Professional Services,SMB,North America,2026-02-24,Treatment,0,0,8,0,458,0.7377,0.1745,3,4,1,0.3071,41,1298,2026-02
CUST-04710,Professional,Financial Services,Mid-Market,APAC,2026-02-22,Control,0,0,10,1,378,0.6837,0.2055,1,3,0,0.4587,40,3852,2026-02
CUST-04711,Business,Professional Services,SMB,North America,2026-02-06,Treatment,1,3,22,14,392,0.8435,0.1242,4,7,1,0.3268,65,8191,2026-02
CUST-04712,Starter,Healthcare,Mid-Market,North America,2025-11-26,Treatment,1,1,17,15,243,0.7861,0.108,6,4,1,0.47,55,1311,2025-11
CUST-04713,Professional,Professional Services,Enterprise,Europe,2025-10-07,Control,1,8,10,3,348,0.7695,0.0818,5,8,1,0.3183,67,2816,2025-10
CUST-04714,Business,Professional Services,SMB,North America,2025-10-12,Treatment,1,5,9,7,422,0.7941,0.0701,5,5,1,0.4665,54,7797,2025-10
CUST-04715,Professional,SaaS,Mid-Market,North America,2025-11-05,Treatment,0,0,7,0,474,0.5594,0.1878,2,3,1,0.5797,31,3223,2025-11
CUST-04716,Starter,E-commerce,SMB,North America,2025-10-22,Treatment,0,0,5,1,387,0.8031,0.1712,3,4,0,0.4422,42,951,2025-10
CUST-04717,Professional,SaaS,SMB,APAC,2025-12-20,Treatment,0,0,17,0,503,0.7009,0.1411,4,6,1,0.39,44,3732,2025-12
CUST-04718,Professional,SaaS,Mid-Market,APAC,2025-12-01,Control,0,0,14,0,409,0.6982,0.1647,2,3,1,0.5637,39,3185,2025-12
CUST-04719,Professional,Professional Services,SMB,LATAM,2025-10-30,Treatment,1,4,5,5,365,0.937,0.0868,4,7,0,0.3767,65,3470,2025-10
CUST-04720,Starter,SaaS,SMB,North America,2026-01-03,Control,0,0,5,0,364,0.7041,0.1532,4,4,0,0.4667,37,1373,2026-01
CUST-04721,Professional,Professional Services,Mid-Market,North America,2026-02-01,Treatment,1,1,14,10,334,0.8566,0.0943,4,5,1,0.2324,63,2670,2026-02
CUST-04722,Professional,Education,SMB,APAC,2026-01-09,Control,0,0,12,5,403,0.5722,0.1451,4,1,0,0.6546,27,2741,2026-01
CUST-04723,Starter,E-commerce,Mid-Market,North America,2025-11-04,Control,0,0,9,0,282,0.6788,0.1309,3,5,1,0.4227,41,1178,2025-11
CUST-04724,Professional,Healthcare,Mid-Market,North America,2025-10-14,Control,0,0,15,1,410,0.8218,0.2075,1,7,1,0.3828,48,2890,2025-10
CUST-04725,Starter,Financial Services,SMB,North America,2025-12-27,Control,0,0,9,2,419,0.7994,0.1557,3,6,0,0.3911,46,1245,2025-12
CUST-04726,Professional,Professional Services,Mid-Market,Europe,2025-12-17,Control,0,0,22,3,400,0.7835,0.1758,2,4,1,0.3389,44,3376,2025-12
CUST-04727,Business,SaaS,SMB,Europe,2026-02-28,Control,0,0,23,4,476,0.6649,0.1219,3,8,0,0.2676,52,6131,2026-02
CUST-04728,Starter,SaaS,SMB,North America,2026-01-19,Treatment,1,7,6,2,362,0.8281,0.0571,4,5,1,0.3797,58,1157,2026-01
CUST-04729,Professional,Financial Services,Enterprise,North America,2025-12-20,Treatment,1,1,19,14,344,0.7786,0.0677,6,6,0,0.2833,61,3360,2025-12
CUST-04730,Professional,Education,SMB,Europe,2025-10-18,Control,1,9,17,10,346,0.8374,0.0671,4,7,1,0.3231,66,2474,2025-10
CUST-04731,Starter,Healthcare,Mid-Market,Europe,2025-11-15,Treatment,1,8,7,4,356,0.8806,0.0654,2,5,0,0.3095,60,1289,2025-11
CUST-04732,Business,Healthcare,SMB,North America,2025-10-26,Treatment,1,7,7,6,344,0.8255,0.0671,5,8,1,0.1917,68,8543,2025-10
CUST-04733,Professional,Education,SMB,North America,2025-11-24,Control,0,0,10,2,365,0.8138,0.1802,4,8,1,0.3638,53,2666,2025-11
CUST-04734,Starter,SaaS,Mid-Market,LATAM,2025-10-07,Treatment,0,0,4,0,471,0.8187,0.1419,5,7,1,0.2935,47,1244,2025-10
CUST-04735,Business,SaaS,Mid-Market,Europe,2025-12-15,Control,0,0,19,4,471,0.6351,0.1061,3,5,1,0.4297,42,8160,2025-12
CUST-04736,Business,Financial Services,SMB,Europe,2025-10-15,Treatment,0,0,16,0,473,0.5749,0.1633,6,8,0,0.2702,48,7947,2025-10
CUST-04737,Professional,SaaS,Mid-Market,Europe,2025-11-03,Treatment,1,9,12,7,408,0.8923,0.0782,4,7,1,0.272,66,3283,2025-11
CUST-04738,Starter,SaaS,SMB,LATAM,2025-12-14,Control,0,0,9,0,356,0.7364,0.1983,3,5,1,0.4663,41,1255,2025-12
CUST-04739,Starter,Financial Services,SMB,North America,2026-02-24,Treatment,0,0,5,0,405,0.8428,0.1584,4,4,1,0.4886,40,1244,2026-02
CUST-04740,Professional,Financial Services,Mid-Market,North America,2026-02-21,Control,1,4,9,5,487,0.8377,0.1217,7,6,1,0.178,66,3101,2026-02
CUST-04741,Starter,E-commerce,Mid-Market,North America,2025-12-24,Treatment,0,0,5,0,398,0.8574,0.1539,2,5,0,0.3856,43,1356,2025-12
CUST-04742,Starter,Healthcare,SMB,APAC,2026-03-04,Control,1,8,5,2,406,0.8712,0.075,5,7,1,0.3776,58,1121,2026-03
CUST-04743,Business,Financial Services,Mid-Market,North America,2025-12-16,Treatment,0,0,9,2,312,0.7614,0.1749,3,2,1,0.3939,39,8217,2025-12
CUST-04744,Starter,Financial Services,SMB,North America,2025-11-22,Treatment,0,0,4,0,439,0.698,0.129,2,6,0,0.4031,44,1028,2025-11
CUST-04745,Starter,Professional Services,Enterprise,North America,2026-03-05,Control,0,0,7,0,372,0.6881,0.1882,1,2,0,0.5537,32,1017,2026-03
CUST-04746,Starter,Professional Services,Mid-Market,Europe,2026-01-08,Treatment,1,7,6,3,363,0.6675,0.0804,3,7,0,0.3095,60,883,2026-01
CUST-04747,Professional,Financial Services,SMB,Europe,2026-02-23,Control,0,0,8,0,258,0.7802,0.1211,1,5,1,0.4209,42,2807,2026-02
CUST-04748,Professional,Education,SMB,North America,2025-11-03,Treatment,0,0,9,0,407,0.6636,0.173,3,7,0,0.3107,51,2685,2025-11
CUST-04749,Business,Professional Services,Enterprise,North America,2025-10-30,Treatment,0,0,23,2,453,0.708,0.1547,4,7,1,0.4234,48,7326,2025-10
CUST-04750,Starter,SaaS,Enterprise,Europe,2026-02-17,Control,0,0,14,0,461,0.7267,0.1299,3,1,0,0.6407,30,1218,2026-02
CUST-04751,Starter,Education,SMB,North America,2025-11-27,Control,0,0,7,0,388,0.6856,0.1702,1,2,0,0.5955,32,1097,2025-11
CUST-04752,Professional,Education,SMB,Europe,2025-12-09,Control,0,0,10,0,452,0.7443,0.1475,2,4,0,0.6274,35,3299,2025-12
CUST-04753,Professional,Healthcare,SMB,North America,2026-02-17,Treatment,0,0,14,3,448,0.534,0.1778,5,6,1,0.4088,41,3184,2026-02
CUST-04754,Professional,SaaS,Mid-Market,APAC,2026-01-31,Treatment,0,0,14,3,352,0.7318,0.1566,3,1,1,0.5002,34,2607,2026-01
CUST-04755,Enterprise,Financial Services,Enterprise,North America,2025-11-25,Control,0,0,24,6,445,0.8077,0.1713,4,6,1,0.3915,49,12500,2025-11
CUST-04756,Professional,E-commerce,Mid-Market,Europe,2025-10-14,Control,0,0,17,0,391,0.5875,0.1527,5,3,0,0.4705,37,2974,2025-10
CUST-04757,Professional,Professional Services,SMB,North America,2026-02-09,Treatment,0,0,8,0,337,0.6732,0.1221,2,5,0,0.3847,39,2656,2026-02
CUST-04758,Enterprise,E-commerce,Mid-Market,North America,2025-10-08,Control,1,2,12,6,337,0.9468,0.1116,3,3,0,0.5499,50,18081,2025-10
CUST-04759,Starter,SaaS,SMB,Europe,2025-11-03,Control,0,0,10,1,415,0.722,0.1413,4,6,1,0.3942,47,1282,2025-11
CUST-04760,Enterprise,SaaS,SMB,Europe,2026-02-24,Treatment,0,0,21,1,323,0.6969,0.1098,1,6,1,0.4546,43,14971,2026-02
CUST-04761,Professional,Education,SMB,Europe,2025-12-07,Control,0,0,8,0,296,0.7911,0.1499,3,2,1,0.5788,30,3137,2025-12
CUST-04762,Professional,SaaS,SMB,Europe,2025-11-08,Treatment,1,9,6,5,378,0.7177,0.0728,4,4,0,0.4343,51,3058,2025-11
CUST-04763,Enterprise,Professional Services,Mid-Market,Europe,2025-12-31,Control,1,2,15,10,382,0.75,0.1125,4,6,1,0.3489,59,18104,2025-12
CUST-04764,Professional,Healthcare,SMB,APAC,2026-02-17,Treatment,0,0,11,0,395,0.6524,0.1435,3,5,1,0.4492,38,2746,2026-02
CUST-04765,Professional,E-commerce,SMB,North America,2025-11-12,Control,0,0,14,2,405,0.8423,0.1571,4,5,0,0.3531,45,4126,2025-11
CUST-04766,Starter,E-commerce,Mid-Market,APAC,2026-01-10,Control,0,0,7,0,446,0.6454,0.1736,3,3,1,0.2647,42,1282,2026-01
CUST-04767,Professional,SaaS,SMB,North America,2026-02-28,Control,0,0,13,2,305,0.7236,0.1613,3,7,0,0.3309,48,3062,2026-02
CUST-04768,Professional,Financial Services,SMB,North America,2026-03-05,Treatment,0,0,5,0,262,0.8235,0.1853,2,4,0,0.5316,38,3200,2026-03
CUST-04769,Starter,Financial Services,SMB,Europe,2025-10-02,Treatment,0,0,9,2,439,0.6469,0.1863,3,5,1,0.3083,41,1138,2025-10
CUST-04770,Business,SaaS,SMB,North America,2026-01-30,Control,0,0,15,4,411,0.5854,0.1366,5,7,1,0.3682,49,7368,2026-01
CUST-04771,Professional,Healthcare,SMB,North America,2026-02-04,Treatment,0,0,5,0,438,0.9031,0.1691,4,7,1,0.4312,43,2673,2026-02
CUST-04772,Professional,Professional Services,Mid-Market,North America,2025-12-13,Control,0,0,10,3,343,0.7406,0.2006,2,5,0,0.4712,41,3381,2025-12
CUST-04773,Starter,Professional Services,SMB,North America,2026-01-25,Control,0,0,7,1,410,0.6768,0.1386,3,5,1,0.4316,42,1171,2026-01
CUST-04774,Professional,E-commerce,SMB,Europe,2025-10-22,Control,0,0,15,3,453,0.7167,0.1312,1,6,1,0.2842,47,2977,2025-10
CUST-04775,Starter,Professional Services,Mid-Market,North America,2026-01-18,Treatment,1,7,7,7,355,0.8711,0.1071,6,8,0,0.2548,66,1161,2026-01
CUST-04776,Starter,SaaS,SMB,North America,2025-12-09,Control,0,0,13,1,375,0.602,0.1411,6,7,0,0.4753,42,1165,2025-12
CUST-04777,Professional,SaaS,Mid-Market,North America,2025-10-09,Control,0,0,5,0,421,0.691,0.2097,3,4,1,0.3996,39,2747,2025-10
CUST-04778,Starter,Financial Services,SMB,North America,2025-10-29,Treatment,1,5,8,4,450,0.8755,0.0814,2,6,0,0.4439,59,1172,2025-10
CUST-04779,Starter,Financial Services,Enterprise,North America,2026-02-12,Treatment,0,0,15,6,390,0.8505,0.1371,3,5,0,0.477,36,878,2026-02
CUST-04780,Professional,Professional Services,SMB,North America,2025-12-06,Control,0,0,13,3,331,0.8497,0.1467,5,4,1,0.4609,42,3474,2025-12
CUST-04781,Starter,SaaS,SMB,APAC,2025-10-18,Treatment,1,4,10,7,456,0.8188,0.1258,7,10,1,0.1554,73,1161,2025-10
CUST-04782,Enterprise,E-commerce,Mid-Market,Europe,2025-10-26,Control,0,0,19,2,385,0.8785,0.128,4,6,1,0.3696,48,14905,2025-10
CUST-04783,Business,Financial Services,Mid-Market,North America,2025-10-28,Control,0,0,18,4,355,0.5903,0.1513,3,6,1,0.3029,49,8491,2025-10
CUST-04784,Professional,SaaS,Mid-Market,North America,2025-11-02,Control,1,4,19,9,341,0.8218,0.0836,5,4,1,0.3521,58,3723,2025-11
CUST-04785,Enterprise,E-commerce,SMB,North America,2026-02-19,Treatment,0,0,10,0,437,0.5395,0.096,1,3,0,0.509,34,13637,2026-02
CUST-04786,Business,Financial Services,SMB,North America,2025-10-11,Treatment,1,2,3,3,319,0.9267,0.0779,3,4,0,0.3548,61,8749,2025-10
CUST-04787,Starter,SaaS,Mid-Market,North America,2025-12-14,Control,0,0,9,0,319,0.7659,0.1552,3,4,1,0.2767,46,1033,2025-12
CUST-04788,Business,Healthcare,Mid-Market,APAC,2026-02-24,Control,0,0,20,5,416,0.8747,0.1383,4,7,0,0.2968,54,7610,2026-02
CUST-04789,Starter,SaaS,SMB,Europe,2025-11-13,Control,0,0,10,0,421,0.6804,0.1781,5,6,1,0.3832,43,1430,2025-11
CUST-04790,Professional,Education,SMB,North America,2025-12-26,Treatment,0,0,6,1,404,0.6197,0.1798,3,5,0,0.4276,41,2662,2025-12
CUST-04791,Professional,SaaS,Mid-Market,North America,2026-01-17,Treatment,1,8,12,8,306,0.8747,0.0935,3,6,1,0.2238,65,2703,2026-01
CUST-04792,Starter,SaaS,Mid-Market,Europe,2025-10-17,Treatment,1,3,11,7,343,0.7966,0.061,5,7,1,0.4956,56,1399,2025-10
CUST-04793,Starter,SaaS,Mid-Market,LATAM,2025-10-31,Treatment,0,0,13,1,428,0.819,0.1374,1,3,0,0.4267,35,869,2025-10
CUST-04794,Enterprise,SaaS,Mid-Market,North America,2026-02-13,Treatment,1,4,26,20,359,0.8985,0.1169,6,9,1,0.0984,75,18987,2026-02
CUST-04795,Starter,SaaS,SMB,APAC,2025-12-14,Treatment,0,0,4,0,426,0.7051,0.218,4,5,1,0.5322,41,1023,2025-12
CUST-04796,Starter,Financial Services,Mid-Market,North America,2026-03-04,Treatment,1,9,13,9,445,0.8074,0.1132,5,8,1,0.2259,69,1248,2026-03
CUST-04797,Starter,SaaS,SMB,Europe,2025-11-13,Control,0,0,8,0,423,0.7109,0.1716,4,7,1,0.2373,50,1020,2025-11
CUST-04798,Professional,Healthcare,SMB,North America,2025-10-15,Treatment,1,2,12,9,384,0.8122,0.0656,5,8,1,0.2424,64,2966,2025-10
CUST-04799,Business,SaaS,Mid-Market,Europe,2025-11-24,Control,0,0,28,4,348,0.6889,0.1624,3,6,1,0.3679,46,6943,2025-11
CUST-04800,Business,Healthcare,Mid-Market,North America,2026-02-22,Control,0,0,23,1,343,0.7789,0.1273,4,5,1,0.4072,45,7074,2026-02
CUST-04801,Professional,SaaS,SMB,Europe,2026-02-14,Control,1,1,12,7,406,0.6706,0.104,5,6,1,0.2535,62,2696,2026-02
CUST-04802,Starter,Financial Services,Mid-Market,Europe,2026-02-16,Control,0,0,7,2,364,0.5746,0.1506,3,4,1,0.4701,39,1241,2026-02
CUST-04803,Starter,Financial Services,SMB,Europe,2025-11-04,Treatment,0,0,14,6,283,0.6938,0.1304,3,6,1,0.5978,40,1132,2025-11
CUST-04804,Professional,Professional Services,SMB,Europe,2025-10-23,Control,1,9,15,10,389,0.7593,0.0786,3,7,0,0.4213,57,3220,2025-10
CUST-04805,Business,SaaS,Mid-Market,North America,2026-02-14,Control,0,0,18,1,462,0.6876,0.1698,2,7,0,0.3896,47,7733,2026-02
CUST-04806,Business,Education,Mid-Market,Europe,2025-12-02,Treatment,0,0,30,0,351,0.8291,0.1649,3,7,1,0.2382,56,7441,2025-12
CUST-04807,Professional,Financial Services,SMB,North America,2026-01-17,Treatment,1,7,7,3,287,0.8202,0.0912,4,2,1,0.4946,47,3174,2026-01
CUST-04808,Professional,SaaS,SMB,Europe,2025-10-09,Control,0,0,11,2,476,0.7919,0.1682,4,4,0,0.3535,47,3027,2025-10
CUST-04809,Professional,E-commerce,Mid-Market,North America,2026-03-01,Control,0,0,15,1,476,0.7714,0.1326,1,3,0,0.6094,34,2368,2026-03
CUST-04810,Professional,Professional Services,SMB,North America,2026-02-17,Control,0,0,7,0,466,0.8506,0.1345,2,6,0,0.5127,43,3134,2026-02
CUST-04811,Professional,Healthcare,Enterprise,North America,2025-11-29,Treatment,0,0,15,5,341,0.6785,0.1377,4,3,1,0.5266,34,2815,2025-11
CUST-04812,Professional,Healthcare,SMB,LATAM,2026-01-21,Control,0,0,13,1,388,0.7758,0.1265,1,2,0,0.6257,32,2659,2026-01
CUST-04813,Professional,Financial Services,Mid-Market,Europe,2025-11-16,Treatment,0,0,11,1,426,0.7125,0.1597,4,8,1,0.2769,48,2591,2025-11
CUST-04814,Enterprise,SaaS,SMB,North America,2026-01-31,Control,0,0,9,1,451,0.666,0.1227,2,4,0,0.4532,39,14435,2026-01
CUST-04815,Professional,Education,SMB,Europe,2026-02-13,Treatment,0,0,14,1,398,0.6323,0.1655,3,5,1,0.4383,41,3214,2026-02
CUST-04816,Starter,SaaS,SMB,North America,2026-01-07,Control,0,0,7,0,556,0.7121,0.1204,2,4,0,0.5083,36,941,2026-01
CUST-04817,Starter,SaaS,Mid-Market,North America,2026-01-13,Control,1,9,10,7,395,0.8942,0.1081,4,5,1,0.3693,59,1284,2026-01
CUST-04818,Professional,SaaS,Enterprise,North America,2026-03-09,Control,0,0,25,3,408,0.6831,0.1662,3,2,1,0.621,33,2540,2026-03
CUST-04819,Professional,Healthcare,SMB,Europe,2026-01-06,Control,0,0,7,0,402,0.6893,0.1219,1,1,0,0.4638,32,2991,2026-01
CUST-04820,Professional,Education,SMB,LATAM,2025-12-23,Treatment,0,0,5,0,423,0.6742,0.1714,2,6,1,0.2952,45,3738,2025-12
CUST-04821,Business,Professional Services,SMB,LATAM,2026-01-17,Treatment,1,9,9,7,379,0.7137,0.087,4,4,0,0.3719,55,7823,2026-01
CUST-04822,Starter,Education,Mid-Market,North America,2025-12-06,Control,0,0,9,0,348,0.691,0.1882,2,4,0,0.4385,39,1123,2025-12
CUST-04823,Professional,E-commerce,SMB,North America,2025-11-15,Treatment,0,0,13,0,344,0.8203,0.1566,3,7,1,0.3958,49,2439,2025-11
CUST-04824,Business,E-commerce,Enterprise,APAC,2026-01-24,Control,0,0,25,0,369,0.7509,0.118,5,9,1,0.2529,57,7741,2026-01
CUST-04825,Professional,Healthcare,SMB,North America,2026-02-05,Treatment,0,0,12,0,392,0.6841,0.1488,3,6,1,0.2031,53,2719,2026-02
CUST-04826,Professional,SaaS,Mid-Market,Europe,2025-11-30,Control,1,2,14,10,369,0.7795,0.085,4,7,0,0.3479,62,2745,2025-11
CUST-04827,Starter,Education,Mid-Market,LATAM,2026-02-01,Control,1,7,11,8,336,0.8366,0.0766,3,8,1,0.224,69,1551,2026-02
CUST-04828,Professional,E-commerce,SMB,North America,2025-10-11,Control,0,0,8,0,409,0.6815,0.173,5,4,1,0.3917,40,2963,2025-10
CUST-04829,Business,E-commerce,SMB,North America,2026-02-06,Control,1,3,11,7,288,0.8809,0.1154,7,10,1,0.0385,80,6670,2026-02
CUST-04830,Business,E-commerce,Enterprise,APAC,2025-12-30,Treatment,1,4,6,2,455,0.909,0.1018,4,7,0,0.2831,68,7236,2025-12
CUST-04831,Professional,Professional Services,SMB,Europe,2025-11-04,Control,0,0,10,2,320,0.6375,0.1343,4,4,0,0.6323,32,2687,2025-11
CUST-04832,Starter,SaaS,Mid-Market,LATAM,2025-11-07,Control,1,8,8,6,377,0.7856,0.0987,4,8,1,0.2422,65,1156,2025-11
CUST-04833,Professional,Financial Services,Mid-Market,Europe,2025-12-02,Treatment,0,0,27,4,343,0.7619,0.158,3,7,1,0.3892,44,2801,2025-12
CUST-04834,Business,Financial Services,SMB,North America,2026-02-16,Control,0,0,7,0,432,0.8341,0.1402,3,3,0,0.4199,39,7708,2026-02
CUST-04835,Professional,Professional Services,Enterprise,APAC,2026-02-20,Control,1,1,14,10,446,0.6012,0.1259,5,6,1,0.3146,59,2853,2026-02
CUST-04836,Business,SaaS,SMB,Europe,2026-01-31,Treatment,1,3,10,10,387,0.7589,0.092,5,7,0,0.2577,62,8919,2026-01
CUST-04837,Starter,SaaS,Mid-Market,LATAM,2025-12-04,Control,0,0,4,0,361,0.5261,0.1398,2,4,1,0.3875,36,1363,2025-12
CUST-04838,Starter,E-commerce,SMB,North America,2025-11-24,Treatment,0,0,2,0,423,0.7905,0.1567,3,3,1,0.5041,39,1082,2025-11
CUST-04839,Starter,Professional Services,SMB,North America,2026-02-13,Treatment,1,8,12,10,332,0.8101,0.0954,5,9,0,0.2859,68,1119,2026-02
CUST-04840,Starter,Education,SMB,North America,2026-01-27,Control,1,6,15,9,295,0.8921,0.1317,5,9,1,0.2091,68,1076,2026-01
CUST-04841,Business,Financial Services,SMB,North America,2025-10-05,Control,0,0,10,2,451,0.7109,0.1729,3,5,1,0.5415,40,7585,2025-10
CUST-04842,Professional,SaaS,SMB,LATAM,2025-11-13,Control,1,2,12,4,515,0.7917,0.0737,6,9,1,0.1267,71,3297,2025-11
CUST-04843,Starter,SaaS,SMB,LATAM,2025-10-17,Treatment,1,1,12,8,435,0.8386,0.1065,6,6,1,0.3347,61,1167,2025-10
CUST-04844,Professional,Financial Services,Mid-Market,North America,2026-01-09,Treatment,1,8,11,6,306,0.8164,0.0936,2,5,1,0.223,61,3525,2026-01
CUST-04845,Professional,SaaS,SMB,LATAM,2025-11-06,Treatment,0,0,4,0,524,0.6878,0.121,4,6,1,0.515,40,3261,2025-11
CUST-04846,Starter,E-commerce,SMB,North America,2025-10-20,Control,1,5,15,13,315,0.8799,0.0564,3,6,1,0.1834,65,1302,2025-10
CUST-04847,Starter,Professional Services,SMB,APAC,2025-11-18,Treatment,0,0,5,0,387,0.8186,0.1401,4,6,1,0.214,50,1415,2025-11
CUST-04848,Professional,Healthcare,SMB,Europe,2026-02-02,Control,1,9,5,3,332,0.8357,0.0652,3,6,1,0.1986,67,3081,2026-02
CUST-04849,Starter,Healthcare,SMB,Europe,2025-11-02,Treatment,0,0,10,1,412,0.8406,0.1327,5,6,0,0.2791,48,1264,2025-11
CUST-04850,Business,SaaS,SMB,Europe,2026-01-24,Control,1,5,14,9,252,0.9279,0.1013,4,5,1,0.3511,61,7826,2026-01
CUST-04851,Starter,SaaS,Mid-Market,Europe,2026-03-06,Treatment,1,5,5,4,306,0.7622,0.1136,5,6,1,0.2017,62,1187,2026-03
CUST-04852,Business,Financial Services,Mid-Market,APAC,2025-11-28,Control,1,8,14,8,434,0.8111,0.0576,4,7,1,0.3304,64,6899,2025-11
CUST-04853,Business,Healthcare,Mid-Market,North America,2025-10-01,Control,0,0,10,2,539,0.7597,0.1564,1,4,0,0.5684,37,8435,2025-10
CUST-04854,Starter,SaaS,SMB,APAC,2025-12-27,Control,1,1,10,7,240,0.6818,0.12,3,3,1,0.5188,46,1116,2025-12
CUST-04855,Starter,SaaS,Mid-Market,North America,2025-11-15,Treatment,0,0,11,0,468,0.7379,0.1819,4,7,0,0.4202,46,1180,2025-11
CUST-04856,Enterprise,SaaS,Mid-Market,North America,2025-11-11,Treatment,0,0,35,4,335,0.7441,0.152,4,5,0,0.2848,50,18353,2025-11
CUST-04857,Professional,Financial Services,Mid-Market,Europe,2025-12-21,Treatment,1,6,16,11,336,0.7501,0.0779,4,5,1,0.3882,59,3764,2025-12
CUST-04858,Professional,Financial Services,SMB,Europe,2026-02-06,Control,0,0,7,2,322,0.7492,0.1979,3,3,0,0.6192,32,3726,2026-02
CUST-04859,Starter,E-commerce,SMB,APAC,2025-12-09,Treatment,0,0,8,0,465,0.654,0.1943,3,4,1,0.5285,38,1301,2025-12
CUST-04860,Starter,E-commerce,SMB,North America,2026-03-03,Control,0,0,3,0,442,0.6051,0.1975,2,3,0,0.4466,35,1236,2026-03
CUST-04861,Professional,SaaS,SMB,North America,2026-01-07,Treatment,0,0,13,1,411,0.5382,0.1546,4,7,1,0.2635,48,3374,2026-01
CUST-04862,Business,E-commerce,Mid-Market,North America,2025-10-10,Control,0,0,23,5,437,0.5916,0.1545,4,5,1,0.4999,39,6971,2025-10
CUST-04863,Starter,SaaS,SMB,APAC,2026-01-25,Treatment,0,0,5,0,444,0.6321,0.1323,3,6,1,0.4647,43,1204,2026-01
CUST-04864,Business,Education,SMB,LATAM,2025-11-29,Treatment,1,7,8,5,306,0.8113,0.0965,2,5,1,0.488,53,9258,2025-11
CUST-04865,Professional,SaaS,SMB,APAC,2025-11-01,Control,0,0,7,1,419,0.7551,0.1493,2,6,0,0.2945,47,3058,2025-11
CUST-04866,Starter,E-commerce,SMB,North America,2026-02-26,Treatment,0,0,3,1,356,0.6806,0.1601,4,7,1,0.4046,39,1210,2026-02
CUST-04867,Starter,SaaS,SMB,APAC,2026-02-27,Control,0,0,10,0,368,0.7773,0.1023,6,8,0,0.295,51,1193,2026-02
CUST-04868,Starter,Professional Services,SMB,North America,2026-01-28,Control,0,0,12,0,438,0.754,0.1497,7,6,0,0.4196,44,1435,2026-01
CUST-04869,Professional,SaaS,SMB,LATAM,2025-11-08,Control,0,0,9,1,476,0.6566,0.193,2,4,1,0.244,44,3104,2025-11
CUST-04870,Professional,Education,SMB,Europe,2026-01-03,Control,1,3,7,4,368,0.7317,0.0939,4,4,0,0.3229,58,2722,2026-01
CUST-04871,Professional,SaaS,SMB,North America,2025-11-08,Control,0,0,10,1,494,0.8268,0.0912,3,6,0,0.4855,44,2857,2025-11
CUST-04872,Starter,Professional Services,Enterprise,Europe,2026-01-14,Treatment,0,0,16,3,379,0.6867,0.177,4,6,0,0.3304,44,1224,2026-01
CUST-04873,Professional,Financial Services,Mid-Market,Europe,2026-03-01,Treatment,0,0,11,3,298,0.8677,0.1914,4,6,1,0.4841,41,2615,2026-03
CUST-04874,Professional,SaaS,Mid-Market,North America,2025-12-29,Control,0,0,8,0,336,0.6269,0.1219,2,4,1,0.4232,35,2971,2025-12
CUST-04875,Professional,SaaS,SMB,North America,2026-03-08,Treatment,0,0,8,1,315,0.7079,0.1658,3,4,1,0.5177,35,2807,2026-03
CUST-04876,Professional,Healthcare,Mid-Market,Europe,2025-10-29,Treatment,0,0,13,1,427,0.6064,0.1525,3,10,1,0.1429,56,2546,2025-10
CUST-04877,Starter,Professional Services,Enterprise,LATAM,2025-11-24,Control,1,7,19,15,460,0.6487,0.1021,3,1,0,0.5495,47,1242,2025-11
CUST-04878,Professional,Education,SMB,Europe,2026-01-08,Control,0,0,12,4,451,0.673,0.1775,4,6,1,0.4472,41,3282,2026-01
CUST-04879,Professional,SaaS,SMB,North America,2026-02-19,Treatment,0,0,10,2,447,0.7852,0.1558,1,6,1,0.312,50,3433,2026-02
CUST-04880,Professional,Healthcare,Mid-Market,Europe,2025-10-26,Control,1,2,8,4,467,0.7562,0.0917,5,5,1,0.2752,63,2995,2025-10
CUST-04881,Starter,SaaS,SMB,North America,2025-12-26,Control,0,0,6,1,437,0.7741,0.2051,5,5,1,0.5824,40,1142,2025-12
CUST-04882,Professional,SaaS,Mid-Market,North America,2025-10-16,Treatment,1,1,19,16,413,0.7368,0.1911,7,8,1,0.2935,64,2925,2025-10
CUST-04883,Professional,Financial Services,SMB,North America,2025-10-14,Treatment,0,0,8,2,399,0.8354,0.1801,5,5,1,0.3112,47,3676,2025-10
CUST-04884,Professional,Healthcare,SMB,North America,2025-11-09,Treatment,0,0,10,0,362,0.6611,0.1676,3,4,1,0.435,38,2690,2025-11
CUST-04885,Business,SaaS,Mid-Market,North America,2026-02-23,Treatment,0,0,22,1,339,0.845,0.1463,2,6,1,0.3995,48,7441,2026-02
CUST-04886,Business,Education,Mid-Market,North America,2026-01-06,Control,0,0,13,1,383,0.7313,0.1589,1,1,1,0.6208,32,6880,2026-01
CUST-04887,Starter,Professional Services,Mid-Market,North America,2025-12-02,Treatment,0,0,9,0,315,0.6442,0.1624,4,8,0,0.2719,51,1344,2025-12
CUST-04888,Professional,Professional Services,Mid-Market,Europe,2025-11-25,Treatment,0,0,15,3,377,0.6583,0.1645,3,6,0,0.1703,53,2815,2025-11
CUST-04889,Professional,SaaS,Mid-Market,North America,2025-12-22,Control,0,0,24,2,386,0.7579,0.1064,6,10,1,0.2973,58,2468,2025-12
CUST-04890,Enterprise,Education,SMB,North America,2025-10-22,Control,0,0,25,2,453,0.661,0.1458,3,6,0,0.3428,48,15144,2025-10
CUST-04891,Starter,Financial Services,Enterprise,Europe,2025-11-05,Control,0,0,11,2,389,0.7491,0.1547,3,6,1,0.4259,41,1226,2025-11
CUST-04892,Starter,E-commerce,SMB,Europe,2025-12-22,Treatment,0,0,3,0,480,0.6688,0.152,4,5,0,0.6277,34,1331,2025-12
CUST-04893,Professional,SaaS,SMB,APAC,2025-11-20,Treatment,0,0,9,2,370,0.6398,0.1701,2,1,0,0.6205,33,3410,2025-11
CUST-04894,Starter,Education,Mid-Market,North America,2025-10-25,Treatment,1,1,6,5,301,0.7388,0.1357,3,3,1,0.577,49,1077,2025-10
CUST-04895,Professional,E-commerce,SMB,Europe,2025-10-17,Control,1,6,20,9,477,0.6812,0.1056,5,6,1,0.216,62,2847,2025-10
CUST-04896,Professional,Professional Services,Mid-Market,APAC,2025-12-26,Treatment,0,0,22,6,455,0.7363,0.1726,6,5,0,0.4802,46,2962,2025-12
CUST-04897,Starter,Financial Services,SMB,Europe,2025-11-22,Control,0,0,11,0,418,0.742,0.1801,4,5,1,0.3468,45,1182,2025-11
CUST-04898,Professional,Professional Services,SMB,North America,2025-10-09,Treatment,0,0,12,0,378,0.6648,0.1961,5,5,0,0.4253,40,2473,2025-10
CUST-04899,Business,Financial Services,SMB,North America,2025-11-18,Treatment,1,9,8,7,478,0.7421,0.163,7,9,1,0.1647,70,7380,2025-11
CUST-04900,Business,Education,Mid-Market,North America,2025-10-16,Treatment,0,0,32,3,406,0.6053,0.1684,3,6,1,0.2464,51,6833,2025-10
CUST-04901,Professional,SaaS,Mid-Market,North America,2025-10-30,Control,1,5,9,4,429,0.7537,0.0978,5,5,1,0.3286,57,3243,2025-10
CUST-04902,Starter,SaaS,SMB,North America,2026-01-26,Control,1,7,11,6,456,0.8408,0.1002,4,7,1,0.182,68,1461,2026-01
CUST-04903,Starter,Financial Services,SMB,LATAM,2026-03-06,Control,0,0,8,0,435,0.6685,0.1708,3,6,1,0.4127,43,1284,2026-03
CUST-04904,Business,E-commerce,SMB,North America,2025-10-27,Treatment,0,0,14,0,347,0.744,0.1436,6,5,1,0.4195,42,7136,2025-10
CUST-04905,Business,Financial Services,SMB,Europe,2026-02-01,Control,0,0,12,0,401,0.7711,0.1637,4,4,1,0.4154,44,7378,2026-02
CUST-04906,Professional,Financial Services,Mid-Market,LATAM,2025-12-05,Treatment,0,0,8,1,374,0.6288,0.1433,2,4,1,0.4966,36,3636,2025-12
CUST-04907,Business,E-commerce,Mid-Market,Europe,2026-02-08,Control,0,0,10,1,402,0.8996,0.1865,2,2,1,0.5469,35,6141,2026-02
CUST-04908,Starter,Professional Services,SMB,North America,2026-01-23,Treatment,0,0,12,2,417,0.7974,0.2407,3,6,1,0.3545,45,1228,2026-01
CUST-04909,Professional,Healthcare,SMB,LATAM,2026-02-11,Control,0,0,12,1,383,0.6957,0.1695,4,3,0,0.5984,33,3273,2026-02
CUST-04910,Starter,Professional Services,Mid-Market,North America,2026-02-02,Control,0,0,10,1,384,0.5838,0.1831,4,5,1,0.3908,42,1389,2026-02
CUST-04911,Starter,SaaS,SMB,North America,2025-10-30,Treatment,0,0,7,0,419,0.6423,0.1924,3,4,1,0.4985,37,951,2025-10
CUST-04912,Professional,Financial Services,SMB,North America,2025-10-22,Control,1,4,17,14,269,0.9606,0.0654,5,10,1,0.1241,77,2704,2025-10
CUST-04913,Professional,Education,Mid-Market,North America,2025-11-11,Control,0,0,18,1,388,0.7607,0.1812,4,7,1,0.42,47,2841,2025-11
CUST-04914,Enterprise,SaaS,SMB,APAC,2025-11-30,Treatment,0,0,12,2,414,0.7059,0.1721,2,4,0,0.4746,38,15533,2025-11
CUST-04915,Professional,Healthcare,SMB,North America,2026-01-09,Control,0,0,20,5,402,0.6888,0.1239,3,7,0,0.2794,51,2804,2026-01
CUST-04916,Business,Healthcare,SMB,APAC,2025-11-19,Treatment,1,6,5,3,331,0.917,0.087,4,5,0,0.4884,57,7210,2025-11
CUST-04917,Business,E-commerce,Mid-Market,North America,2025-10-05,Treatment,0,0,10,0,382,0.7593,0.0957,5,9,1,0.2108,56,7323,2025-10
CUST-04918,Professional,Healthcare,SMB,LATAM,2026-02-15,Control,0,0,12,2,316,0.6933,0.1178,5,6,1,0.4417,45,2958,2026-02
CUST-04919,Enterprise,SaaS,Mid-Market,North America,2025-10-15,Control,0,0,19,3,356,0.6185,0.1288,5,5,0,0.3368,43,15607,2025-10
CUST-04920,Professional,Education,SMB,LATAM,2025-10-07,Control,1,3,5,4,257,0.7898,0.0542,6,5,0,0.1875,64,3191,2025-10
CUST-04921,Professional,SaaS,SMB,North America,2026-01-28,Control,0,0,12,1,391,0.7728,0.1959,3,4,1,0.3715,43,3450,2026-01
CUST-04922,Starter,E-commerce,Mid-Market,APAC,2025-10-25,Control,1,6,9,6,390,0.8453,0.0605,4,2,1,0.3477,54,1459,2025-10
CUST-04923,Starter,Financial Services,SMB,APAC,2025-11-27,Treatment,1,2,15,12,313,0.7239,0.0973,3,6,1,0.3913,57,1173,2025-11
CUST-04924,Business,SaaS,SMB,Europe,2025-11-20,Control,0,0,14,1,280,0.7242,0.1574,3,6,1,0.3257,47,8627,2025-11
CUST-04925,Professional,SaaS,SMB,North America,2025-11-30,Treatment,1,2,4,4,397,0.8506,0.0868,6,6,1,0.2089,65,3073,2025-11
CUST-04926,Professional,Education,Mid-Market,Europe,2025-10-04,Treatment,0,0,10,1,415,0.8402,0.1485,4,1,1,0.5685,34,2624,2025-10
CUST-04927,Starter,Financial Services,SMB,Europe,2025-10-15,Control,0,0,11,4,337,0.6967,0.1422,2,4,1,0.4595,39,1089,2025-10
CUST-04928,Professional,SaaS,Mid-Market,Europe,2025-10-14,Treatment,0,0,15,1,355,0.8695,0.1789,2,10,1,0.235,59,3372,2025-10
CUST-04929,Business,Professional Services,SMB,Europe,2026-02-05,Control,0,0,9,0,459,0.7665,0.0984,4,4,0,0.5745,37,8272,2026-02
CUST-04930,Starter,E-commerce,SMB,LATAM,2025-12-19,Control,0,0,12,2,422,0.6798,0.1857,4,7,1,0.266,46,1387,2025-12
CUST-04931,Business,SaaS,SMB,LATAM,2025-10-04,Treatment,0,0,8,1,440,0.6453,0.1491,4,3,1,0.5364,33,7720,2025-10
CUST-04932,Professional,Financial Services,SMB,North America,2026-01-15,Control,0,0,7,1,317,0.5516,0.1654,3,5,0,0.5144,37,2590,2026-01
CUST-04933,Business,E-commerce,Mid-Market,North America,2025-12-16,Control,0,0,26,6,423,0.6461,0.1768,6,7,1,0.2592,51,9333,2025-12
CUST-04934,Starter,SaaS,SMB,North America,2025-11-20,Treatment,0,0,6,0,352,0.8468,0.1927,3,3,1,0.6214,37,1207,2025-11
CUST-04935,Professional,Education,Enterprise,Europe,2026-01-01,Treatment,0,0,8,0,332,0.6908,0.1414,3,3,0,0.5549,38,2847,2026-01
CUST-04936,Starter,Healthcare,SMB,LATAM,2025-11-12,Treatment,1,7,10,6,367,0.6762,0.0793,5,9,1,0.1335,68,1042,2025-11
CUST-04937,Professional,Healthcare,SMB,North America,2025-12-19,Treatment,0,0,14,0,437,0.6592,0.1207,2,6,1,0.2114,51,2722,2025-12
CUST-04938,Business,Healthcare,SMB,North America,2026-02-04,Treatment,0,0,10,0,412,0.7299,0.1696,3,5,1,0.4569,42,8090,2026-02
CUST-04939,Professional,Professional Services,Mid-Market,North America,2025-12-21,Treatment,1,8,16,12,361,0.7789,0.1409,3,4,1,0.451,57,2961,2025-12
CUST-04940,Starter,Financial Services,SMB,North America,2026-02-16,Control,0,0,9,0,346,0.7567,0.1467,3,4,0,0.5394,38,956,2026-02
CUST-04941,Business,Education,Mid-Market,LATAM,2025-10-09,Treatment,1,6,21,17,243,0.7798,0.084,5,7,0,0.3187,64,6923,2025-10
CUST-04942,Starter,SaaS,Enterprise,Europe,2025-12-08,Treatment,0,0,22,2,428,0.6788,0.1719,4,7,1,0.3517,49,1076,2025-12
CUST-04943,Professional,Professional Services,Mid-Market,North America,2025-12-22,Control,0,0,7,3,395,0.7212,0.1578,3,5,1,0.4317,42,2757,2025-12
CUST-04944,Enterprise,Financial Services,SMB,North America,2025-10-17,Control,1,7,9,5,345,0.7406,0.1101,5,6,0,0.3328,59,16271,2025-10
CUST-04945,Professional,Healthcare,Mid-Market,North America,2026-01-28,Control,0,0,8,0,385,0.7402,0.1589,4,4,0,0.5252,37,2437,2026-01
CUST-04946,Business,SaaS,SMB,Europe,2025-11-15,Control,0,0,15,2,406,0.6467,0.1845,3,6,0,0.3127,47,7556,2025-11
CUST-04947,Professional,Professional Services,SMB,Europe,2025-12-08,Control,0,0,16,1,382,0.7113,0.1484,4,9,0,0.2082,56,3994,2025-12
CUST-04948,Business,SaaS,SMB,North America,2025-12-03,Control,0,0,10,2,435,0.7515,0.1624,4,7,1,0.2531,52,6849,2025-12
CUST-04949,Professional,Financial Services,Mid-Market,North America,2025-10-23,Treatment,0,0,11,0,451,0.6968,0.1361,3,6,0,0.4485,45,3502,2025-10
CUST-04950,Professional,E-commerce,SMB,APAC,2025-10-24,Control,0,0,10,0,405,0.724,0.1439,5,6,1,0.3198,49,2809,2025-10
CUST-04951,Starter,SaaS,Mid-Market,APAC,2026-01-24,Control,0,0,6,0,397,0.7812,0.1629,1,3,0,0.5259,36,1024,2026-01
CUST-04952,Business,Education,Mid-Market,Europe,2026-01-20,Treatment,0,0,11,4,400,0.6682,0.1601,3,5,1,0.6249,37,5604,2026-01
CUST-04953,Starter,Professional Services,SMB,North America,2026-02-02,Control,0,0,3,0,251,0.8605,0.1846,2,3,1,0.4142,38,1363,2026-02
CUST-04954,Enterprise,E-commerce,SMB,LATAM,2026-03-01,Treatment,0,0,4,0,406,0.6499,0.1684,2,5,0,0.5625,33,16581,2026-03
CUST-04955,Starter,Financial Services,Mid-Market,Europe,2026-01-31,Treatment,0,0,12,1,316,0.8243,0.157,3,5,0,0.4109,45,873,2026-01
CUST-04956,Starter,E-commerce,SMB,LATAM,2025-12-19,Treatment,0,0,8,1,425,0.7603,0.1482,2,3,1,0.4923,38,1202,2025-12
CUST-04957,Business,Professional Services,SMB,North America,2025-11-11,Control,0,0,10,1,453,0.7634,0.1638,2,3,0,0.688,31,6218,2025-11
CUST-04958,Starter,SaaS,SMB,North America,2026-01-08,Control,1,1,9,5,232,0.8869,0.1134,5,8,1,0.4029,61,1562,2026-01
CUST-04959,Professional,E-commerce,Mid-Market,North America,2025-11-06,Treatment,0,0,18,3,435,0.7277,0.1431,4,5,1,0.5145,40,2989,2025-11
CUST-04960,Business,Healthcare,SMB,APAC,2025-12-27,Control,0,0,12,0,404,0.7423,0.2292,3,5,0,0.3741,42,7141,2025-12
CUST-04961,Starter,E-commerce,SMB,Europe,2026-02-26,Control,0,0,4,0,437,0.7332,0.126,2,4,0,0.6091,35,1140,2026-02
CUST-04962,Starter,E-commerce,SMB,North America,2025-11-09,Control,1,7,17,12,415,0.8756,0.0698,5,6,0,0.2085,67,1250,2025-11
CUST-04963,Professional,SaaS,SMB,LATAM,2025-11-30,Treatment,1,1,12,6,388,0.89,0.0785,4,7,0,0.359,62,2857,2025-11
CUST-04964,Starter,Education,Enterprise,LATAM,2026-01-13,Treatment,1,4,12,9,366,0.8076,0.1134,4,6,1,0.2875,64,1047,2026-01
CUST-04965,Starter,SaaS,SMB,North America,2026-02-15,Treatment,0,0,4,0,346,0.6995,0.1965,2,2,1,0.5878,26,1275,2026-02
CUST-04966,Starter,SaaS,Mid-Market,Europe,2025-11-11,Treatment,0,0,5,0,362,0.6444,0.1517,4,4,0,0.3605,42,1072,2025-11
CUST-04967,Professional,Healthcare,Mid-Market,Europe,2026-02-05,Control,1,9,18,13,469,0.8237,0.0683,7,8,1,0.0778,70,3341,2026-02
CUST-04968,Starter,Financial Services,SMB,North America,2026-02-11,Treatment,1,7,6,5,411,0.7694,0.0673,4,6,0,0.4333,54,1395,2026-02
CUST-04969,Starter,SaaS,Mid-Market,Europe,2025-12-22,Treatment,1,3,2,0,435,0.6657,0.1139,6,7,1,0.1728,61,1147,2025-12
CUST-04970,Professional,E-commerce,Enterprise,North America,2025-11-11,Control,1,4,16,6,331,0.7975,0.0594,4,5,0,0.3889,60,2444,2025-11
CUST-04971,Professional,Professional Services,Mid-Market,APAC,2026-02-25,Control,0,0,14,1,425,0.732,0.1675,3,6,0,0.2492,50,2888,2026-02
CUST-04972,Starter,SaaS,Mid-Market,APAC,2025-12-16,Control,0,0,6,1,375,0.7917,0.1697,2,2,0,0.6304,29,1192,2025-12
CUST-04973,Starter,Education,SMB,APAC,2025-11-05,Treatment,1,1,4,4,472,0.8057,0.0987,5,4,1,0.4037,60,1010,2025-11
CUST-04974,Business,Healthcare,Mid-Market,Europe,2025-11-30,Control,0,0,10,1,479,0.645,0.1403,2,2,0,0.5663,32,5845,2025-11
CUST-04975,Professional,Financial Services,SMB,North America,2025-12-07,Control,0,0,11,1,358,0.8091,0.1287,4,8,1,0.1724,59,2348,2025-12
CUST-04976,Professional,SaaS,Mid-Market,North America,2025-10-03,Treatment,0,0,17,0,370,0.561,0.1601,2,6,1,0.2072,49,3443,2025-10
CUST-04977,Professional,Financial Services,SMB,Europe,2026-03-06,Treatment,1,3,10,10,329,0.6841,0.1055,5,6,1,0.5085,48,3300,2026-03
CUST-04978,Starter,Professional Services,Mid-Market,North America,2025-12-09,Control,0,0,8,1,473,0.7058,0.1507,3,7,0,0.2797,49,1019,2025-12
CUST-04979,Business,SaaS,Enterprise,Europe,2025-12-24,Treatment,0,0,13,0,471,0.7014,0.1759,1,1,0,0.584,30,8499,2025-12
CUST-04980,Business,SaaS,Mid-Market,North America,2026-03-02,Treatment,0,0,21,5,273,0.7063,0.1563,4,5,1,0.3295,46,7669,2026-03
CUST-04981,Business,Healthcare,SMB,North America,2025-12-16,Control,0,0,10,2,419,0.6588,0.175,2,5,1,0.3751,43,7826,2025-12
CUST-04982,Starter,SaaS,Mid-Market,North America,2026-02-26,Treatment,1,3,9,7,421,0.8808,0.0638,6,9,1,0.1282,71,757,2026-02
CUST-04983,Starter,Education,Enterprise,Europe,2025-12-17,Treatment,1,6,11,5,367,0.7886,0.0844,5,7,1,0.1472,66,1093,2025-12
CUST-04984,Starter,Financial Services,Mid-Market,North America,2025-12-06,Treatment,0,0,6,1,430,0.6144,0.2026,2,4,0,0.5575,34,1363,2025-12
CUST-04985,Starter,Financial Services,Mid-Market,Europe,2026-02-13,Treatment,1,2,15,11,463,0.8337,0.0753,5,5,1,0.4923,53,912,2026-02
CUST-04986,Professional,Education,Mid-Market,North America,2025-10-10,Treatment,0,0,10,1,480,0.6609,0.169,2,2,1,0.485,35,3647,2025-10
CUST-04987,Professional,Professional Services,Mid-Market,Europe,2025-12-23,Treatment,0,0,7,2,418,0.6473,0.1593,2,6,1,0.4413,44,3251,2025-12
CUST-04988,Starter,Professional Services,SMB,Europe,2025-11-03,Treatment,1,9,3,3,372,0.7962,0.0773,4,4,1,0.3641,58,1162,2025-11
CUST-04989,Business,Healthcare,SMB,Europe,2026-02-18,Control,1,4,13,10,354,0.9317,0.1108,5,6,0,0.259,65,6614,2026-02
CUST-04990,Starter,Healthcare,Mid-Market,North America,2025-12-02,Control,0,0,6,0,441,0.5493,0.1431,2,2,0,0.576,29,1314,2025-12
CUST-04991,Starter,Healthcare,Enterprise,North America,2026-02-19,Treatment,0,0,11,1,393,0.591,0.1872,2,3,0,0.3753,36,1240,2026-02
CUST-04992,Business,Healthcare,SMB,North America,2025-12-26,Treatment,0,0,4,0,468,0.6491,0.1778,3,6,0,0.2338,47,7181,2025-12
CUST-04993,Business,Healthcare,SMB,Europe,2025-10-19,Control,1,2,7,6,297,0.9347,0.0556,3,3,0,0.4583,54,7994,2025-10
CUST-04994,Professional,SaaS,SMB,North America,2026-02-07,Control,1,8,6,4,333,0.712,0.1101,6,8,0,0.4541,58,2619,2026-02
CUST-04995,Professional,Healthcare,Mid-Market,APAC,2025-12-17,Control,1,3,15,7,355,0.8837,0.0927,5,6,1,0.1858,67,2780,2025-12
CUST-04996,Starter,E-commerce,Mid-Market,APAC,2026-01-26,Control,0,0,7,1,468,0.7899,0.1331,5,5,1,0.4782,39,1146,2026-01
CUST-04997,Starter,Healthcare,Mid-Market,North America,2026-02-21,Control,0,0,9,1,447,0.81,0.1466,2,7,1,0.3749,47,1110,2026-02
CUST-04998,Professional,SaaS,SMB,APAC,2025-10-26,Treatment,0,0,10,0,427,0.6474,0.1395,3,5,0,0.5074,38,3019,2025-10
CUST-04999,Professional,Healthcare,SMB,Europe,2025-10-15,Control,0,0,13,0,429,0.7277,0.1687,4,6,0,0.3081,46,2928,2025-10
CUST-05000,Professional,E-commerce,Mid-Market,North America,2026-02-13,Treatment,1,3,10,6,260,0.8564,0.1382,3,4,0,0.378,55,3215,2026-02
