customer_id,feature,first_used_week
CUST-00001,WhatsApp,2026-02-02
CUST-00001,AI Assist,2026-01-19
CUST-00002,WhatsApp,2026-01-12
CUST-00002,Analytics,2026-02-23
CUST-00003,WhatsApp,2026-02-16
CUST-00003,Analytics,2026-02-02
CUST-00004,WhatsApp,2026-03-16
CUST-00004,Analytics,2026-03-23
CUST-00005,Analytics,2026-01-12
CUST-00007,AI Voice Agent,2026-01-26
CUST-00008,WhatsApp,2026-01-12
CUST-00008,Analytics,2026-01-26
CUST-00009,Call Routing,2026-02-02
CUST-00011,WhatsApp,2026-02-16
CUST-00011,Call Routing,2026-01-26
CUST-00011,Integrations,2026-02-16
CUST-00012,AI Voice Agent,2026-03-09
CUST-00012,WhatsApp,2026-02-09
CUST-00012,AI Assist,2026-03-02
CUST-00013,WhatsApp,2026-03-23
CUST-00014,WhatsApp,2026-03-02
CUST-00015,Analytics,2026-02-02
CUST-00016,AI Voice Agent,2026-02-16
CUST-00016,Call Routing,2026-02-23
CUST-00017,AI Voice Agent,2026-03-09
CUST-00017,Call Routing,2026-03-09
CUST-00017,Integrations,2026-02-23
CUST-00018,WhatsApp,2026-01-12
CUST-00018,Analytics,2026-01-12
CUST-00018,Call Routing,2026-01-12
CUST-00019,WhatsApp,2026-02-23
CUST-00019,Analytics,2026-03-09
CUST-00019,Integrations,2026-03-02
CUST-00020,WhatsApp,2026-03-09
CUST-00020,Call Routing,2026-03-16
CUST-00020,Integrations,2026-03-02
CUST-00021,AI Voice Agent,2026-02-09
CUST-00021,WhatsApp,2026-02-09
CUST-00022,WhatsApp,2026-01-12
CUST-00022,Analytics,2026-01-05
CUST-00023,WhatsApp,2026-01-26
CUST-00024,WhatsApp,2026-01-05
CUST-00024,Call Routing,2026-01-05
CUST-00025,WhatsApp,2026-02-23
CUST-00025,Analytics,2026-02-16
CUST-00026,WhatsApp,2026-03-02
CUST-00026,Call Routing,2026-03-16
CUST-00026,Integrations,2026-03-09
CUST-00027,WhatsApp,2026-03-02
CUST-00027,Integrations,2026-03-02
CUST-00028,AI Voice Agent,2026-02-02
CUST-00028,Analytics,2026-02-02
CUST-00028,Call Routing,2026-02-09
CUST-00029,AI Assist,2026-01-12
CUST-00030,WhatsApp,2026-01-05
CUST-00031,WhatsApp,2026-02-23
CUST-00031,Analytics,2026-03-02
CUST-00031,Integrations,2026-02-23
CUST-00032,AI Voice Agent,2026-01-12
CUST-00032,Call Routing,2026-01-05
CUST-00032,Integrations,2026-01-19
CUST-00033,WhatsApp,2026-03-02
CUST-00033,Call Routing,2026-01-12
CUST-00034,AI Voice Agent,2026-02-02
CUST-00034,Analytics,2026-02-02
CUST-00036,AI Assist,2026-01-26
CUST-00036,Integrations,2026-03-02
CUST-00038,Call Routing,2026-03-02
CUST-00039,WhatsApp,2026-01-19
CUST-00039,Analytics,2026-01-26
CUST-00040,Analytics,2026-01-12
CUST-00040,AI Assist,2026-02-16
CUST-00041,AI Assist,2026-03-16
CUST-00044,WhatsApp,2026-03-16
CUST-00044,Analytics,2026-02-16
CUST-00044,Call Routing,2026-03-09
CUST-00045,AI Voice Agent,2026-03-09
CUST-00045,Analytics,2026-03-16
CUST-00045,Call Routing,2026-03-02
CUST-00045,AI Assist,2026-03-16
CUST-00046,AI Voice Agent,2026-03-02
CUST-00046,WhatsApp,2026-02-02
CUST-00046,Analytics,2026-03-16
CUST-00046,AI Assist,2026-02-02
CUST-00047,Analytics,2026-01-05
CUST-00047,Call Routing,2026-01-05
CUST-00047,Integrations,2026-01-05
CUST-00048,AI Voice Agent,2026-03-09
CUST-00049,Analytics,2026-01-05
CUST-00049,AI Assist,2026-01-19
CUST-00049,Integrations,2026-01-19
CUST-00050,AI Voice Agent,2026-01-12
CUST-00050,WhatsApp,2026-01-26
CUST-00050,Analytics,2026-01-12
CUST-00051,AI Voice Agent,2026-03-16
CUST-00051,AI Assist,2026-03-16
CUST-00052,Analytics,2026-01-19
CUST-00052,Call Routing,2026-03-02
CUST-00053,WhatsApp,2026-03-02
CUST-00054,AI Voice Agent,2026-01-19
CUST-00054,WhatsApp,2026-01-05
CUST-00054,Integrations,2026-01-26
CUST-00055,Analytics,2026-03-02
CUST-00056,WhatsApp,2026-03-02
CUST-00056,Call Routing,2026-02-02
CUST-00057,Analytics,2026-01-12
CUST-00057,Call Routing,2026-01-05
CUST-00058,WhatsApp,2026-01-05
CUST-00058,AI Assist,2026-01-19
CUST-00059,WhatsApp,2026-02-16
CUST-00060,WhatsApp,2026-02-23
CUST-00060,Analytics,2026-01-05
CUST-00060,Call Routing,2026-01-26
CUST-00060,Integrations,2026-02-23
CUST-00061,AI Voice Agent,2026-01-26
CUST-00061,Analytics,2026-01-26
CUST-00061,Integrations,2026-03-02
CUST-00062,Analytics,2026-01-12
CUST-00063,AI Voice Agent,2026-01-26
CUST-00063,Integrations,2026-02-09
CUST-00064,Call Routing,2026-03-02
CUST-00065,WhatsApp,2026-02-02
CUST-00065,Call Routing,2026-02-09
CUST-00065,Integrations,2026-02-02
CUST-00066,Analytics,2026-02-16
CUST-00066,Call Routing,2026-03-02
CUST-00068,Analytics,2026-02-16
CUST-00068,Call Routing,2026-03-16
CUST-00068,Integrations,2026-02-16
CUST-00069,WhatsApp,2026-02-02
CUST-00069,Analytics,2026-02-02
CUST-00069,Integrations,2026-02-02
CUST-00071,WhatsApp,2026-03-02
CUST-00071,Analytics,2026-03-02
CUST-00071,Call Routing,2026-03-02
CUST-00071,AI Assist,2026-03-09
CUST-00072,WhatsApp,2026-01-05
CUST-00072,Call Routing,2026-01-12
CUST-00073,AI Voice Agent,2026-02-02
CUST-00073,AI Assist,2026-01-05
CUST-00074,AI Voice Agent,2026-02-09
CUST-00074,WhatsApp,2026-02-09
CUST-00074,Analytics,2026-03-02
CUST-00074,Call Routing,2026-01-12
CUST-00075,Analytics,2026-02-23
CUST-00075,Call Routing,2026-01-12
CUST-00075,AI Assist,2026-03-16
CUST-00076,AI Voice Agent,2026-01-19
CUST-00076,WhatsApp,2026-02-02
CUST-00076,Analytics,2026-01-05
CUST-00076,AI Assist,2026-01-19
CUST-00077,WhatsApp,2026-03-16
CUST-00077,Analytics,2026-02-16
CUST-00078,AI Voice Agent,2026-01-12
CUST-00078,AI Assist,2026-01-05
CUST-00079,AI Voice Agent,2026-02-09
CUST-00079,Analytics,2026-01-26
CUST-00079,Call Routing,2026-02-02
CUST-00080,WhatsApp,2026-01-19
CUST-00080,Analytics,2026-01-19
CUST-00081,AI Voice Agent,2026-02-02
CUST-00082,AI Voice Agent,2026-01-12
CUST-00082,Call Routing,2026-01-05
CUST-00082,AI Assist,2026-01-12
CUST-00082,Integrations,2026-01-12
CUST-00083,AI Voice Agent,2026-02-02
CUST-00083,Integrations,2026-01-26
CUST-00084,Analytics,2026-02-16
CUST-00085,Analytics,2026-03-16
CUST-00085,AI Assist,2026-02-16
CUST-00086,WhatsApp,2026-02-09
CUST-00086,Call Routing,2026-02-02
CUST-00086,AI Assist,2026-02-02
CUST-00087,AI Voice Agent,2026-02-16
CUST-00087,AI Assist,2026-01-19
CUST-00088,WhatsApp,2026-01-05
CUST-00088,Analytics,2026-01-05
CUST-00088,Call Routing,2026-01-05
CUST-00090,Analytics,2026-01-12
CUST-00090,Call Routing,2026-01-19
CUST-00091,AI Voice Agent,2026-02-09
CUST-00091,Analytics,2026-02-09
CUST-00092,WhatsApp,2026-01-05
CUST-00092,Call Routing,2026-01-19
CUST-00093,AI Voice Agent,2026-02-16
CUST-00093,WhatsApp,2026-02-23
CUST-00093,Analytics,2026-02-02
CUST-00095,AI Assist,2026-02-23
CUST-00096,WhatsApp,2026-03-09
CUST-00096,Analytics,2026-03-16
CUST-00096,Integrations,2026-01-19
CUST-00099,WhatsApp,2026-03-23
CUST-00100,WhatsApp,2026-03-23
CUST-00100,Analytics,2026-03-16
CUST-00100,Call Routing,2026-01-12
CUST-00100,AI Assist,2026-02-23
CUST-00100,Integrations,2026-01-19
CUST-00101,WhatsApp,2026-01-12
CUST-00102,WhatsApp,2026-02-02
CUST-00102,Analytics,2026-02-02
CUST-00102,AI Assist,2026-01-19
CUST-00103,WhatsApp,2026-01-26
CUST-00104,Analytics,2026-03-23
CUST-00104,Call Routing,2026-03-02
CUST-00105,Analytics,2026-03-23
CUST-00105,Call Routing,2026-03-09
CUST-00106,AI Voice Agent,2026-01-26
CUST-00106,Analytics,2026-01-26
CUST-00107,AI Assist,2026-01-05
CUST-00108,Call Routing,2026-01-12
CUST-00109,Call Routing,2026-01-05
CUST-00110,Call Routing,2026-01-19
CUST-00111,WhatsApp,2026-01-05
CUST-00111,Analytics,2026-01-26
CUST-00112,Call Routing,2026-03-02
CUST-00113,WhatsApp,2026-02-09
CUST-00113,Analytics,2026-02-09
CUST-00113,Call Routing,2026-03-23
CUST-00113,Integrations,2026-03-23
CUST-00114,AI Voice Agent,2026-01-26
CUST-00114,WhatsApp,2026-03-09
CUST-00115,WhatsApp,2026-02-23
CUST-00115,Integrations,2026-02-02
CUST-00116,WhatsApp,2026-03-09
CUST-00116,AI Assist,2026-01-19
CUST-00117,AI Voice Agent,2026-01-26
CUST-00117,WhatsApp,2026-01-26
CUST-00117,Analytics,2026-03-16
CUST-00118,WhatsApp,2026-01-05
CUST-00119,WhatsApp,2026-01-26
CUST-00119,Call Routing,2026-02-09
CUST-00119,AI Assist,2026-03-09
CUST-00120,AI Voice Agent,2026-02-16
CUST-00120,Analytics,2026-02-16
CUST-00121,Analytics,2026-01-26
CUST-00122,WhatsApp,2026-03-23
CUST-00123,AI Voice Agent,2026-02-09
CUST-00124,Integrations,2026-01-26
CUST-00126,Analytics,2026-01-26
CUST-00126,Call Routing,2026-02-16
CUST-00126,Integrations,2026-02-02
CUST-00128,WhatsApp,2026-01-12
CUST-00128,Analytics,2026-01-12
CUST-00128,Call Routing,2026-01-12
CUST-00130,AI Voice Agent,2026-01-19
CUST-00130,WhatsApp,2026-01-19
CUST-00131,Call Routing,2026-01-12
CUST-00131,AI Assist,2026-01-05
CUST-00131,Integrations,2026-01-05
CUST-00132,AI Voice Agent,2026-01-26
CUST-00132,AI Assist,2026-03-09
CUST-00133,AI Voice Agent,2026-01-26
CUST-00133,Analytics,2026-01-26
CUST-00133,AI Assist,2026-01-05
CUST-00134,Analytics,2026-03-16
CUST-00134,Call Routing,2026-03-23
CUST-00135,AI Voice Agent,2026-01-05
CUST-00135,Analytics,2026-02-09
CUST-00135,Integrations,2026-03-09
CUST-00136,AI Voice Agent,2026-01-05
CUST-00136,Analytics,2026-03-23
CUST-00138,Call Routing,2026-01-19
CUST-00139,WhatsApp,2026-01-26
CUST-00139,Analytics,2026-02-02
CUST-00139,Call Routing,2026-01-12
CUST-00139,Integrations,2026-03-23
CUST-00140,WhatsApp,2026-01-19
CUST-00140,Call Routing,2026-01-26
CUST-00140,AI Assist,2026-01-26
CUST-00141,Call Routing,2026-03-09
CUST-00141,AI Assist,2026-03-09
CUST-00143,WhatsApp,2026-03-09
CUST-00143,Analytics,2026-03-16
CUST-00143,AI Assist,2026-03-09
CUST-00144,AI Voice Agent,2026-02-02
CUST-00144,WhatsApp,2026-01-26
CUST-00144,Analytics,2026-02-02
CUST-00144,AI Assist,2026-01-05
CUST-00145,AI Voice Agent,2026-03-02
CUST-00145,Analytics,2026-03-16
CUST-00145,Integrations,2026-03-09
CUST-00146,Analytics,2026-03-02
CUST-00146,Call Routing,2026-03-09
CUST-00148,AI Assist,2026-03-16
CUST-00149,WhatsApp,2026-03-09
CUST-00149,Call Routing,2026-02-09
CUST-00149,Integrations,2026-03-02
CUST-00150,AI Voice Agent,2026-02-09
CUST-00150,Analytics,2026-02-02
CUST-00150,AI Assist,2026-02-16
CUST-00151,WhatsApp,2026-01-05
CUST-00152,AI Voice Agent,2026-02-09
CUST-00152,WhatsApp,2026-02-02
CUST-00152,Analytics,2026-03-16
CUST-00152,Call Routing,2026-03-16
CUST-00153,WhatsApp,2026-01-05
CUST-00153,Analytics,2026-01-19
CUST-00154,AI Voice Agent,2026-03-09
CUST-00154,Analytics,2026-03-02
CUST-00154,Integrations,2026-03-02
CUST-00155,WhatsApp,2026-03-02
CUST-00155,Analytics,2026-03-23
CUST-00156,WhatsApp,2026-01-12
CUST-00156,Call Routing,2026-01-05
CUST-00156,AI Assist,2026-01-12
CUST-00156,Integrations,2026-01-12
CUST-00157,WhatsApp,2026-02-23
CUST-00157,Analytics,2026-02-23
CUST-00157,Call Routing,2026-02-23
CUST-00159,WhatsApp,2026-01-19
CUST-00159,Call Routing,2026-02-16
CUST-00160,AI Assist,2026-01-26
CUST-00161,WhatsApp,2026-01-05
CUST-00161,Analytics,2026-03-16
CUST-00161,Call Routing,2026-03-16
CUST-00162,WhatsApp,2026-03-02
CUST-00162,Analytics,2026-03-02
CUST-00162,Integrations,2026-03-23
CUST-00163,Analytics,2026-02-23
CUST-00163,AI Assist,2026-02-16
CUST-00164,Analytics,2026-01-12
CUST-00164,AI Assist,2026-02-02
CUST-00165,WhatsApp,2026-01-12
CUST-00165,Call Routing,2026-01-19
CUST-00166,Analytics,2026-02-16
CUST-00167,WhatsApp,2026-03-23
CUST-00167,Analytics,2026-02-09
CUST-00168,WhatsApp,2026-02-02
CUST-00168,Call Routing,2026-02-23
CUST-00168,AI Assist,2026-03-02
CUST-00169,Analytics,2026-02-23
CUST-00169,Call Routing,2026-01-12
CUST-00170,Analytics,2026-01-26
CUST-00170,Integrations,2026-01-12
CUST-00171,WhatsApp,2026-02-02
CUST-00172,WhatsApp,2026-01-12
CUST-00172,Analytics,2026-01-12
CUST-00172,Call Routing,2026-02-23
CUST-00172,Integrations,2026-01-12
CUST-00173,Analytics,2026-01-05
CUST-00174,Analytics,2026-02-23
CUST-00175,Analytics,2026-03-16
CUST-00175,Call Routing,2026-03-09
CUST-00176,Analytics,2026-02-02
CUST-00176,Call Routing,2026-01-26
CUST-00177,WhatsApp,2026-03-16
CUST-00177,Analytics,2026-03-23
CUST-00177,AI Assist,2026-03-09
CUST-00178,WhatsApp,2026-03-09
CUST-00178,Call Routing,2026-03-09
CUST-00179,AI Voice Agent,2026-01-19
CUST-00179,AI Assist,2026-02-09
CUST-00180,AI Voice Agent,2026-01-05
CUST-00180,WhatsApp,2026-01-19
CUST-00180,AI Assist,2026-02-23
CUST-00181,WhatsApp,2026-03-02
CUST-00181,Analytics,2026-03-23
CUST-00181,Integrations,2026-02-02
CUST-00182,AI Voice Agent,2026-02-09
CUST-00182,WhatsApp,2026-02-16
CUST-00182,Call Routing,2026-03-02
CUST-00183,AI Voice Agent,2026-01-12
CUST-00183,WhatsApp,2026-01-12
CUST-00183,Call Routing,2026-02-02
CUST-00183,AI Assist,2026-01-19
CUST-00183,Integrations,2026-02-09
CUST-00184,AI Voice Agent,2026-02-02
CUST-00184,WhatsApp,2026-01-19
CUST-00184,Analytics,2026-03-02
CUST-00184,Integrations,2026-03-09
CUST-00185,Analytics,2026-02-02
CUST-00185,Call Routing,2026-01-26
CUST-00186,AI Voice Agent,2026-01-19
CUST-00186,Analytics,2026-01-19
CUST-00186,Integrations,2026-01-12
CUST-00187,WhatsApp,2026-01-19
CUST-00187,Call Routing,2026-02-09
CUST-00188,WhatsApp,2026-01-19
CUST-00190,AI Assist,2026-02-16
CUST-00190,Integrations,2026-02-16
CUST-00191,WhatsApp,2026-03-09
CUST-00192,Analytics,2026-01-12
CUST-00192,Call Routing,2026-03-23
CUST-00192,AI Assist,2026-03-09
CUST-00193,AI Voice Agent,2026-02-23
CUST-00193,Analytics,2026-01-26
CUST-00193,AI Assist,2026-01-26
CUST-00194,Analytics,2026-01-19
CUST-00195,WhatsApp,2026-02-09
CUST-00195,Analytics,2026-01-26
CUST-00195,Integrations,2026-02-23
CUST-00197,Analytics,2026-01-05
CUST-00198,WhatsApp,2026-03-16
CUST-00198,Analytics,2026-03-09
CUST-00198,Integrations,2026-03-23
CUST-00199,WhatsApp,2026-01-12
CUST-00199,AI Assist,2026-02-09
CUST-00200,Call Routing,2026-02-09
CUST-00201,AI Voice Agent,2026-01-05
CUST-00201,WhatsApp,2026-01-12
CUST-00202,WhatsApp,2026-01-19
CUST-00202,Analytics,2026-01-26
CUST-00204,WhatsApp,2026-02-16
CUST-00205,WhatsApp,2026-01-12
CUST-00207,AI Voice Agent,2026-01-05
CUST-00208,Analytics,2026-02-23
CUST-00209,WhatsApp,2026-03-02
CUST-00211,AI Voice Agent,2026-02-02
CUST-00211,Analytics,2026-01-05
CUST-00211,Call Routing,2026-03-09
CUST-00211,AI Assist,2026-03-16
CUST-00211,Integrations,2026-03-16
CUST-00212,WhatsApp,2026-02-02
CUST-00212,Analytics,2026-01-26
CUST-00212,Call Routing,2026-01-05
CUST-00212,Integrations,2026-02-16
CUST-00213,WhatsApp,2026-02-09
CUST-00213,Analytics,2026-02-09
CUST-00213,Call Routing,2026-02-09
CUST-00214,Analytics,2026-01-26
CUST-00214,AI Assist,2026-03-02
CUST-00214,Integrations,2026-02-09
CUST-00215,Analytics,2026-01-26
CUST-00215,Call Routing,2026-03-16
CUST-00216,AI Voice Agent,2026-01-12
CUST-00216,Analytics,2026-02-02
CUST-00217,AI Voice Agent,2026-02-02
CUST-00217,Call Routing,2026-01-19
CUST-00217,AI Assist,2026-01-26
CUST-00218,WhatsApp,2026-02-16
CUST-00219,WhatsApp,2026-02-16
CUST-00220,AI Voice Agent,2026-01-05
CUST-00220,Call Routing,2026-01-26
CUST-00220,AI Assist,2026-02-09
CUST-00221,AI Voice Agent,2026-02-16
CUST-00221,WhatsApp,2026-01-26
CUST-00221,Analytics,2026-03-09
CUST-00222,AI Voice Agent,2026-03-16
CUST-00222,Analytics,2026-02-09
CUST-00223,WhatsApp,2026-03-02
CUST-00223,Call Routing,2026-01-26
CUST-00224,AI Voice Agent,2026-01-19
CUST-00224,WhatsApp,2026-02-23
CUST-00224,Analytics,2026-02-16
CUST-00225,AI Voice Agent,2026-03-23
CUST-00225,WhatsApp,2026-03-16
CUST-00225,Analytics,2026-03-23
CUST-00225,Call Routing,2026-03-02
CUST-00226,AI Voice Agent,2026-02-09
CUST-00226,WhatsApp,2026-01-12
CUST-00226,Call Routing,2026-03-02
CUST-00226,AI Assist,2026-02-23
CUST-00227,WhatsApp,2026-01-26
CUST-00227,Analytics,2026-01-19
CUST-00228,Analytics,2026-03-16
CUST-00228,Call Routing,2026-03-23
CUST-00228,Integrations,2026-03-09
CUST-00229,Call Routing,2026-01-05
CUST-00230,Call Routing,2026-01-12
CUST-00231,WhatsApp,2026-02-23
CUST-00231,Analytics,2026-02-16
CUST-00231,Call Routing,2026-02-16
CUST-00232,WhatsApp,2026-01-12
CUST-00232,Analytics,2026-01-05
CUST-00233,WhatsApp,2026-03-09
CUST-00233,Analytics,2026-03-09
CUST-00233,Integrations,2026-03-16
CUST-00235,WhatsApp,2026-03-09
CUST-00235,Analytics,2026-03-02
CUST-00235,Call Routing,2026-03-02
CUST-00235,Integrations,2026-03-09
CUST-00236,Analytics,2026-01-05
CUST-00236,AI Assist,2026-02-09
CUST-00237,AI Assist,2026-03-02
CUST-00238,AI Voice Agent,2026-01-05
CUST-00238,WhatsApp,2026-02-02
CUST-00238,Call Routing,2026-03-16
CUST-00238,AI Assist,2026-03-09
CUST-00240,Analytics,2026-01-05
CUST-00240,Call Routing,2026-01-19
CUST-00241,AI Voice Agent,2026-01-19
CUST-00241,WhatsApp,2026-02-23
CUST-00241,Analytics,2026-02-02
CUST-00241,AI Assist,2026-01-12
CUST-00241,Integrations,2026-01-12
CUST-00242,AI Voice Agent,2026-01-12
CUST-00242,AI Assist,2026-03-23
CUST-00243,Call Routing,2026-03-09
CUST-00243,AI Assist,2026-03-09
CUST-00244,WhatsApp,2026-01-26
CUST-00244,Analytics,2026-01-26
CUST-00244,Call Routing,2026-02-16
CUST-00245,Analytics,2026-01-12
CUST-00246,Analytics,2026-02-09
CUST-00247,Analytics,2026-03-02
CUST-00248,WhatsApp,2026-01-26
CUST-00248,Analytics,2026-02-23
CUST-00249,WhatsApp,2026-01-19
CUST-00249,Analytics,2026-03-02
CUST-00250,AI Voice Agent,2026-02-02
CUST-00250,WhatsApp,2026-01-26
CUST-00250,Analytics,2026-02-02
CUST-00251,AI Voice Agent,2026-01-05
CUST-00251,WhatsApp,2026-03-16
CUST-00251,AI Assist,2026-03-02
CUST-00251,Integrations,2026-01-05
CUST-00252,WhatsApp,2026-01-05
CUST-00253,WhatsApp,2026-01-12
CUST-00253,Integrations,2026-01-12
CUST-00254,Call Routing,2026-03-09
CUST-00255,AI Voice Agent,2026-01-12
CUST-00255,WhatsApp,2026-01-05
CUST-00255,Analytics,2026-01-12
CUST-00256,WhatsApp,2026-01-26
CUST-00256,Analytics,2026-02-16
CUST-00256,AI Assist,2026-02-16
CUST-00257,WhatsApp,2026-01-26
CUST-00257,Call Routing,2026-01-19
CUST-00258,WhatsApp,2026-01-12
CUST-00258,Analytics,2026-01-12
CUST-00258,Call Routing,2026-01-12
CUST-00260,Analytics,2026-01-19
CUST-00260,Call Routing,2026-03-09
CUST-00260,Integrations,2026-02-09
CUST-00261,WhatsApp,2026-01-26
CUST-00262,Call Routing,2026-02-16
CUST-00262,Integrations,2026-02-09
CUST-00263,Integrations,2026-02-09
CUST-00264,AI Voice Agent,2026-01-19
CUST-00264,Analytics,2026-01-26
CUST-00264,Integrations,2026-01-12
CUST-00265,Analytics,2026-03-02
CUST-00266,AI Voice Agent,2026-01-19
CUST-00266,WhatsApp,2026-01-05
CUST-00266,Call Routing,2026-01-12
CUST-00266,AI Assist,2026-02-02
CUST-00267,Analytics,2026-03-23
CUST-00267,Call Routing,2026-03-09
CUST-00267,AI Assist,2026-02-23
CUST-00268,WhatsApp,2026-01-12
CUST-00268,Call Routing,2026-01-19
CUST-00269,Analytics,2026-03-23
CUST-00269,Call Routing,2026-02-02
CUST-00270,Analytics,2026-01-26
CUST-00270,AI Assist,2026-01-05
CUST-00271,AI Voice Agent,2026-02-23
CUST-00271,WhatsApp,2026-02-16
CUST-00271,Call Routing,2026-03-09
CUST-00271,AI Assist,2026-02-16
CUST-00271,Integrations,2026-03-09
CUST-00272,WhatsApp,2026-01-05
CUST-00272,AI Assist,2026-02-09
CUST-00273,WhatsApp,2026-03-02
CUST-00273,Call Routing,2026-03-09
CUST-00274,Integrations,2026-01-26
CUST-00275,AI Voice Agent,2026-02-02
CUST-00275,Analytics,2026-02-09
CUST-00275,AI Assist,2026-01-12
CUST-00275,Integrations,2026-02-16
CUST-00277,AI Voice Agent,2026-01-26
CUST-00278,Analytics,2026-02-23
CUST-00279,WhatsApp,2026-02-23
CUST-00279,Analytics,2026-01-26
CUST-00280,AI Voice Agent,2026-02-23
CUST-00280,WhatsApp,2026-02-23
CUST-00281,WhatsApp,2026-01-26
CUST-00283,Analytics,2026-01-05
CUST-00283,Integrations,2026-01-05
CUST-00284,WhatsApp,2026-02-23
CUST-00284,Analytics,2026-03-09
CUST-00284,Call Routing,2026-02-02
CUST-00285,WhatsApp,2026-01-26
CUST-00285,Analytics,2026-01-05
CUST-00286,WhatsApp,2026-01-12
CUST-00286,Integrations,2026-01-12
CUST-00287,WhatsApp,2026-02-09
CUST-00287,AI Assist,2026-02-16
CUST-00288,AI Voice Agent,2026-03-09
CUST-00288,WhatsApp,2026-02-23
CUST-00288,Analytics,2026-03-02
CUST-00289,WhatsApp,2026-01-19
CUST-00289,Analytics,2026-02-23
CUST-00289,Call Routing,2026-01-12
CUST-00290,AI Voice Agent,2026-01-19
CUST-00290,Analytics,2026-01-12
CUST-00290,AI Assist,2026-01-05
CUST-00291,Analytics,2026-02-16
CUST-00292,AI Voice Agent,2026-03-23
CUST-00292,Analytics,2026-03-16
CUST-00293,AI Voice Agent,2026-02-09
CUST-00293,WhatsApp,2026-03-16
CUST-00293,Analytics,2026-03-02
CUST-00293,Call Routing,2026-01-19
CUST-00294,AI Voice Agent,2026-02-02
CUST-00295,AI Voice Agent,2026-01-19
CUST-00295,Call Routing,2026-02-23
CUST-00295,AI Assist,2026-02-16
CUST-00295,Integrations,2026-01-12
CUST-00296,AI Voice Agent,2026-03-02
CUST-00296,Analytics,2026-03-02
CUST-00297,WhatsApp,2026-01-19
CUST-00299,AI Voice Agent,2026-02-02
CUST-00299,AI Assist,2026-01-12
CUST-00300,WhatsApp,2026-01-19
CUST-00300,AI Assist,2026-02-02
CUST-00301,AI Voice Agent,2026-01-12
CUST-00302,AI Voice Agent,2026-01-12
CUST-00302,Call Routing,2026-02-02
CUST-00304,WhatsApp,2026-03-09
CUST-00305,Analytics,2026-02-09
CUST-00305,Call Routing,2026-02-09
CUST-00307,Integrations,2026-01-05
CUST-00308,Analytics,2026-02-23
CUST-00309,Analytics,2026-02-09
CUST-00310,WhatsApp,2026-03-09
CUST-00310,Call Routing,2026-03-16
CUST-00310,AI Assist,2026-02-02
CUST-00311,Analytics,2026-02-16
CUST-00311,Call Routing,2026-02-23
CUST-00311,AI Assist,2026-02-16
CUST-00312,WhatsApp,2026-03-09
CUST-00312,Analytics,2026-03-16
CUST-00312,Call Routing,2026-03-23
CUST-00312,Integrations,2026-03-09
CUST-00313,WhatsApp,2026-01-12
CUST-00313,Integrations,2026-01-05
CUST-00315,Call Routing,2026-03-02
CUST-00316,WhatsApp,2026-03-16
CUST-00316,Integrations,2026-02-16
CUST-00317,AI Voice Agent,2026-02-02
CUST-00317,WhatsApp,2026-02-02
CUST-00318,WhatsApp,2026-01-19
CUST-00318,Analytics,2026-01-26
CUST-00318,AI Assist,2026-01-26
CUST-00319,AI Voice Agent,2026-03-02
CUST-00319,WhatsApp,2026-03-02
CUST-00319,Analytics,2026-03-02
CUST-00319,Call Routing,2026-03-02
CUST-00322,Call Routing,2026-01-19
CUST-00323,WhatsApp,2026-03-16
CUST-00323,Call Routing,2026-03-09
CUST-00324,WhatsApp,2026-01-05
CUST-00325,WhatsApp,2026-01-05
CUST-00325,Analytics,2026-01-05
CUST-00325,Call Routing,2026-01-05
CUST-00326,AI Voice Agent,2026-02-02
CUST-00326,Call Routing,2026-03-23
CUST-00327,WhatsApp,2026-03-16
CUST-00327,Analytics,2026-03-09
CUST-00328,AI Voice Agent,2026-02-02
CUST-00328,WhatsApp,2026-02-09
CUST-00330,WhatsApp,2026-02-23
CUST-00330,Analytics,2026-03-23
CUST-00331,WhatsApp,2026-01-26
CUST-00332,AI Voice Agent,2026-02-16
CUST-00332,WhatsApp,2026-03-16
CUST-00332,Integrations,2026-02-16
CUST-00333,AI Voice Agent,2026-02-09
CUST-00333,WhatsApp,2026-02-23
CUST-00333,Analytics,2026-01-19
CUST-00333,Integrations,2026-01-19
CUST-00334,Integrations,2026-01-12
CUST-00335,WhatsApp,2026-03-02
CUST-00335,Analytics,2026-02-23
CUST-00335,Integrations,2026-01-05
CUST-00336,Analytics,2026-03-02
CUST-00336,Integrations,2026-03-09
CUST-00337,WhatsApp,2026-03-23
CUST-00337,Call Routing,2026-01-12
CUST-00337,Integrations,2026-01-19
CUST-00338,WhatsApp,2026-02-09
CUST-00338,Analytics,2026-02-09
CUST-00338,Call Routing,2026-01-05
CUST-00339,AI Voice Agent,2026-02-02
CUST-00339,WhatsApp,2026-03-16
CUST-00339,Analytics,2026-02-23
CUST-00339,AI Assist,2026-02-02
CUST-00340,WhatsApp,2026-03-09
CUST-00341,AI Voice Agent,2026-02-02
CUST-00341,WhatsApp,2026-01-26
CUST-00342,AI Voice Agent,2026-03-09
CUST-00342,WhatsApp,2026-03-23
CUST-00342,Analytics,2026-03-23
CUST-00343,Analytics,2026-02-09
CUST-00345,WhatsApp,2026-01-26
CUST-00345,Analytics,2026-03-02
CUST-00345,Call Routing,2026-02-16
CUST-00346,WhatsApp,2026-01-19
CUST-00346,AI Assist,2026-01-19
CUST-00347,WhatsApp,2026-03-16
CUST-00348,Integrations,2026-02-09
CUST-00349,WhatsApp,2026-01-05
CUST-00350,WhatsApp,2026-03-02
CUST-00351,Analytics,2026-02-09
CUST-00351,AI Assist,2026-03-09
CUST-00352,Analytics,2026-03-02
CUST-00353,AI Voice Agent,2026-01-05
CUST-00353,WhatsApp,2026-01-19
CUST-00353,Call Routing,2026-02-09
CUST-00355,WhatsApp,2026-03-09
CUST-00355,AI Assist,2026-03-16
CUST-00357,WhatsApp,2026-02-16
CUST-00357,Call Routing,2026-01-26
CUST-00357,AI Assist,2026-02-09
CUST-00358,Analytics,2026-01-26
CUST-00358,Call Routing,2026-01-12
CUST-00359,WhatsApp,2026-01-19
CUST-00360,AI Voice Agent,2026-02-02
CUST-00360,Analytics,2026-03-16
CUST-00360,Call Routing,2026-01-12
CUST-00360,AI Assist,2026-01-26
CUST-00361,WhatsApp,2026-01-12
CUST-00361,Call Routing,2026-01-12
CUST-00362,AI Voice Agent,2026-01-05
CUST-00362,WhatsApp,2026-01-05
CUST-00362,Analytics,2026-01-05
CUST-00362,Integrations,2026-01-12
CUST-00363,WhatsApp,2026-02-16
CUST-00363,Analytics,2026-03-09
CUST-00363,Call Routing,2026-03-02
CUST-00363,AI Assist,2026-03-09
CUST-00364,Analytics,2026-02-16
CUST-00364,Call Routing,2026-01-05
CUST-00365,AI Voice Agent,2026-02-16
CUST-00365,WhatsApp,2026-03-16
CUST-00365,Analytics,2026-02-09
CUST-00365,Call Routing,2026-02-16
CUST-00366,AI Voice Agent,2026-02-02
CUST-00366,WhatsApp,2026-01-12
CUST-00367,WhatsApp,2026-01-26
CUST-00368,Analytics,2026-03-23
CUST-00370,AI Voice Agent,2026-02-02
CUST-00370,Integrations,2026-03-16
CUST-00371,WhatsApp,2026-01-12
CUST-00371,Analytics,2026-02-16
CUST-00371,AI Assist,2026-02-02
CUST-00372,WhatsApp,2026-01-05
CUST-00373,WhatsApp,2026-01-19
CUST-00373,Integrations,2026-01-19
CUST-00374,WhatsApp,2026-01-12
CUST-00375,WhatsApp,2026-02-02
CUST-00376,Call Routing,2026-03-16
CUST-00377,AI Voice Agent,2026-01-19
CUST-00377,WhatsApp,2026-02-16
CUST-00377,AI Assist,2026-02-09
CUST-00378,AI Voice Agent,2026-02-23
CUST-00378,WhatsApp,2026-03-16
CUST-00378,Analytics,2026-02-23
CUST-00379,WhatsApp,2026-03-09
CUST-00379,Analytics,2026-03-02
CUST-00379,Call Routing,2026-03-09
CUST-00380,WhatsApp,2026-01-05
CUST-00380,Analytics,2026-01-05
CUST-00380,Call Routing,2026-02-09
CUST-00380,Integrations,2026-01-05
CUST-00381,WhatsApp,2026-01-12
CUST-00382,AI Voice Agent,2026-01-12
CUST-00382,WhatsApp,2026-01-26
CUST-00382,AI Assist,2026-02-09
CUST-00383,WhatsApp,2026-03-16
CUST-00384,WhatsApp,2026-03-02
CUST-00384,Analytics,2026-03-09
CUST-00386,AI Voice Agent,2026-01-19
CUST-00386,Call Routing,2026-02-02
CUST-00387,Analytics,2026-03-02
CUST-00388,AI Voice Agent,2026-02-02
CUST-00388,WhatsApp,2026-02-23
CUST-00388,Analytics,2026-02-09
CUST-00388,Call Routing,2026-03-16
CUST-00389,WhatsApp,2026-03-23
CUST-00389,Call Routing,2026-01-05
CUST-00390,WhatsApp,2026-02-23
CUST-00390,Analytics,2026-03-09
CUST-00390,Call Routing,2026-02-09
CUST-00391,WhatsApp,2026-02-02
CUST-00391,Analytics,2026-02-16
CUST-00392,WhatsApp,2026-03-02
CUST-00392,AI Assist,2026-01-12
CUST-00393,AI Voice Agent,2026-02-09
CUST-00393,WhatsApp,2026-01-12
CUST-00393,Analytics,2026-02-09
CUST-00393,AI Assist,2026-02-02
CUST-00394,AI Voice Agent,2026-02-02
CUST-00394,AI Assist,2026-01-26
CUST-00395,WhatsApp,2026-02-02
CUST-00395,Analytics,2026-02-02
CUST-00396,WhatsApp,2026-01-19
CUST-00396,Analytics,2026-02-02
CUST-00396,Call Routing,2026-02-02
CUST-00397,Call Routing,2026-03-09
CUST-00398,AI Voice Agent,2026-01-05
CUST-00398,WhatsApp,2026-01-26
CUST-00398,AI Assist,2026-03-16
CUST-00399,Integrations,2026-02-16
CUST-00401,WhatsApp,2026-02-23
CUST-00401,Integrations,2026-03-16
CUST-00402,WhatsApp,2026-02-23
CUST-00403,WhatsApp,2026-01-12
CUST-00403,Call Routing,2026-01-26
CUST-00403,Integrations,2026-01-19
CUST-00404,AI Voice Agent,2026-01-05
CUST-00404,WhatsApp,2026-02-23
CUST-00405,WhatsApp,2026-01-05
CUST-00406,AI Voice Agent,2026-01-05
CUST-00406,WhatsApp,2026-01-05
CUST-00406,Analytics,2026-03-16
CUST-00407,WhatsApp,2026-02-09
CUST-00407,Analytics,2026-02-23
CUST-00407,AI Assist,2026-02-23
CUST-00408,Analytics,2026-03-09
CUST-00409,AI Voice Agent,2026-02-16
CUST-00409,Analytics,2026-02-02
CUST-00409,AI Assist,2026-02-02
CUST-00410,Call Routing,2026-01-05
CUST-00411,AI Voice Agent,2026-01-05
CUST-00411,AI Assist,2026-02-02
CUST-00411,Integrations,2026-02-16
CUST-00412,WhatsApp,2026-02-16
CUST-00412,Analytics,2026-02-16
CUST-00412,Call Routing,2026-02-09
CUST-00413,Analytics,2026-01-12
CUST-00413,Call Routing,2026-01-12
CUST-00413,Integrations,2026-01-12
CUST-00414,AI Voice Agent,2026-03-16
CUST-00414,Call Routing,2026-02-23
CUST-00415,WhatsApp,2026-01-05
CUST-00415,Analytics,2026-01-05
CUST-00416,AI Voice Agent,2026-01-05
CUST-00416,Call Routing,2026-01-12
CUST-00417,Call Routing,2026-03-09
CUST-00418,Analytics,2026-01-19
CUST-00418,Call Routing,2026-01-12
CUST-00418,AI Assist,2026-01-26
CUST-00419,WhatsApp,2026-03-09
CUST-00419,AI Assist,2026-02-23
CUST-00420,AI Voice Agent,2026-01-05
CUST-00420,WhatsApp,2026-01-12
CUST-00420,Call Routing,2026-03-16
CUST-00420,Integrations,2026-03-02
CUST-00422,Analytics,2026-01-19
CUST-00422,AI Assist,2026-01-19
CUST-00423,WhatsApp,2026-01-19
CUST-00424,AI Voice Agent,2026-01-05
CUST-00424,WhatsApp,2026-01-05
CUST-00424,Analytics,2026-02-09
CUST-00424,Integrations,2026-02-02
CUST-00425,AI Voice Agent,2026-03-16
CUST-00425,WhatsApp,2026-03-16
CUST-00425,Integrations,2026-03-16
CUST-00426,AI Voice Agent,2026-01-19
CUST-00426,Analytics,2026-02-02
CUST-00426,Call Routing,2026-01-12
CUST-00426,AI Assist,2026-02-02
CUST-00427,WhatsApp,2026-01-26
CUST-00428,AI Voice Agent,2026-02-09
CUST-00428,WhatsApp,2026-02-09
CUST-00428,AI Assist,2026-03-02
CUST-00428,Integrations,2026-03-16
CUST-00429,WhatsApp,2026-01-12
CUST-00429,Analytics,2026-01-05
CUST-00429,Call Routing,2026-01-12
CUST-00430,AI Voice Agent,2026-02-23
CUST-00430,Analytics,2026-02-02
CUST-00430,Integrations,2026-03-02
CUST-00431,AI Voice Agent,2026-03-02
CUST-00431,WhatsApp,2026-03-09
CUST-00431,Analytics,2026-03-23
CUST-00432,WhatsApp,2026-01-19
CUST-00432,Integrations,2026-02-16
CUST-00433,WhatsApp,2026-02-16
CUST-00433,Analytics,2026-01-12
CUST-00434,Integrations,2026-03-09
CUST-00435,Analytics,2026-03-09
CUST-00437,WhatsApp,2026-03-02
CUST-00437,Call Routing,2026-02-16
CUST-00438,WhatsApp,2026-01-26
CUST-00438,Call Routing,2026-01-26
CUST-00438,Integrations,2026-03-02
CUST-00439,Call Routing,2026-02-02
CUST-00440,WhatsApp,2026-03-09
CUST-00440,Call Routing,2026-03-16
CUST-00440,AI Assist,2026-03-16
CUST-00441,AI Voice Agent,2026-02-09
CUST-00441,AI Assist,2026-02-09
CUST-00441,Integrations,2026-03-16
CUST-00442,AI Voice Agent,2026-01-05
CUST-00442,Call Routing,2026-01-05
CUST-00442,Integrations,2026-01-26
CUST-00443,Analytics,2026-02-23
CUST-00444,AI Voice Agent,2026-01-12
CUST-00445,AI Voice Agent,2026-01-05
CUST-00446,WhatsApp,2026-02-02
CUST-00446,AI Assist,2026-01-26
CUST-00447,AI Voice Agent,2026-03-09
CUST-00447,Call Routing,2026-03-02
CUST-00448,AI Voice Agent,2026-01-05
CUST-00448,WhatsApp,2026-02-09
CUST-00449,AI Voice Agent,2026-01-19
CUST-00449,Call Routing,2026-03-09
CUST-00449,Integrations,2026-01-12
CUST-00450,AI Assist,2026-02-16
CUST-00451,WhatsApp,2026-01-19
CUST-00451,Call Routing,2026-01-26
CUST-00452,Call Routing,2026-03-23
CUST-00452,Integrations,2026-02-16
CUST-00453,WhatsApp,2026-01-26
CUST-00453,Call Routing,2026-01-19
CUST-00453,Integrations,2026-01-26
CUST-00454,Call Routing,2026-02-16
CUST-00454,AI Assist,2026-01-05
CUST-00455,Analytics,2026-02-23
CUST-00455,Call Routing,2026-02-09
CUST-00455,Integrations,2026-02-02
CUST-00456,Analytics,2026-01-12
CUST-00457,WhatsApp,2026-01-12
CUST-00457,Integrations,2026-01-19
CUST-00458,Integrations,2026-01-05
CUST-00459,WhatsApp,2026-03-09
CUST-00459,Analytics,2026-03-23
CUST-00459,Integrations,2026-03-16
CUST-00460,Analytics,2026-01-26
CUST-00460,Integrations,2026-02-16
CUST-00462,Analytics,2026-03-09
CUST-00463,AI Voice Agent,2026-02-09
CUST-00463,WhatsApp,2026-02-23
CUST-00463,Analytics,2026-03-16
CUST-00463,Call Routing,2026-01-26
CUST-00463,Integrations,2026-01-19
CUST-00464,Call Routing,2026-01-26
CUST-00465,Analytics,2026-01-19
CUST-00465,Call Routing,2026-02-23
CUST-00466,AI Voice Agent,2026-02-23
CUST-00467,WhatsApp,2026-03-02
CUST-00468,WhatsApp,2026-02-09
CUST-00468,Call Routing,2026-02-16
CUST-00468,Integrations,2026-01-12
CUST-00469,Call Routing,2026-01-05
CUST-00471,Call Routing,2026-02-09
CUST-00471,AI Assist,2026-02-02
CUST-00472,AI Voice Agent,2026-01-12
CUST-00472,WhatsApp,2026-01-19
CUST-00472,Analytics,2026-01-19
CUST-00474,WhatsApp,2026-03-02
CUST-00475,AI Voice Agent,2026-02-02
CUST-00475,WhatsApp,2026-03-16
CUST-00476,Analytics,2026-02-02
CUST-00476,Call Routing,2026-01-19
CUST-00477,AI Voice Agent,2026-01-26
CUST-00478,WhatsApp,2026-03-09
CUST-00479,Analytics,2026-02-23
CUST-00480,WhatsApp,2026-01-19
CUST-00481,AI Voice Agent,2026-02-09
CUST-00481,WhatsApp,2026-01-26
CUST-00482,WhatsApp,2026-03-02
CUST-00482,Analytics,2026-02-02
CUST-00482,AI Assist,2026-03-23
CUST-00483,AI Voice Agent,2026-02-09
CUST-00484,Call Routing,2026-03-23
CUST-00484,Integrations,2026-02-09
CUST-00486,AI Voice Agent,2026-01-26
CUST-00486,WhatsApp,2026-02-09
CUST-00488,AI Voice Agent,2026-02-02
CUST-00488,WhatsApp,2026-02-23
CUST-00488,Analytics,2026-03-02
CUST-00488,Call Routing,2026-02-02
CUST-00490,AI Voice Agent,2026-02-16
CUST-00490,WhatsApp,2026-03-09
CUST-00490,Analytics,2026-02-23
CUST-00490,Integrations,2026-03-16
CUST-00491,Call Routing,2026-02-09
CUST-00491,Integrations,2026-02-23
CUST-00492,WhatsApp,2026-02-02
CUST-00492,Call Routing,2026-01-12
CUST-00492,Integrations,2026-01-05
CUST-00493,WhatsApp,2026-01-05
CUST-00493,Call Routing,2026-02-16
CUST-00494,AI Voice Agent,2026-03-02
CUST-00495,Call Routing,2026-02-16
CUST-00496,AI Voice Agent,2026-02-16
CUST-00497,AI Voice Agent,2026-01-26
CUST-00497,WhatsApp,2026-02-09
CUST-00497,AI Assist,2026-01-26
CUST-00498,AI Voice Agent,2026-03-09
CUST-00498,WhatsApp,2026-02-16
CUST-00498,Analytics,2026-02-23
CUST-00498,AI Assist,2026-03-23
CUST-00499,AI Voice Agent,2026-03-02
CUST-00499,Analytics,2026-03-23
CUST-00500,AI Voice Agent,2026-03-09
CUST-00500,WhatsApp,2026-02-16
CUST-00500,Analytics,2026-02-23
CUST-00500,AI Assist,2026-02-16
CUST-00501,Analytics,2026-03-23
CUST-00502,AI Voice Agent,2026-02-23
CUST-00502,WhatsApp,2026-02-16
CUST-00503,WhatsApp,2026-03-02
CUST-00504,AI Assist,2026-02-23
CUST-00504,Integrations,2026-02-16
CUST-00505,AI Assist,2026-03-16
CUST-00506,AI Voice Agent,2026-01-19
CUST-00506,WhatsApp,2026-01-05
CUST-00506,Analytics,2026-01-05
CUST-00506,AI Assist,2026-02-02
CUST-00507,WhatsApp,2026-03-02
CUST-00507,Analytics,2026-02-09
CUST-00507,Integrations,2026-02-23
CUST-00508,AI Voice Agent,2026-02-02
CUST-00508,Analytics,2026-02-02
CUST-00509,WhatsApp,2026-01-19
CUST-00509,Call Routing,2026-02-23
CUST-00509,AI Assist,2026-03-23
CUST-00510,Call Routing,2026-03-09
CUST-00510,Integrations,2026-03-09
CUST-00511,WhatsApp,2026-02-02
CUST-00511,Analytics,2026-03-23
CUST-00511,Call Routing,2026-01-19
CUST-00512,WhatsApp,2026-02-23
CUST-00513,AI Voice Agent,2026-01-19
CUST-00513,WhatsApp,2026-03-16
CUST-00513,Analytics,2026-03-16
CUST-00513,Call Routing,2026-03-09
CUST-00514,AI Voice Agent,2026-02-09
CUST-00514,WhatsApp,2026-01-05
CUST-00515,Analytics,2026-01-05
CUST-00515,Call Routing,2026-01-05
CUST-00516,Call Routing,2026-01-19
CUST-00517,AI Voice Agent,2026-03-23
CUST-00517,Analytics,2026-03-23
CUST-00517,AI Assist,2026-03-02
CUST-00518,WhatsApp,2026-03-23
CUST-00519,Analytics,2026-03-16
CUST-00519,Integrations,2026-03-16
CUST-00520,AI Voice Agent,2026-02-09
CUST-00520,WhatsApp,2026-02-16
CUST-00520,Analytics,2026-01-26
CUST-00520,Call Routing,2026-02-02
CUST-00521,Call Routing,2026-02-09
CUST-00522,WhatsApp,2026-01-12
CUST-00522,Call Routing,2026-01-19
CUST-00522,AI Assist,2026-01-19
CUST-00523,WhatsApp,2026-01-05
CUST-00523,Analytics,2026-02-16
CUST-00524,Call Routing,2026-01-19
CUST-00524,Integrations,2026-02-09
CUST-00525,WhatsApp,2026-03-23
CUST-00526,Analytics,2026-02-23
CUST-00527,AI Voice Agent,2026-02-09
CUST-00527,WhatsApp,2026-02-02
CUST-00528,AI Voice Agent,2026-01-26
CUST-00528,WhatsApp,2026-01-19
CUST-00529,AI Voice Agent,2026-01-26
CUST-00529,WhatsApp,2026-01-12
CUST-00529,Call Routing,2026-01-19
CUST-00529,AI Assist,2026-01-05
CUST-00530,AI Voice Agent,2026-03-02
CUST-00531,WhatsApp,2026-01-19
CUST-00532,WhatsApp,2026-03-02
CUST-00532,Call Routing,2026-01-19
CUST-00533,Analytics,2026-03-09
CUST-00534,Call Routing,2026-01-05
CUST-00535,WhatsApp,2026-03-02
CUST-00535,Integrations,2026-03-23
CUST-00538,WhatsApp,2026-03-02
CUST-00538,Call Routing,2026-02-16
CUST-00538,Integrations,2026-01-26
CUST-00539,AI Voice Agent,2026-01-05
CUST-00539,WhatsApp,2026-02-23
CUST-00539,Analytics,2026-01-12
CUST-00539,Call Routing,2026-02-23
CUST-00540,AI Voice Agent,2026-02-23
CUST-00540,WhatsApp,2026-02-23
CUST-00540,AI Assist,2026-02-16
CUST-00541,WhatsApp,2026-02-02
CUST-00541,Analytics,2026-03-16
CUST-00541,Integrations,2026-02-23
CUST-00542,WhatsApp,2026-02-16
CUST-00542,AI Assist,2026-01-19
CUST-00542,Integrations,2026-02-16
CUST-00543,Analytics,2026-01-26
CUST-00543,Call Routing,2026-01-19
CUST-00544,AI Voice Agent,2026-03-16
CUST-00544,Analytics,2026-03-09
CUST-00544,Call Routing,2026-03-23
CUST-00545,AI Assist,2026-01-12
CUST-00546,AI Voice Agent,2026-02-09
CUST-00546,WhatsApp,2026-01-12
CUST-00546,Call Routing,2026-02-02
CUST-00547,Analytics,2026-01-12
CUST-00548,AI Voice Agent,2026-02-09
CUST-00548,Analytics,2026-02-23
CUST-00548,Call Routing,2026-01-12
CUST-00548,AI Assist,2026-02-23
CUST-00549,AI Voice Agent,2026-01-26
CUST-00549,Call Routing,2026-02-09
CUST-00550,WhatsApp,2026-02-09
CUST-00550,Analytics,2026-03-09
CUST-00550,Call Routing,2026-01-12
CUST-00550,AI Assist,2026-01-19
CUST-00550,Integrations,2026-03-09
CUST-00551,AI Voice Agent,2026-01-19
CUST-00551,Analytics,2026-01-12
CUST-00551,Call Routing,2026-01-12
CUST-00552,Analytics,2026-02-02
CUST-00552,AI Assist,2026-03-02
CUST-00553,Call Routing,2026-03-09
CUST-00554,AI Voice Agent,2026-02-02
CUST-00554,WhatsApp,2026-01-12
CUST-00554,Analytics,2026-03-23
CUST-00554,Call Routing,2026-03-02
CUST-00554,Integrations,2026-03-23
CUST-00555,Analytics,2026-03-02
CUST-00556,AI Voice Agent,2026-01-12
CUST-00557,WhatsApp,2026-02-02
CUST-00557,Call Routing,2026-01-05
CUST-00557,Integrations,2026-01-26
CUST-00558,AI Voice Agent,2026-01-19
CUST-00558,WhatsApp,2026-02-23
CUST-00558,Call Routing,2026-02-23
CUST-00559,AI Voice Agent,2026-02-02
CUST-00559,Analytics,2026-02-16
CUST-00561,WhatsApp,2026-02-16
CUST-00561,Call Routing,2026-02-02
CUST-00562,Call Routing,2026-02-02
CUST-00563,AI Voice Agent,2026-02-02
CUST-00563,WhatsApp,2026-02-09
CUST-00563,Analytics,2026-02-09
CUST-00564,WhatsApp,2026-03-16
CUST-00564,Call Routing,2026-01-19
CUST-00564,AI Assist,2026-02-09
CUST-00565,AI Voice Agent,2026-02-02
CUST-00565,Analytics,2026-01-12
CUST-00566,WhatsApp,2026-02-09
CUST-00566,Analytics,2026-03-23
CUST-00567,AI Assist,2026-01-26
CUST-00568,AI Voice Agent,2026-01-19
CUST-00568,Call Routing,2026-02-02
CUST-00568,AI Assist,2026-02-16
CUST-00569,WhatsApp,2026-03-09
CUST-00570,Analytics,2026-03-02
CUST-00570,Call Routing,2026-03-23
CUST-00570,Integrations,2026-03-16
CUST-00571,AI Voice Agent,2026-03-23
CUST-00571,WhatsApp,2026-03-09
CUST-00571,Analytics,2026-03-02
CUST-00571,Call Routing,2026-03-09
CUST-00572,WhatsApp,2026-02-02
CUST-00573,WhatsApp,2026-01-19
CUST-00573,Call Routing,2026-01-19
CUST-00575,AI Voice Agent,2026-01-19
CUST-00575,WhatsApp,2026-01-26
CUST-00575,Analytics,2026-01-12
CUST-00575,Integrations,2026-01-19
CUST-00576,AI Voice Agent,2026-01-19
CUST-00576,Analytics,2026-01-19
CUST-00577,AI Voice Agent,2026-01-26
CUST-00577,AI Assist,2026-02-09
CUST-00578,WhatsApp,2026-03-09
CUST-00578,Analytics,2026-03-02
CUST-00579,AI Voice Agent,2026-02-16
CUST-00579,Analytics,2026-02-02
CUST-00579,Call Routing,2026-03-23
CUST-00579,AI Assist,2026-03-23
CUST-00580,WhatsApp,2026-01-05
CUST-00580,Analytics,2026-03-02
CUST-00580,AI Assist,2026-03-16
CUST-00581,AI Assist,2026-03-23
CUST-00582,AI Voice Agent,2026-02-16
CUST-00582,WhatsApp,2026-02-16
CUST-00582,Analytics,2026-03-16
CUST-00582,Call Routing,2026-02-09
CUST-00583,WhatsApp,2026-02-02
CUST-00584,Analytics,2026-02-09
CUST-00584,Call Routing,2026-03-02
CUST-00585,AI Voice Agent,2026-02-09
CUST-00585,WhatsApp,2026-02-16
CUST-00585,Analytics,2026-03-16
CUST-00585,Call Routing,2026-01-26
CUST-00585,AI Assist,2026-01-19
CUST-00586,AI Voice Agent,2026-03-02
CUST-00586,WhatsApp,2026-02-02
CUST-00586,Analytics,2026-02-09
CUST-00586,Call Routing,2026-03-02
CUST-00586,AI Assist,2026-02-23
CUST-00586,Integrations,2026-02-23
CUST-00587,Analytics,2026-02-16
CUST-00587,Call Routing,2026-02-09
CUST-00588,Integrations,2026-01-12
CUST-00589,AI Voice Agent,2026-03-09
CUST-00589,Call Routing,2026-03-09
CUST-00590,WhatsApp,2026-03-23
CUST-00590,Integrations,2026-01-05
CUST-00591,AI Voice Agent,2026-01-05
CUST-00591,WhatsApp,2026-01-12
CUST-00591,Call Routing,2026-02-23
CUST-00591,AI Assist,2026-02-09
CUST-00593,Integrations,2026-03-09
CUST-00594,WhatsApp,2026-01-12
CUST-00594,Analytics,2026-01-12
CUST-00594,Call Routing,2026-01-12
CUST-00596,AI Voice Agent,2026-01-19
CUST-00596,Analytics,2026-02-23
CUST-00596,Integrations,2026-01-26
CUST-00598,Call Routing,2026-03-16
CUST-00598,AI Assist,2026-03-23
CUST-00599,Call Routing,2026-02-09
CUST-00599,Integrations,2026-02-09
CUST-00600,AI Voice Agent,2026-01-26
CUST-00600,Analytics,2026-03-23
CUST-00603,AI Voice Agent,2026-01-19
CUST-00603,Analytics,2026-01-05
CUST-00604,Analytics,2026-01-26
CUST-00604,AI Assist,2026-02-02
CUST-00605,AI Voice Agent,2026-02-16
CUST-00605,Call Routing,2026-03-23
CUST-00605,Integrations,2026-01-12
CUST-00606,WhatsApp,2026-02-02
CUST-00606,Analytics,2026-01-12
CUST-00606,AI Assist,2026-01-26
CUST-00607,Call Routing,2026-01-05
CUST-00608,WhatsApp,2026-03-16
CUST-00609,AI Voice Agent,2026-01-05
CUST-00609,Analytics,2026-01-26
CUST-00610,AI Voice Agent,2026-02-23
CUST-00610,WhatsApp,2026-03-09
CUST-00610,Analytics,2026-01-26
CUST-00610,AI Assist,2026-02-02
CUST-00611,Call Routing,2026-02-16
CUST-00612,AI Voice Agent,2026-01-05
CUST-00612,Analytics,2026-01-12
CUST-00613,AI Voice Agent,2026-01-26
CUST-00613,WhatsApp,2026-01-05
CUST-00613,Analytics,2026-01-19
CUST-00613,Call Routing,2026-02-02
CUST-00613,Integrations,2026-03-09
CUST-00614,WhatsApp,2026-02-16
CUST-00614,Analytics,2026-01-19
CUST-00614,Call Routing,2026-01-19
CUST-00614,AI Assist,2026-02-02
CUST-00615,WhatsApp,2026-01-19
CUST-00615,Analytics,2026-01-05
CUST-00615,Integrations,2026-02-02
CUST-00616,WhatsApp,2026-02-23
CUST-00616,Analytics,2026-01-26
CUST-00618,AI Voice Agent,2026-01-26
CUST-00618,Analytics,2026-03-02
CUST-00619,AI Voice Agent,2026-03-02
CUST-00619,Analytics,2026-03-23
CUST-00619,AI Assist,2026-03-02
CUST-00619,Integrations,2026-03-09
CUST-00620,AI Voice Agent,2026-01-05
CUST-00620,WhatsApp,2026-01-12
CUST-00621,AI Voice Agent,2026-02-02
CUST-00621,WhatsApp,2026-03-23
CUST-00621,AI Assist,2026-01-19
CUST-00622,AI Voice Agent,2026-01-05
CUST-00622,WhatsApp,2026-02-02
CUST-00622,Analytics,2026-02-09
CUST-00622,AI Assist,2026-03-02
CUST-00623,AI Voice Agent,2026-02-09
CUST-00623,Analytics,2026-02-09
CUST-00623,AI Assist,2026-02-16
CUST-00623,Integrations,2026-03-09
CUST-00624,AI Voice Agent,2026-01-05
CUST-00624,Analytics,2026-01-05
CUST-00625,AI Voice Agent,2026-01-26
CUST-00625,WhatsApp,2026-02-09
CUST-00625,Call Routing,2026-03-09
CUST-00626,AI Voice Agent,2026-01-19
CUST-00626,WhatsApp,2026-01-26
CUST-00626,Call Routing,2026-01-12
CUST-00627,AI Voice Agent,2026-01-26
CUST-00627,WhatsApp,2026-02-16
CUST-00627,Call Routing,2026-02-09
CUST-00627,AI Assist,2026-02-23
CUST-00628,AI Assist,2026-03-09
CUST-00629,Analytics,2026-02-02
CUST-00629,Call Routing,2026-01-19
CUST-00630,AI Voice Agent,2026-03-16
CUST-00630,Analytics,2026-03-09
CUST-00630,Call Routing,2026-03-23
CUST-00630,AI Assist,2026-03-09
CUST-00631,WhatsApp,2026-02-16
CUST-00631,Call Routing,2026-02-02
CUST-00631,Integrations,2026-02-16
CUST-00632,WhatsApp,2026-01-26
CUST-00633,Analytics,2026-01-19
CUST-00633,Integrations,2026-03-09
CUST-00635,WhatsApp,2026-03-02
CUST-00635,Analytics,2026-03-09
CUST-00635,Call Routing,2026-03-02
CUST-00636,Analytics,2026-02-09
CUST-00636,Call Routing,2026-02-02
CUST-00636,AI Assist,2026-02-09
CUST-00637,AI Voice Agent,2026-01-19
CUST-00637,Call Routing,2026-02-09
CUST-00637,AI Assist,2026-02-09
CUST-00638,WhatsApp,2026-03-09
CUST-00638,Analytics,2026-03-02
CUST-00640,WhatsApp,2026-02-16
CUST-00640,Analytics,2026-03-09
CUST-00640,Call Routing,2026-02-02
CUST-00640,AI Assist,2026-01-12
CUST-00640,Integrations,2026-02-02
CUST-00641,Call Routing,2026-01-26
CUST-00641,AI Assist,2026-02-09
CUST-00641,Integrations,2026-02-09
CUST-00642,WhatsApp,2026-01-05
CUST-00642,Call Routing,2026-03-09
CUST-00642,Integrations,2026-02-09
CUST-00643,WhatsApp,2026-01-12
CUST-00643,Analytics,2026-01-19
CUST-00645,WhatsApp,2026-03-09
CUST-00645,AI Assist,2026-03-09
CUST-00646,WhatsApp,2026-03-23
CUST-00646,Analytics,2026-01-19
CUST-00646,Call Routing,2026-02-09
CUST-00647,AI Voice Agent,2026-02-16
CUST-00648,WhatsApp,2026-02-16
CUST-00648,Analytics,2026-02-16
CUST-00649,AI Voice Agent,2026-03-23
CUST-00649,WhatsApp,2026-02-23
CUST-00649,Integrations,2026-02-23
CUST-00650,WhatsApp,2026-01-12
CUST-00651,AI Assist,2026-01-12
CUST-00652,WhatsApp,2026-03-23
CUST-00652,Analytics,2026-03-09
CUST-00653,WhatsApp,2026-01-12
CUST-00653,Analytics,2026-01-12
CUST-00653,Call Routing,2026-01-19
CUST-00654,WhatsApp,2026-02-23
CUST-00655,WhatsApp,2026-02-23
CUST-00655,Call Routing,2026-02-23
CUST-00656,AI Voice Agent,2026-01-19
CUST-00656,WhatsApp,2026-02-09
CUST-00656,Call Routing,2026-01-26
CUST-00657,AI Voice Agent,2026-01-19
CUST-00657,AI Assist,2026-03-02
CUST-00658,AI Voice Agent,2026-01-19
CUST-00658,Analytics,2026-01-12
CUST-00658,Call Routing,2026-02-02
CUST-00659,AI Voice Agent,2026-02-09
CUST-00659,AI Assist,2026-02-02
CUST-00660,WhatsApp,2026-01-19
CUST-00660,Analytics,2026-01-05
CUST-00660,Call Routing,2026-01-12
CUST-00662,AI Voice Agent,2026-02-16
CUST-00662,WhatsApp,2026-03-16
CUST-00662,AI Assist,2026-03-02
CUST-00663,WhatsApp,2026-03-16
CUST-00663,Analytics,2026-03-09
CUST-00664,Analytics,2026-01-12
CUST-00664,Call Routing,2026-01-12
CUST-00665,AI Assist,2026-02-23
CUST-00667,AI Voice Agent,2026-03-02
CUST-00667,Analytics,2026-02-02
CUST-00668,Analytics,2026-01-12
CUST-00668,Call Routing,2026-01-19
CUST-00669,WhatsApp,2026-02-16
CUST-00670,WhatsApp,2026-01-05
CUST-00670,Integrations,2026-01-05
CUST-00671,AI Voice Agent,2026-02-16
CUST-00671,WhatsApp,2026-03-16
CUST-00671,Analytics,2026-02-16
CUST-00671,Call Routing,2026-02-02
CUST-00672,Analytics,2026-02-23
CUST-00673,Analytics,2026-01-19
CUST-00673,Call Routing,2026-01-26
CUST-00674,AI Voice Agent,2026-01-05
CUST-00674,WhatsApp,2026-01-12
CUST-00674,AI Assist,2026-01-26
CUST-00675,WhatsApp,2026-02-16
CUST-00675,Analytics,2026-02-16
CUST-00675,AI Assist,2026-03-09
CUST-00676,Call Routing,2026-02-23
CUST-00676,AI Assist,2026-03-16
CUST-00677,WhatsApp,2026-01-12
CUST-00677,Analytics,2026-01-05
CUST-00678,AI Voice Agent,2026-01-12
CUST-00678,WhatsApp,2026-03-16
CUST-00678,Call Routing,2026-03-02
CUST-00679,AI Voice Agent,2026-01-26
CUST-00679,Analytics,2026-01-26
CUST-00679,AI Assist,2026-01-19
CUST-00680,Analytics,2026-02-02
CUST-00680,Call Routing,2026-01-12
CUST-00680,Integrations,2026-01-26
CUST-00681,AI Voice Agent,2026-01-26
CUST-00681,WhatsApp,2026-03-02
CUST-00681,Call Routing,2026-03-09
CUST-00682,Call Routing,2026-03-23
CUST-00683,AI Voice Agent,2026-01-12
CUST-00683,WhatsApp,2026-03-16
CUST-00683,Call Routing,2026-03-23
CUST-00683,AI Assist,2026-01-26
CUST-00683,Integrations,2026-01-19
CUST-00684,WhatsApp,2026-03-02
CUST-00685,WhatsApp,2026-03-23
CUST-00685,AI Assist,2026-02-16
CUST-00686,AI Voice Agent,2026-01-12
CUST-00686,Analytics,2026-03-16
CUST-00686,AI Assist,2026-03-02
CUST-00687,AI Voice Agent,2026-01-12
CUST-00687,WhatsApp,2026-01-26
CUST-00688,WhatsApp,2026-02-23
CUST-00688,Analytics,2026-01-19
CUST-00689,WhatsApp,2026-01-12
CUST-00689,AI Assist,2026-01-12
CUST-00690,WhatsApp,2026-03-16
CUST-00691,AI Voice Agent,2026-01-26
CUST-00691,WhatsApp,2026-01-26
CUST-00691,Analytics,2026-01-26
CUST-00691,Call Routing,2026-02-09
CUST-00691,AI Assist,2026-01-19
CUST-00692,Call Routing,2026-03-09
CUST-00693,WhatsApp,2026-03-09
CUST-00693,Call Routing,2026-02-09
CUST-00694,Analytics,2026-02-02
CUST-00694,Call Routing,2026-03-16
CUST-00694,AI Assist,2026-02-02
CUST-00695,WhatsApp,2026-01-12
CUST-00695,Call Routing,2026-01-12
CUST-00695,Integrations,2026-01-12
CUST-00696,Call Routing,2026-03-16
CUST-00697,WhatsApp,2026-01-26
CUST-00697,Analytics,2026-01-05
CUST-00697,Call Routing,2026-02-09
CUST-00698,Analytics,2026-03-09
CUST-00698,Call Routing,2026-03-23
CUST-00699,WhatsApp,2026-03-02
CUST-00700,AI Voice Agent,2026-01-26
CUST-00700,WhatsApp,2026-01-05
CUST-00700,Integrations,2026-01-19
CUST-00701,WhatsApp,2026-02-23
CUST-00701,Analytics,2026-03-23
CUST-00701,Call Routing,2026-01-12
CUST-00702,AI Voice Agent,2026-02-02
CUST-00702,WhatsApp,2026-01-12
CUST-00702,AI Assist,2026-02-02
CUST-00703,AI Voice Agent,2026-01-26
CUST-00703,Call Routing,2026-03-02
CUST-00704,AI Voice Agent,2026-02-09
CUST-00705,WhatsApp,2026-01-26
CUST-00705,Analytics,2026-01-12
CUST-00705,AI Assist,2026-03-16
CUST-00706,AI Voice Agent,2026-01-12
CUST-00706,WhatsApp,2026-02-16
CUST-00706,Integrations,2026-03-02
CUST-00707,AI Voice Agent,2026-02-16
CUST-00708,AI Voice Agent,2026-03-16
CUST-00708,Call Routing,2026-02-23
CUST-00708,AI Assist,2026-02-23
CUST-00709,WhatsApp,2026-02-02
CUST-00709,Call Routing,2026-02-23
CUST-00709,AI Assist,2026-01-12
CUST-00710,AI Voice Agent,2026-01-12
CUST-00710,Analytics,2026-01-19
CUST-00712,AI Voice Agent,2026-02-02
CUST-00712,WhatsApp,2026-01-12
CUST-00712,AI Assist,2026-02-23
CUST-00714,WhatsApp,2026-01-26
CUST-00714,Analytics,2026-02-16
CUST-00714,Call Routing,2026-02-16
CUST-00714,Integrations,2026-02-16
CUST-00715,AI Voice Agent,2026-01-12
CUST-00715,WhatsApp,2026-01-19
CUST-00715,Call Routing,2026-01-12
CUST-00716,WhatsApp,2026-02-23
CUST-00716,Call Routing,2026-02-09
CUST-00717,AI Voice Agent,2026-02-02
CUST-00717,WhatsApp,2026-02-02
CUST-00717,Analytics,2026-01-26
CUST-00717,Call Routing,2026-01-26
CUST-00717,AI Assist,2026-01-19
CUST-00718,WhatsApp,2026-03-23
CUST-00719,AI Voice Agent,2026-02-02
CUST-00719,WhatsApp,2026-03-09
CUST-00719,Analytics,2026-02-16
CUST-00719,Call Routing,2026-03-16
CUST-00721,Call Routing,2026-01-26
CUST-00722,AI Voice Agent,2026-01-12
CUST-00723,WhatsApp,2026-01-12
CUST-00723,Analytics,2026-01-19
CUST-00724,Call Routing,2026-03-02
CUST-00724,AI Assist,2026-01-12
CUST-00725,AI Voice Agent,2026-03-23
CUST-00726,WhatsApp,2026-02-16
CUST-00727,Analytics,2026-03-23
CUST-00728,WhatsApp,2026-02-23
CUST-00728,Call Routing,2026-02-02
CUST-00730,AI Voice Agent,2026-01-19
CUST-00730,AI Assist,2026-01-26
CUST-00730,Integrations,2026-02-02
CUST-00731,AI Voice Agent,2026-03-02
CUST-00731,WhatsApp,2026-01-26
CUST-00731,Call Routing,2026-03-02
CUST-00732,AI Voice Agent,2026-01-19
CUST-00732,WhatsApp,2026-01-19
CUST-00732,Analytics,2026-02-02
CUST-00732,AI Assist,2026-01-12
CUST-00733,AI Voice Agent,2026-01-26
CUST-00733,WhatsApp,2026-01-26
CUST-00733,Analytics,2026-01-26
CUST-00733,AI Assist,2026-02-09
CUST-00734,AI Voice Agent,2026-03-23
CUST-00734,WhatsApp,2026-03-23
CUST-00734,Call Routing,2026-02-23
CUST-00736,AI Voice Agent,2026-03-16
CUST-00736,WhatsApp,2026-03-23
CUST-00737,AI Voice Agent,2026-01-12
CUST-00737,WhatsApp,2026-02-23
CUST-00737,AI Assist,2026-02-09
CUST-00738,AI Voice Agent,2026-01-26
CUST-00738,Analytics,2026-01-19
CUST-00738,AI Assist,2026-01-19
CUST-00739,AI Voice Agent,2026-01-12
CUST-00739,Call Routing,2026-03-02
CUST-00739,AI Assist,2026-02-02
CUST-00740,AI Voice Agent,2026-02-09
CUST-00741,WhatsApp,2026-01-19
CUST-00741,AI Assist,2026-02-02
CUST-00742,WhatsApp,2026-01-19
CUST-00742,Call Routing,2026-02-02
CUST-00743,Call Routing,2026-02-16
CUST-00744,AI Voice Agent,2026-01-12
CUST-00744,WhatsApp,2026-02-02
CUST-00744,Analytics,2026-02-16
CUST-00744,Call Routing,2026-02-09
CUST-00745,AI Voice Agent,2026-01-19
CUST-00745,WhatsApp,2026-01-05
CUST-00746,WhatsApp,2026-01-05
CUST-00747,Analytics,2026-01-19
CUST-00747,Call Routing,2026-02-02
CUST-00748,WhatsApp,2026-03-16
CUST-00748,Analytics,2026-02-02
CUST-00750,WhatsApp,2026-02-16
CUST-00751,AI Voice Agent,2026-01-19
CUST-00752,WhatsApp,2026-01-05
CUST-00753,AI Voice Agent,2026-01-19
CUST-00753,WhatsApp,2026-01-05
CUST-00754,AI Voice Agent,2026-02-09
CUST-00754,WhatsApp,2026-02-09
CUST-00754,Analytics,2026-03-16
CUST-00754,Call Routing,2026-02-09
CUST-00754,Integrations,2026-03-23
CUST-00755,AI Voice Agent,2026-01-26
CUST-00755,Analytics,2026-02-16
CUST-00756,WhatsApp,2026-01-12
CUST-00756,Analytics,2026-02-16
CUST-00757,WhatsApp,2026-01-12
CUST-00757,AI Assist,2026-03-16
CUST-00758,Analytics,2026-01-26
CUST-00758,Call Routing,2026-01-26
CUST-00758,Integrations,2026-02-16
CUST-00760,WhatsApp,2026-02-16
CUST-00760,AI Assist,2026-02-23
CUST-00761,AI Assist,2026-03-16
CUST-00761,Integrations,2026-03-23
CUST-00762,AI Voice Agent,2026-01-12
CUST-00762,WhatsApp,2026-03-09
CUST-00762,Analytics,2026-02-23
CUST-00763,Call Routing,2026-01-05
CUST-00764,AI Voice Agent,2026-01-19
CUST-00764,WhatsApp,2026-03-02
CUST-00764,Analytics,2026-02-16
CUST-00765,WhatsApp,2026-02-09
CUST-00766,Analytics,2026-01-05
CUST-00767,Analytics,2026-03-16
CUST-00767,Call Routing,2026-02-02
CUST-00768,Analytics,2026-02-09
CUST-00768,Call Routing,2026-02-02
CUST-00768,AI Assist,2026-01-19
CUST-00769,Integrations,2026-03-16
CUST-00770,WhatsApp,2026-01-12
CUST-00770,Integrations,2026-03-09
CUST-00771,Call Routing,2026-01-12
CUST-00771,AI Assist,2026-02-09
CUST-00773,Analytics,2026-01-12
CUST-00774,Analytics,2026-01-26
CUST-00775,AI Voice Agent,2026-03-02
CUST-00775,WhatsApp,2026-03-09
CUST-00775,Integrations,2026-03-02
CUST-00776,AI Voice Agent,2026-02-23
CUST-00776,WhatsApp,2026-03-16
CUST-00776,Call Routing,2026-02-16
CUST-00778,WhatsApp,2026-02-23
CUST-00779,Analytics,2026-02-02
CUST-00779,AI Assist,2026-02-09
CUST-00780,Call Routing,2026-01-05
CUST-00781,WhatsApp,2026-03-16
CUST-00782,AI Voice Agent,2026-01-26
CUST-00782,WhatsApp,2026-01-05
CUST-00782,Analytics,2026-02-16
CUST-00782,Call Routing,2026-02-16
CUST-00782,AI Assist,2026-03-02
CUST-00782,Integrations,2026-02-23
CUST-00783,AI Voice Agent,2026-02-02
CUST-00783,AI Assist,2026-01-12
CUST-00784,AI Voice Agent,2026-02-09
CUST-00784,WhatsApp,2026-01-05
CUST-00785,Analytics,2026-02-09
CUST-00785,AI Assist,2026-03-16
CUST-00785,Integrations,2026-01-12
CUST-00786,AI Voice Agent,2026-02-23
CUST-00786,WhatsApp,2026-03-09
CUST-00786,Analytics,2026-03-09
CUST-00787,AI Voice Agent,2026-01-19
CUST-00787,Integrations,2026-01-19
CUST-00788,AI Voice Agent,2026-01-12
CUST-00788,WhatsApp,2026-01-19
CUST-00788,AI Assist,2026-01-19
CUST-00790,WhatsApp,2026-01-19
CUST-00790,Analytics,2026-03-09
CUST-00790,Call Routing,2026-03-09
CUST-00791,AI Voice Agent,2026-01-26
CUST-00791,WhatsApp,2026-02-09
CUST-00791,Analytics,2026-02-16
CUST-00791,Integrations,2026-02-09
CUST-00792,WhatsApp,2026-01-26
CUST-00792,Call Routing,2026-01-19
CUST-00793,Analytics,2026-01-12
CUST-00794,AI Voice Agent,2026-01-12
CUST-00794,Analytics,2026-01-12
CUST-00794,AI Assist,2026-01-26
CUST-00795,WhatsApp,2026-02-23
CUST-00795,Call Routing,2026-02-09
CUST-00796,WhatsApp,2026-01-05
CUST-00797,Call Routing,2026-03-16
CUST-00798,WhatsApp,2026-01-26
CUST-00798,AI Assist,2026-01-05
CUST-00799,WhatsApp,2026-03-16
CUST-00800,Call Routing,2026-02-16
CUST-00801,Call Routing,2026-02-23
CUST-00801,AI Assist,2026-03-09
CUST-00802,WhatsApp,2026-01-12
CUST-00802,Analytics,2026-03-16
CUST-00802,Call Routing,2026-03-23
CUST-00802,AI Assist,2026-02-02
CUST-00803,AI Voice Agent,2026-03-23
CUST-00803,WhatsApp,2026-03-02
CUST-00804,Call Routing,2026-02-02
CUST-00805,WhatsApp,2026-01-12
CUST-00805,Analytics,2026-02-09
CUST-00805,Call Routing,2026-02-23
CUST-00805,Integrations,2026-02-02
CUST-00806,Analytics,2026-01-12
CUST-00807,WhatsApp,2026-01-12
CUST-00807,Analytics,2026-03-02
CUST-00808,AI Voice Agent,2026-01-26
CUST-00808,WhatsApp,2026-02-09
CUST-00808,AI Assist,2026-01-19
CUST-00810,WhatsApp,2026-03-09
CUST-00811,AI Voice Agent,2026-03-09
CUST-00811,WhatsApp,2026-03-02
CUST-00811,Call Routing,2026-02-23
CUST-00811,AI Assist,2026-03-02
CUST-00812,WhatsApp,2026-02-02
CUST-00812,Analytics,2026-02-16
CUST-00812,Integrations,2026-01-05
CUST-00813,WhatsApp,2026-02-09
CUST-00813,Integrations,2026-03-09
CUST-00814,Analytics,2026-01-05
CUST-00814,Call Routing,2026-01-05
CUST-00815,Call Routing,2026-03-09
CUST-00816,WhatsApp,2026-02-23
CUST-00818,AI Voice Agent,2026-02-02
CUST-00819,AI Voice Agent,2026-01-26
CUST-00819,AI Assist,2026-02-02
CUST-00819,Integrations,2026-01-05
CUST-00820,WhatsApp,2026-02-23
CUST-00820,Analytics,2026-02-09
CUST-00821,WhatsApp,2026-01-19
CUST-00821,Analytics,2026-01-19
CUST-00822,WhatsApp,2026-03-23
CUST-00822,AI Assist,2026-03-23
CUST-00823,WhatsApp,2026-01-05
CUST-00823,Call Routing,2026-01-12
CUST-00824,AI Voice Agent,2026-02-02
CUST-00824,WhatsApp,2026-01-26
CUST-00824,Analytics,2026-01-26
CUST-00825,Analytics,2026-03-02
CUST-00825,Call Routing,2026-03-02
CUST-00826,WhatsApp,2026-01-05
CUST-00826,Analytics,2026-01-12
CUST-00826,Call Routing,2026-01-05
CUST-00828,AI Voice Agent,2026-02-09
CUST-00828,WhatsApp,2026-02-09
CUST-00828,Analytics,2026-03-02
CUST-00828,Call Routing,2026-02-09
CUST-00829,AI Voice Agent,2026-01-12
CUST-00829,WhatsApp,2026-01-19
CUST-00829,AI Assist,2026-01-26
CUST-00830,AI Voice Agent,2026-01-19
CUST-00830,WhatsApp,2026-01-05
CUST-00830,Call Routing,2026-02-02
CUST-00830,Integrations,2026-01-05
CUST-00831,AI Voice Agent,2026-01-05
CUST-00831,Analytics,2026-01-26
CUST-00831,AI Assist,2026-01-26
CUST-00832,AI Voice Agent,2026-01-12
CUST-00832,AI Assist,2026-02-16
CUST-00833,AI Voice Agent,2026-02-23
CUST-00833,Call Routing,2026-03-16
CUST-00834,AI Assist,2026-02-16
CUST-00834,Integrations,2026-01-26
CUST-00835,AI Assist,2026-01-26
CUST-00836,AI Voice Agent,2026-01-05
CUST-00836,Analytics,2026-02-02
CUST-00836,Call Routing,2026-03-23
CUST-00837,Call Routing,2026-01-26
CUST-00838,WhatsApp,2026-02-02
CUST-00839,AI Voice Agent,2026-02-09
CUST-00839,Analytics,2026-01-19
CUST-00840,AI Voice Agent,2026-01-19
CUST-00840,WhatsApp,2026-01-05
CUST-00840,Analytics,2026-02-23
CUST-00841,Call Routing,2026-03-16
CUST-00842,Analytics,2026-01-19
CUST-00843,AI Voice Agent,2026-01-12
CUST-00843,Call Routing,2026-02-09
CUST-00843,AI Assist,2026-03-23
CUST-00843,Integrations,2026-03-09
CUST-00844,WhatsApp,2026-03-02
CUST-00844,Analytics,2026-02-09
CUST-00844,Call Routing,2026-03-02
CUST-00845,WhatsApp,2026-02-23
CUST-00845,Call Routing,2026-01-26
CUST-00846,Analytics,2026-03-02
CUST-00846,Integrations,2026-02-09
CUST-00847,Analytics,2026-01-26
CUST-00847,Call Routing,2026-01-19
CUST-00848,WhatsApp,2026-01-26
CUST-00848,Analytics,2026-02-09
CUST-00849,AI Assist,2026-01-19
CUST-00850,AI Voice Agent,2026-03-23
CUST-00850,WhatsApp,2026-02-23
CUST-00850,Call Routing,2026-03-16
CUST-00851,Call Routing,2026-03-16
CUST-00852,Analytics,2026-03-09
CUST-00852,Call Routing,2026-03-02
CUST-00853,Analytics,2026-02-02
CUST-00853,Call Routing,2026-02-09
CUST-00854,Analytics,2026-03-02
CUST-00854,Call Routing,2026-03-02
CUST-00855,AI Voice Agent,2026-03-09
CUST-00855,Analytics,2026-03-09
CUST-00855,Call Routing,2026-03-02
CUST-00855,Integrations,2026-03-09
CUST-00856,WhatsApp,2026-01-26
CUST-00857,AI Voice Agent,2026-03-23
CUST-00857,WhatsApp,2026-03-02
CUST-00857,Call Routing,2026-03-16
CUST-00858,WhatsApp,2026-02-09
CUST-00858,Integrations,2026-03-02
CUST-00859,AI Voice Agent,2026-01-26
CUST-00859,Analytics,2026-02-16
CUST-00859,AI Assist,2026-01-19
CUST-00859,Integrations,2026-03-02
CUST-00860,WhatsApp,2026-02-16
CUST-00860,Integrations,2026-02-09
CUST-00861,AI Voice Agent,2026-01-26
CUST-00861,WhatsApp,2026-03-23
CUST-00861,Integrations,2026-03-02
CUST-00862,WhatsApp,2026-03-09
CUST-00862,Call Routing,2026-03-16
CUST-00863,AI Voice Agent,2026-01-12
CUST-00863,Call Routing,2026-03-02
CUST-00863,AI Assist,2026-02-09
CUST-00864,WhatsApp,2026-02-02
CUST-00864,Analytics,2026-03-16
CUST-00864,Call Routing,2026-03-02
CUST-00864,AI Assist,2026-02-09
CUST-00867,AI Voice Agent,2026-01-19
CUST-00867,WhatsApp,2026-02-23
CUST-00867,AI Assist,2026-02-09
CUST-00869,WhatsApp,2026-02-23
CUST-00869,Analytics,2026-03-09
CUST-00869,Call Routing,2026-03-09
CUST-00871,WhatsApp,2026-03-16
CUST-00871,Analytics,2026-02-23
CUST-00871,Call Routing,2026-02-02
CUST-00872,AI Voice Agent,2026-01-05
CUST-00872,Analytics,2026-02-09
CUST-00872,AI Assist,2026-01-05
CUST-00873,WhatsApp,2026-01-26
CUST-00873,Analytics,2026-01-12
CUST-00873,AI Assist,2026-03-02
CUST-00873,Integrations,2026-01-19
CUST-00874,Call Routing,2026-02-02
CUST-00874,Integrations,2026-01-19
CUST-00875,AI Voice Agent,2026-02-23
CUST-00875,Integrations,2026-02-09
CUST-00876,WhatsApp,2026-01-05
CUST-00876,Analytics,2026-01-12
CUST-00877,AI Voice Agent,2026-02-09
CUST-00877,WhatsApp,2026-02-09
CUST-00877,Call Routing,2026-01-19
CUST-00877,AI Assist,2026-02-23
CUST-00879,AI Voice Agent,2026-02-09
CUST-00879,Integrations,2026-01-26
CUST-00880,WhatsApp,2026-02-02
CUST-00880,Analytics,2026-02-09
CUST-00880,Call Routing,2026-02-23
CUST-00881,AI Voice Agent,2026-02-02
CUST-00881,Analytics,2026-01-12
CUST-00881,Call Routing,2026-01-26
CUST-00882,AI Voice Agent,2026-02-09
CUST-00882,WhatsApp,2026-02-09
CUST-00883,WhatsApp,2026-02-23
CUST-00884,Analytics,2026-02-23
CUST-00884,Call Routing,2026-02-16
CUST-00885,Call Routing,2026-02-09
CUST-00886,Analytics,2026-03-23
CUST-00887,WhatsApp,2026-01-19
CUST-00887,Call Routing,2026-02-02
CUST-00889,Analytics,2026-03-23
CUST-00889,Call Routing,2026-02-23
CUST-00889,AI Assist,2026-02-09
CUST-00890,WhatsApp,2026-02-02
CUST-00890,Call Routing,2026-03-09
CUST-00890,AI Assist,2026-03-09
CUST-00891,WhatsApp,2026-02-16
CUST-00891,Call Routing,2026-03-23
CUST-00891,Integrations,2026-01-05
CUST-00892,AI Voice Agent,2026-02-23
CUST-00892,Analytics,2026-01-26
CUST-00892,AI Assist,2026-01-26
CUST-00892,Integrations,2026-02-16
CUST-00893,WhatsApp,2026-01-05
CUST-00894,Call Routing,2026-01-05
CUST-00895,AI Voice Agent,2026-01-19
CUST-00895,WhatsApp,2026-02-23
CUST-00896,AI Voice Agent,2026-02-02
CUST-00897,Analytics,2026-03-09
CUST-00899,Analytics,2026-02-02
CUST-00899,AI Assist,2026-01-19
CUST-00900,AI Voice Agent,2026-03-09
CUST-00900,Call Routing,2026-03-02
CUST-00901,AI Voice Agent,2026-02-16
CUST-00901,Analytics,2026-02-16
CUST-00901,Integrations,2026-03-02
CUST-00902,Analytics,2026-03-09
CUST-00902,Call Routing,2026-01-19
CUST-00902,AI Assist,2026-01-26
CUST-00903,Call Routing,2026-02-02
CUST-00903,Integrations,2026-01-19
CUST-00904,AI Voice Agent,2026-01-12
CUST-00905,Integrations,2026-02-02
CUST-00906,Call Routing,2026-02-23
CUST-00906,AI Assist,2026-01-19
CUST-00907,WhatsApp,2026-01-05
CUST-00907,Analytics,2026-01-12
CUST-00908,AI Voice Agent,2026-02-02
CUST-00908,Call Routing,2026-02-16
CUST-00908,AI Assist,2026-02-16
CUST-00909,WhatsApp,2026-03-23
CUST-00910,WhatsApp,2026-01-12
CUST-00910,Analytics,2026-02-09
CUST-00911,WhatsApp,2026-02-23
CUST-00911,Call Routing,2026-01-26
CUST-00912,AI Voice Agent,2026-02-16
CUST-00913,WhatsApp,2026-03-02
CUST-00913,AI Assist,2026-03-02
CUST-00914,Analytics,2026-02-16
CUST-00914,Call Routing,2026-02-09
CUST-00914,AI Assist,2026-01-12
CUST-00914,Integrations,2026-02-16
CUST-00915,WhatsApp,2026-01-12
CUST-00915,Analytics,2026-02-09
CUST-00916,AI Voice Agent,2026-02-09
CUST-00916,WhatsApp,2026-03-02
CUST-00916,Analytics,2026-02-02
CUST-00916,Call Routing,2026-01-12
CUST-00917,AI Voice Agent,2026-02-23
CUST-00917,Analytics,2026-03-02
CUST-00917,Call Routing,2026-03-23
CUST-00918,Analytics,2026-01-26
CUST-00918,Call Routing,2026-01-05
CUST-00919,AI Voice Agent,2026-02-09
CUST-00919,AI Assist,2026-02-02
CUST-00919,Integrations,2026-02-23
CUST-00920,WhatsApp,2026-02-02
CUST-00920,Call Routing,2026-01-19
CUST-00920,Integrations,2026-02-16
CUST-00921,WhatsApp,2026-02-02
CUST-00921,AI Assist,2026-02-02
CUST-00922,WhatsApp,2026-02-09
CUST-00924,WhatsApp,2026-02-16
CUST-00924,AI Assist,2026-01-12
CUST-00925,Analytics,2026-02-02
CUST-00925,Call Routing,2026-02-23
CUST-00926,AI Voice Agent,2026-01-26
CUST-00926,WhatsApp,2026-02-16
CUST-00927,Call Routing,2026-02-23
CUST-00928,WhatsApp,2026-02-23
CUST-00928,Call Routing,2026-02-23
CUST-00929,AI Voice Agent,2026-01-19
CUST-00929,WhatsApp,2026-01-26
CUST-00930,WhatsApp,2026-01-19
CUST-00930,Analytics,2026-01-12
CUST-00930,Call Routing,2026-01-12
CUST-00930,AI Assist,2026-01-19
CUST-00931,WhatsApp,2026-01-26
CUST-00931,AI Assist,2026-01-26
CUST-00931,Integrations,2026-03-09
CUST-00932,WhatsApp,2026-02-23
CUST-00932,Call Routing,2026-02-09
CUST-00933,WhatsApp,2026-01-19
CUST-00933,Analytics,2026-02-09
CUST-00933,AI Assist,2026-02-23
CUST-00934,AI Voice Agent,2026-03-09
CUST-00934,WhatsApp,2026-03-02
CUST-00934,Analytics,2026-03-23
CUST-00935,Analytics,2026-02-23
CUST-00936,AI Voice Agent,2026-01-05
CUST-00936,Analytics,2026-03-16
CUST-00937,Analytics,2026-01-12
CUST-00937,Call Routing,2026-01-19
CUST-00940,WhatsApp,2026-03-02
CUST-00940,Call Routing,2026-03-09
CUST-00941,WhatsApp,2026-01-19
CUST-00942,Call Routing,2026-01-05
CUST-00942,Integrations,2026-01-19
CUST-00943,WhatsApp,2026-03-09
CUST-00943,Call Routing,2026-02-16
CUST-00944,AI Voice Agent,2026-01-12
CUST-00944,Analytics,2026-01-05
CUST-00944,Integrations,2026-01-05
CUST-00945,AI Voice Agent,2026-01-26
CUST-00945,WhatsApp,2026-02-02
CUST-00945,Analytics,2026-01-19
CUST-00946,WhatsApp,2026-01-05
CUST-00947,WhatsApp,2026-03-23
CUST-00949,WhatsApp,2026-03-09
CUST-00949,Analytics,2026-03-23
CUST-00950,Call Routing,2026-03-09
CUST-00951,AI Voice Agent,2026-02-09
CUST-00951,Analytics,2026-01-26
CUST-00951,Integrations,2026-03-02
CUST-00952,Analytics,2026-01-26
CUST-00952,Call Routing,2026-01-19
CUST-00952,AI Assist,2026-03-16
CUST-00953,AI Assist,2026-01-12
CUST-00954,WhatsApp,2026-02-16
CUST-00954,Analytics,2026-01-19
CUST-00954,Integrations,2026-02-09
CUST-00955,WhatsApp,2026-01-26
CUST-00955,Call Routing,2026-01-26
CUST-00955,Integrations,2026-01-12
CUST-00956,AI Voice Agent,2026-03-02
CUST-00956,WhatsApp,2026-02-23
CUST-00956,AI Assist,2026-03-16
CUST-00958,WhatsApp,2026-02-16
CUST-00958,AI Assist,2026-02-02
CUST-00959,Analytics,2026-02-16
CUST-00960,AI Voice Agent,2026-02-09
CUST-00960,Analytics,2026-02-23
CUST-00960,Call Routing,2026-01-26
CUST-00961,WhatsApp,2026-02-16
CUST-00961,Analytics,2026-03-09
CUST-00962,Analytics,2026-01-05
CUST-00963,WhatsApp,2026-01-05
CUST-00964,Analytics,2026-01-19
CUST-00965,AI Voice Agent,2026-01-26
CUST-00965,AI Assist,2026-01-26
CUST-00966,Analytics,2026-02-02
CUST-00967,Analytics,2026-01-12
CUST-00967,Call Routing,2026-01-26
CUST-00967,AI Assist,2026-02-02
CUST-00968,AI Voice Agent,2026-01-26
CUST-00968,WhatsApp,2026-03-02
CUST-00968,Analytics,2026-01-05
CUST-00968,Call Routing,2026-01-26
CUST-00968,AI Assist,2026-01-05
CUST-00969,AI Voice Agent,2026-01-19
CUST-00970,Integrations,2026-03-16
CUST-00972,AI Voice Agent,2026-03-02
CUST-00973,Call Routing,2026-03-23
CUST-00973,Integrations,2026-02-23
CUST-00974,Call Routing,2026-02-16
CUST-00975,WhatsApp,2026-01-12
CUST-00975,Call Routing,2026-03-02
CUST-00976,AI Voice Agent,2026-02-23
CUST-00976,WhatsApp,2026-02-16
CUST-00976,Call Routing,2026-03-16
CUST-00976,AI Assist,2026-03-09
CUST-00976,Integrations,2026-02-16
CUST-00977,Call Routing,2026-02-16
CUST-00978,WhatsApp,2026-01-12
CUST-00979,AI Voice Agent,2026-01-19
CUST-00979,WhatsApp,2026-01-26
CUST-00979,Analytics,2026-02-23
CUST-00979,Call Routing,2026-03-23
CUST-00980,AI Voice Agent,2026-01-26
CUST-00980,Analytics,2026-03-09
CUST-00981,AI Assist,2026-01-12
CUST-00982,WhatsApp,2026-02-23
CUST-00983,WhatsApp,2026-02-16
CUST-00983,Integrations,2026-02-02
CUST-00984,Analytics,2026-01-12
CUST-00984,Call Routing,2026-01-19
CUST-00985,Call Routing,2026-02-23
CUST-00986,WhatsApp,2026-02-09
CUST-00986,Analytics,2026-02-09
CUST-00986,Call Routing,2026-02-09
CUST-00986,Integrations,2026-02-09
CUST-00987,AI Voice Agent,2026-01-12
CUST-00987,WhatsApp,2026-01-19
CUST-00988,WhatsApp,2026-02-09
CUST-00988,Analytics,2026-01-19
CUST-00988,Call Routing,2026-02-09
CUST-00989,Analytics,2026-03-16
CUST-00990,Analytics,2026-01-12
CUST-00990,AI Assist,2026-01-12
CUST-00990,Integrations,2026-01-19
CUST-00991,WhatsApp,2026-03-09
CUST-00991,Analytics,2026-03-02
CUST-00992,Call Routing,2026-01-12
CUST-00993,WhatsApp,2026-03-16
CUST-00994,AI Voice Agent,2026-01-19
CUST-00994,WhatsApp,2026-01-12
CUST-00994,Call Routing,2026-03-09
CUST-00994,AI Assist,2026-03-16
CUST-00994,Integrations,2026-01-19
CUST-00995,WhatsApp,2026-02-09
CUST-00995,Call Routing,2026-03-09
CUST-00996,WhatsApp,2026-01-19
CUST-00997,AI Voice Agent,2026-01-12
CUST-00997,Analytics,2026-01-19
CUST-00997,AI Assist,2026-02-09
CUST-00998,WhatsApp,2026-02-23
CUST-00998,Call Routing,2026-03-09
CUST-00999,AI Voice Agent,2026-02-16
CUST-00999,Call Routing,2026-02-23
CUST-01000,WhatsApp,2026-01-05
CUST-01000,Analytics,2026-01-05
CUST-01001,Analytics,2026-01-12
CUST-01001,AI Assist,2026-01-05
CUST-01001,Integrations,2026-01-12
CUST-01002,Analytics,2026-03-02
CUST-01002,Integrations,2026-02-16
CUST-01003,AI Voice Agent,2026-01-12
CUST-01003,Analytics,2026-01-19
CUST-01003,AI Assist,2026-02-02
CUST-01005,WhatsApp,2026-02-23
CUST-01005,AI Assist,2026-02-23
CUST-01006,Analytics,2026-02-09
CUST-01007,WhatsApp,2026-03-16
CUST-01007,Analytics,2026-03-16
CUST-01007,Call Routing,2026-03-09
CUST-01007,Integrations,2026-03-16
CUST-01008,Analytics,2026-03-09
CUST-01009,WhatsApp,2026-02-02
CUST-01010,WhatsApp,2026-02-16
CUST-01011,AI Voice Agent,2026-03-23
CUST-01011,WhatsApp,2026-02-23
CUST-01011,AI Assist,2026-03-09
CUST-01011,Integrations,2026-03-02
CUST-01013,WhatsApp,2026-03-16
CUST-01013,Analytics,2026-03-09
CUST-01014,WhatsApp,2026-01-05
CUST-01014,Analytics,2026-01-05
CUST-01016,WhatsApp,2026-03-23
CUST-01016,Analytics,2026-02-23
CUST-01017,Analytics,2026-01-19
CUST-01017,Call Routing,2026-03-16
CUST-01018,WhatsApp,2026-02-23
CUST-01018,AI Assist,2026-02-23
CUST-01019,AI Voice Agent,2026-01-26
CUST-01019,WhatsApp,2026-01-05
CUST-01019,Call Routing,2026-03-16
CUST-01019,Integrations,2026-01-05
CUST-01020,WhatsApp,2026-02-09
CUST-01021,Analytics,2026-02-09
CUST-01022,WhatsApp,2026-02-16
CUST-01022,Analytics,2026-02-02
CUST-01023,Call Routing,2026-02-16
CUST-01023,AI Assist,2026-02-09
CUST-01024,WhatsApp,2026-03-16
CUST-01024,Analytics,2026-02-23
CUST-01025,WhatsApp,2026-03-09
CUST-01025,Analytics,2026-03-23
CUST-01025,Call Routing,2026-03-23
CUST-01026,Analytics,2026-03-16
CUST-01026,Call Routing,2026-02-16
CUST-01027,Call Routing,2026-02-02
CUST-01028,WhatsApp,2026-02-02
CUST-01028,Analytics,2026-02-16
CUST-01029,Analytics,2026-02-02
CUST-01029,Integrations,2026-02-16
CUST-01030,AI Voice Agent,2026-02-02
CUST-01030,WhatsApp,2026-02-09
CUST-01030,Analytics,2026-02-02
CUST-01030,Call Routing,2026-03-09
CUST-01030,Integrations,2026-02-23
CUST-01031,AI Voice Agent,2026-01-19
CUST-01031,AI Assist,2026-01-19
CUST-01032,AI Voice Agent,2026-02-23
CUST-01032,WhatsApp,2026-02-23
CUST-01032,Call Routing,2026-03-23
CUST-01032,Integrations,2026-03-23
CUST-01033,AI Assist,2026-01-26
CUST-01034,AI Voice Agent,2026-01-19
CUST-01035,Analytics,2026-03-09
CUST-01035,Call Routing,2026-01-19
CUST-01036,WhatsApp,2026-01-05
CUST-01036,Analytics,2026-01-05
CUST-01037,AI Voice Agent,2026-02-23
CUST-01037,WhatsApp,2026-02-23
CUST-01037,AI Assist,2026-02-23
CUST-01038,WhatsApp,2026-02-16
CUST-01038,AI Assist,2026-03-09
CUST-01039,WhatsApp,2026-01-12
CUST-01039,Integrations,2026-01-19
CUST-01040,AI Voice Agent,2026-02-02
CUST-01040,Call Routing,2026-01-12
CUST-01041,AI Voice Agent,2026-02-23
CUST-01042,WhatsApp,2026-03-09
CUST-01042,Analytics,2026-03-02
CUST-01043,WhatsApp,2026-02-02
CUST-01044,Integrations,2026-03-02
CUST-01045,Call Routing,2026-01-19
CUST-01046,AI Voice Agent,2026-01-26
CUST-01046,Call Routing,2026-01-12
CUST-01046,AI Assist,2026-01-12
CUST-01047,WhatsApp,2026-01-26
CUST-01048,Analytics,2026-01-19
CUST-01048,Integrations,2026-02-09
CUST-01049,AI Voice Agent,2026-01-05
CUST-01049,Call Routing,2026-01-05
CUST-01050,Call Routing,2026-01-19
CUST-01051,AI Voice Agent,2026-02-16
CUST-01051,WhatsApp,2026-03-09
CUST-01051,Analytics,2026-02-23
CUST-01052,AI Voice Agent,2026-01-05
CUST-01052,Call Routing,2026-01-12
CUST-01052,AI Assist,2026-02-23
CUST-01053,AI Voice Agent,2026-01-12
CUST-01053,AI Assist,2026-01-26
CUST-01054,AI Voice Agent,2026-01-12
CUST-01055,AI Voice Agent,2026-02-23
CUST-01055,Analytics,2026-03-02
CUST-01056,WhatsApp,2026-03-02
CUST-01056,Analytics,2026-01-05
CUST-01057,WhatsApp,2026-01-19
CUST-01057,Analytics,2026-01-19
CUST-01058,AI Voice Agent,2026-01-19
CUST-01058,AI Assist,2026-03-23
CUST-01058,Integrations,2026-02-02
CUST-01059,AI Voice Agent,2026-02-09
CUST-01059,Call Routing,2026-02-02
CUST-01060,WhatsApp,2026-01-26
CUST-01061,AI Voice Agent,2026-01-05
CUST-01061,Analytics,2026-01-05
CUST-01061,AI Assist,2026-01-05
CUST-01062,AI Voice Agent,2026-01-12
CUST-01062,Call Routing,2026-01-26
CUST-01062,AI Assist,2026-03-09
CUST-01063,WhatsApp,2026-02-09
CUST-01063,AI Assist,2026-03-16
CUST-01064,Analytics,2026-02-02
CUST-01065,AI Voice Agent,2026-02-23
CUST-01065,Call Routing,2026-02-16
CUST-01066,AI Voice Agent,2026-02-02
CUST-01066,Analytics,2026-02-23
CUST-01066,AI Assist,2026-03-23
CUST-01066,Integrations,2026-02-23
CUST-01067,AI Voice Agent,2026-02-09
CUST-01067,Analytics,2026-02-02
CUST-01067,Call Routing,2026-01-19
CUST-01068,AI Voice Agent,2026-01-05
CUST-01068,Analytics,2026-01-05
CUST-01068,Call Routing,2026-01-19
CUST-01068,AI Assist,2026-02-23
CUST-01069,WhatsApp,2026-01-12
CUST-01069,Integrations,2026-01-19
CUST-01070,WhatsApp,2026-02-09
CUST-01070,Call Routing,2026-03-02
CUST-01071,WhatsApp,2026-01-26
CUST-01071,Analytics,2026-01-12
CUST-01071,Call Routing,2026-03-16
CUST-01071,AI Assist,2026-01-12
CUST-01072,WhatsApp,2026-01-12
CUST-01072,Analytics,2026-01-05
CUST-01073,AI Voice Agent,2026-02-02
CUST-01073,WhatsApp,2026-02-09
CUST-01074,Analytics,2026-02-16
CUST-01075,WhatsApp,2026-02-16
CUST-01075,Analytics,2026-03-09
CUST-01075,Call Routing,2026-03-23
CUST-01076,AI Voice Agent,2026-01-12
CUST-01076,WhatsApp,2026-01-26
CUST-01076,Analytics,2026-03-02
CUST-01076,Call Routing,2026-02-23
CUST-01077,AI Voice Agent,2026-02-02
CUST-01077,WhatsApp,2026-02-02
CUST-01077,Call Routing,2026-02-02
CUST-01077,AI Assist,2026-02-23
CUST-01078,Call Routing,2026-01-26
CUST-01079,WhatsApp,2026-01-05
CUST-01079,Analytics,2026-03-23
CUST-01079,Call Routing,2026-03-02
CUST-01079,AI Assist,2026-02-09
CUST-01080,Analytics,2026-02-02
CUST-01080,Call Routing,2026-02-09
CUST-01081,WhatsApp,2026-01-19
CUST-01081,Call Routing,2026-02-02
CUST-01082,AI Voice Agent,2026-03-09
CUST-01082,WhatsApp,2026-03-23
CUST-01082,AI Assist,2026-02-23
CUST-01083,WhatsApp,2026-03-23
CUST-01084,Analytics,2026-01-19
CUST-01084,AI Assist,2026-02-02
CUST-01084,Integrations,2026-01-19
CUST-01085,AI Voice Agent,2026-01-26
CUST-01085,Analytics,2026-02-23
CUST-01085,Call Routing,2026-02-23
CUST-01085,Integrations,2026-01-26
CUST-01087,AI Voice Agent,2026-01-12
CUST-01087,WhatsApp,2026-02-09
CUST-01087,Analytics,2026-02-23
CUST-01087,Call Routing,2026-02-23
CUST-01088,Call Routing,2026-02-02
CUST-01089,WhatsApp,2026-01-26
CUST-01089,Call Routing,2026-01-05
CUST-01089,Integrations,2026-01-19
CUST-01090,WhatsApp,2026-03-09
CUST-01090,Call Routing,2026-01-12
CUST-01090,Integrations,2026-01-12
CUST-01092,WhatsApp,2026-01-05
CUST-01094,AI Voice Agent,2026-02-09
CUST-01095,WhatsApp,2026-01-19
CUST-01095,Analytics,2026-02-09
CUST-01096,WhatsApp,2026-02-16
CUST-01097,WhatsApp,2026-03-16
CUST-01097,AI Assist,2026-03-23
CUST-01098,WhatsApp,2026-02-09
CUST-01098,Call Routing,2026-02-16
CUST-01099,AI Assist,2026-02-02
CUST-01100,Analytics,2026-02-02
CUST-01100,Integrations,2026-01-19
CUST-01101,WhatsApp,2026-03-16
CUST-01102,Integrations,2026-01-12
CUST-01103,WhatsApp,2026-01-26
CUST-01104,AI Voice Agent,2026-01-12
CUST-01104,WhatsApp,2026-02-02
CUST-01104,Call Routing,2026-01-05
CUST-01105,AI Voice Agent,2026-01-19
CUST-01105,Analytics,2026-02-02
CUST-01106,Analytics,2026-03-02
CUST-01106,Call Routing,2026-01-26
CUST-01106,Integrations,2026-03-16
CUST-01108,Analytics,2026-03-02
CUST-01109,Integrations,2026-01-05
CUST-01110,Analytics,2026-02-02
CUST-01111,Analytics,2026-02-23
CUST-01111,AI Assist,2026-02-23
CUST-01112,WhatsApp,2026-03-02
CUST-01112,Call Routing,2026-03-09
CUST-01113,Analytics,2026-01-12
CUST-01113,Call Routing,2026-01-19
CUST-01114,WhatsApp,2026-01-26
CUST-01114,Integrations,2026-01-26
CUST-01116,WhatsApp,2026-03-02
CUST-01117,AI Voice Agent,2026-01-19
CUST-01117,WhatsApp,2026-03-09
CUST-01117,Analytics,2026-02-02
CUST-01117,Call Routing,2026-02-09
CUST-01119,WhatsApp,2026-01-12
CUST-01119,AI Assist,2026-01-26
CUST-01120,AI Voice Agent,2026-02-09
CUST-01120,WhatsApp,2026-02-16
CUST-01121,WhatsApp,2026-01-12
CUST-01121,Analytics,2026-02-09
CUST-01123,Analytics,2026-03-23
CUST-01123,Call Routing,2026-03-16
CUST-01124,WhatsApp,2026-01-19
CUST-01125,WhatsApp,2026-03-09
CUST-01125,Analytics,2026-02-02
CUST-01126,Analytics,2026-01-19
CUST-01126,Call Routing,2026-01-19
CUST-01128,Analytics,2026-02-16
CUST-01128,AI Assist,2026-02-02
CUST-01129,AI Voice Agent,2026-01-19
CUST-01129,WhatsApp,2026-02-16
CUST-01129,Analytics,2026-03-02
CUST-01129,Integrations,2026-01-26
CUST-01130,AI Voice Agent,2026-01-05
CUST-01131,Analytics,2026-03-16
CUST-01131,Call Routing,2026-02-23
CUST-01132,AI Voice Agent,2026-01-05
CUST-01132,Analytics,2026-01-12
CUST-01132,AI Assist,2026-01-12
CUST-01133,WhatsApp,2026-03-09
CUST-01134,AI Voice Agent,2026-01-26
CUST-01134,WhatsApp,2026-02-16
CUST-01134,AI Assist,2026-03-16
CUST-01135,AI Voice Agent,2026-02-02
CUST-01135,WhatsApp,2026-01-05
CUST-01135,Analytics,2026-01-19
CUST-01135,AI Assist,2026-03-09
CUST-01136,Call Routing,2026-03-23
CUST-01136,Integrations,2026-02-09
CUST-01137,WhatsApp,2026-02-23
CUST-01137,Analytics,2026-03-02
CUST-01138,WhatsApp,2026-03-09
CUST-01138,Analytics,2026-03-16
CUST-01138,Call Routing,2026-01-19
CUST-01140,Integrations,2026-01-19
CUST-01141,AI Voice Agent,2026-01-05
CUST-01141,Analytics,2026-01-19
CUST-01141,AI Assist,2026-01-12
CUST-01142,WhatsApp,2026-01-19
CUST-01143,WhatsApp,2026-02-23
CUST-01144,Analytics,2026-03-23
CUST-01144,Integrations,2026-03-23
CUST-01145,AI Voice Agent,2026-01-12
CUST-01146,WhatsApp,2026-02-16
CUST-01146,Analytics,2026-01-19
CUST-01146,Call Routing,2026-02-16
CUST-01146,Integrations,2026-01-19
CUST-01147,WhatsApp,2026-01-12
CUST-01147,Integrations,2026-03-23
CUST-01148,WhatsApp,2026-03-09
CUST-01149,WhatsApp,2026-01-05
CUST-01150,Integrations,2026-02-23
CUST-01151,Analytics,2026-01-26
CUST-01151,Call Routing,2026-01-19
CUST-01152,AI Voice Agent,2026-01-12
CUST-01152,Analytics,2026-01-05
CUST-01152,AI Assist,2026-03-09
CUST-01153,AI Voice Agent,2026-02-02
CUST-01153,Call Routing,2026-02-16
CUST-01154,AI Voice Agent,2026-01-12
CUST-01154,WhatsApp,2026-02-23
CUST-01154,AI Assist,2026-03-02
CUST-01154,Integrations,2026-01-19
CUST-01155,AI Voice Agent,2026-01-05
CUST-01155,WhatsApp,2026-01-19
CUST-01155,Call Routing,2026-02-16
CUST-01155,AI Assist,2026-01-26
CUST-01156,WhatsApp,2026-03-09
CUST-01156,AI Assist,2026-02-23
CUST-01157,AI Voice Agent,2026-01-26
CUST-01157,WhatsApp,2026-03-09
CUST-01157,AI Assist,2026-03-16
CUST-01157,Integrations,2026-01-19
CUST-01158,AI Voice Agent,2026-03-09
CUST-01158,Analytics,2026-02-16
CUST-01159,AI Voice Agent,2026-01-05
CUST-01159,Analytics,2026-02-02
CUST-01160,AI Voice Agent,2026-02-09
CUST-01160,Analytics,2026-01-05
CUST-01160,Call Routing,2026-02-09
CUST-01161,WhatsApp,2026-03-02
CUST-01161,Integrations,2026-01-26
CUST-01162,Analytics,2026-02-23
CUST-01163,AI Voice Agent,2026-02-16
CUST-01163,Call Routing,2026-02-02
CUST-01163,AI Assist,2026-01-26
CUST-01163,Integrations,2026-01-26
CUST-01164,WhatsApp,2026-02-09
CUST-01164,Analytics,2026-02-09
CUST-01164,Call Routing,2026-02-02
CUST-01164,AI Assist,2026-02-02
CUST-01164,Integrations,2026-01-26
CUST-01165,Analytics,2026-03-09
CUST-01165,Call Routing,2026-03-09
CUST-01165,AI Assist,2026-02-09
CUST-01166,AI Voice Agent,2026-02-23
CUST-01166,Analytics,2026-02-16
CUST-01167,AI Voice Agent,2026-03-16
CUST-01167,Call Routing,2026-03-09
CUST-01168,Analytics,2026-03-09
CUST-01168,AI Assist,2026-02-16
CUST-01169,Call Routing,2026-01-12
CUST-01171,WhatsApp,2026-03-09
CUST-01171,Analytics,2026-03-23
CUST-01172,WhatsApp,2026-01-19
CUST-01172,Analytics,2026-01-26
CUST-01172,Integrations,2026-01-26
CUST-01173,WhatsApp,2026-01-19
CUST-01174,AI Voice Agent,2026-02-02
CUST-01174,WhatsApp,2026-02-16
CUST-01175,AI Assist,2026-01-26
CUST-01176,WhatsApp,2026-02-23
CUST-01177,Analytics,2026-03-02
CUST-01177,Call Routing,2026-01-12
CUST-01177,AI Assist,2026-03-02
CUST-01178,WhatsApp,2026-02-16
CUST-01178,Analytics,2026-02-09
CUST-01178,Integrations,2026-02-09
CUST-01179,AI Voice Agent,2026-03-16
CUST-01179,WhatsApp,2026-02-23
CUST-01179,Analytics,2026-03-16
CUST-01179,Call Routing,2026-02-23
CUST-01179,AI Assist,2026-02-16
CUST-01179,Integrations,2026-02-16
CUST-01180,WhatsApp,2026-03-02
CUST-01180,Analytics,2026-02-16
CUST-01180,Integrations,2026-02-23
CUST-01181,Call Routing,2026-01-05
CUST-01183,Analytics,2026-02-02
CUST-01183,Call Routing,2026-03-02
CUST-01185,AI Voice Agent,2026-02-09
CUST-01185,Analytics,2026-02-23
CUST-01185,Call Routing,2026-03-09
CUST-01186,AI Voice Agent,2026-01-05
CUST-01186,WhatsApp,2026-01-05
CUST-01186,AI Assist,2026-01-05
CUST-01187,AI Voice Agent,2026-01-12
CUST-01187,WhatsApp,2026-01-19
CUST-01187,AI Assist,2026-01-05
CUST-01188,AI Voice Agent,2026-01-05
CUST-01188,WhatsApp,2026-01-05
CUST-01188,Analytics,2026-01-05
CUST-01188,Call Routing,2026-01-05
CUST-01188,AI Assist,2026-01-05
CUST-01189,WhatsApp,2026-02-23
CUST-01190,AI Voice Agent,2026-03-09
CUST-01190,WhatsApp,2026-02-23
CUST-01190,AI Assist,2026-02-09
CUST-01191,AI Voice Agent,2026-01-05
CUST-01191,WhatsApp,2026-03-02
CUST-01191,Analytics,2026-01-05
CUST-01191,Call Routing,2026-03-16
CUST-01192,Analytics,2026-02-09
CUST-01192,AI Assist,2026-02-09
CUST-01193,AI Voice Agent,2026-03-23
CUST-01193,WhatsApp,2026-02-23
CUST-01193,Call Routing,2026-03-02
CUST-01194,WhatsApp,2026-03-09
CUST-01194,Analytics,2026-03-16
CUST-01195,Analytics,2026-01-19
CUST-01196,AI Voice Agent,2026-01-26
CUST-01197,AI Voice Agent,2026-01-19
CUST-01197,Analytics,2026-03-02
CUST-01198,AI Voice Agent,2026-01-05
CUST-01198,WhatsApp,2026-01-26
CUST-01198,Analytics,2026-02-09
CUST-01198,AI Assist,2026-01-19
CUST-01198,Integrations,2026-02-09
CUST-01199,AI Voice Agent,2026-01-19
CUST-01199,Analytics,2026-03-02
CUST-01199,AI Assist,2026-02-16
CUST-01200,Analytics,2026-01-05
CUST-01200,AI Assist,2026-01-05
CUST-01201,WhatsApp,2026-02-09
CUST-01201,Integrations,2026-02-16
CUST-01202,WhatsApp,2026-01-05
CUST-01202,Analytics,2026-01-05
CUST-01202,Call Routing,2026-01-05
CUST-01202,AI Assist,2026-01-05
CUST-01203,WhatsApp,2026-01-12
CUST-01204,WhatsApp,2026-03-23
CUST-01205,Analytics,2026-02-02
CUST-01205,Call Routing,2026-03-23
CUST-01206,WhatsApp,2026-01-19
CUST-01207,WhatsApp,2026-01-12
CUST-01207,Analytics,2026-01-12
CUST-01208,AI Voice Agent,2026-01-05
CUST-01208,Analytics,2026-03-09
CUST-01209,AI Voice Agent,2026-01-26
CUST-01209,Call Routing,2026-02-23
CUST-01210,WhatsApp,2026-03-02
CUST-01211,AI Voice Agent,2026-01-26
CUST-01211,Analytics,2026-01-12
CUST-01212,WhatsApp,2026-02-23
CUST-01212,Call Routing,2026-02-23
CUST-01212,AI Assist,2026-01-05
CUST-01213,WhatsApp,2026-01-12
CUST-01213,Analytics,2026-01-19
CUST-01214,AI Voice Agent,2026-01-26
CUST-01214,WhatsApp,2026-03-16
CUST-01214,Call Routing,2026-03-09
CUST-01214,AI Assist,2026-02-16
CUST-01215,AI Voice Agent,2026-01-19
CUST-01215,Call Routing,2026-02-09
CUST-01216,WhatsApp,2026-01-19
CUST-01216,Integrations,2026-01-12
CUST-01217,AI Voice Agent,2026-01-26
CUST-01218,AI Voice Agent,2026-01-19
CUST-01218,WhatsApp,2026-01-12
CUST-01218,Analytics,2026-03-16
CUST-01218,AI Assist,2026-01-05
CUST-01219,WhatsApp,2026-01-12
CUST-01219,Analytics,2026-01-05
CUST-01220,Call Routing,2026-02-23
CUST-01221,AI Voice Agent,2026-03-16
CUST-01221,Analytics,2026-03-23
CUST-01221,AI Assist,2026-02-23
CUST-01222,WhatsApp,2026-03-09
CUST-01222,Analytics,2026-03-09
CUST-01222,Call Routing,2026-02-23
CUST-01223,Call Routing,2026-02-16
CUST-01223,Integrations,2026-02-09
CUST-01224,WhatsApp,2026-01-26
CUST-01224,Call Routing,2026-01-19
CUST-01225,WhatsApp,2026-03-02
CUST-01225,Analytics,2026-02-09
CUST-01225,Call Routing,2026-02-23
CUST-01225,AI Assist,2026-02-23
CUST-01226,WhatsApp,2026-03-23
CUST-01226,Analytics,2026-01-26
CUST-01226,Call Routing,2026-01-26
CUST-01226,AI Assist,2026-03-02
CUST-01227,WhatsApp,2026-02-23
CUST-01228,AI Assist,2026-02-16
CUST-01229,AI Voice Agent,2026-02-09
CUST-01229,WhatsApp,2026-01-19
CUST-01229,Analytics,2026-02-09
CUST-01230,WhatsApp,2026-02-09
CUST-01231,WhatsApp,2026-01-26
CUST-01231,Analytics,2026-01-05
CUST-01232,Call Routing,2026-02-02
CUST-01233,WhatsApp,2026-01-05
CUST-01233,Analytics,2026-01-12
CUST-01235,WhatsApp,2026-02-16
CUST-01235,Analytics,2026-01-12
CUST-01236,Analytics,2026-02-23
CUST-01236,AI Assist,2026-03-16
CUST-01238,Call Routing,2026-02-02
CUST-01239,AI Voice Agent,2026-01-12
CUST-01239,WhatsApp,2026-02-16
CUST-01239,Analytics,2026-01-26
CUST-01239,Call Routing,2026-02-09
CUST-01239,AI Assist,2026-03-16
CUST-01239,Integrations,2026-02-23
CUST-01240,WhatsApp,2026-01-19
CUST-01240,AI Assist,2026-01-12
CUST-01241,Call Routing,2026-03-09
CUST-01242,AI Voice Agent,2026-01-05
CUST-01242,Analytics,2026-01-19
CUST-01242,AI Assist,2026-02-02
CUST-01243,AI Voice Agent,2026-01-26
CUST-01245,AI Voice Agent,2026-01-05
CUST-01245,Analytics,2026-01-05
CUST-01245,Call Routing,2026-01-19
CUST-01246,AI Voice Agent,2026-01-19
CUST-01246,Call Routing,2026-02-16
CUST-01247,WhatsApp,2026-03-09
CUST-01248,Analytics,2026-02-02
CUST-01248,Call Routing,2026-01-12
CUST-01248,AI Assist,2026-01-12
CUST-01249,AI Voice Agent,2026-03-02
CUST-01249,WhatsApp,2026-03-09
CUST-01249,AI Assist,2026-03-02
CUST-01250,WhatsApp,2026-02-02
CUST-01250,Analytics,2026-02-09
CUST-01250,Call Routing,2026-01-12
CUST-01251,Analytics,2026-01-12
CUST-01252,AI Voice Agent,2026-01-12
CUST-01252,Analytics,2026-01-19
CUST-01252,AI Assist,2026-01-19
CUST-01253,AI Voice Agent,2026-02-09
CUST-01253,WhatsApp,2026-03-16
CUST-01253,Analytics,2026-01-19
CUST-01253,Call Routing,2026-03-09
CUST-01254,WhatsApp,2026-01-19
CUST-01255,WhatsApp,2026-02-09
CUST-01257,AI Voice Agent,2026-01-12
CUST-01257,Call Routing,2026-03-16
CUST-01258,AI Voice Agent,2026-02-02
CUST-01258,WhatsApp,2026-02-09
CUST-01258,Call Routing,2026-01-19
CUST-01258,Integrations,2026-03-16
CUST-01260,Analytics,2026-02-02
CUST-01260,Call Routing,2026-02-16
CUST-01260,AI Assist,2026-01-26
CUST-01261,AI Voice Agent,2026-02-02
CUST-01261,AI Assist,2026-03-16
CUST-01262,AI Voice Agent,2026-02-02
CUST-01262,WhatsApp,2026-03-09
CUST-01262,Call Routing,2026-03-09
CUST-01262,AI Assist,2026-01-12
CUST-01263,WhatsApp,2026-03-02
CUST-01263,Analytics,2026-02-23
CUST-01263,Integrations,2026-02-23
CUST-01265,WhatsApp,2026-02-09
CUST-01267,Call Routing,2026-01-19
CUST-01267,AI Assist,2026-02-16
CUST-01269,Analytics,2026-01-12
CUST-01270,Analytics,2026-03-09
CUST-01270,Call Routing,2026-03-02
CUST-01270,Integrations,2026-03-09
CUST-01271,WhatsApp,2026-02-02
CUST-01271,Analytics,2026-02-09
CUST-01272,AI Voice Agent,2026-02-09
CUST-01272,WhatsApp,2026-01-12
CUST-01272,Analytics,2026-01-05
CUST-01272,AI Assist,2026-01-05
CUST-01273,WhatsApp,2026-03-09
CUST-01273,Integrations,2026-03-09
CUST-01274,AI Voice Agent,2026-01-26
CUST-01274,Integrations,2026-01-05
CUST-01276,AI Voice Agent,2026-03-09
CUST-01276,WhatsApp,2026-03-09
CUST-01276,Analytics,2026-03-09
CUST-01276,AI Assist,2026-03-09
CUST-01277,AI Voice Agent,2026-01-12
CUST-01279,AI Voice Agent,2026-02-23
CUST-01279,Call Routing,2026-02-23
CUST-01281,WhatsApp,2026-02-23
CUST-01281,Call Routing,2026-03-09
CUST-01282,AI Voice Agent,2026-01-05
CUST-01282,WhatsApp,2026-02-23
CUST-01282,AI Assist,2026-02-16
CUST-01283,WhatsApp,2026-03-09
CUST-01283,Call Routing,2026-02-23
CUST-01283,AI Assist,2026-03-09
CUST-01284,WhatsApp,2026-03-09
CUST-01284,Analytics,2026-02-23
CUST-01285,WhatsApp,2026-02-16
CUST-01285,Integrations,2026-03-16
CUST-01286,Integrations,2026-02-09
CUST-01287,AI Voice Agent,2026-03-02
CUST-01287,WhatsApp,2026-02-23
CUST-01287,Analytics,2026-03-09
CUST-01287,Integrations,2026-02-09
CUST-01288,AI Voice Agent,2026-01-12
CUST-01290,Analytics,2026-01-12
CUST-01291,AI Voice Agent,2026-02-09
CUST-01291,WhatsApp,2026-01-19
CUST-01291,Analytics,2026-01-26
CUST-01291,Call Routing,2026-02-16
CUST-01292,WhatsApp,2026-01-05
CUST-01292,Analytics,2026-01-05
CUST-01292,Integrations,2026-02-16
CUST-01293,WhatsApp,2026-01-05
CUST-01293,Analytics,2026-01-05
CUST-01293,Call Routing,2026-01-05
CUST-01294,WhatsApp,2026-01-05
CUST-01295,AI Voice Agent,2026-02-09
CUST-01295,WhatsApp,2026-01-26
CUST-01295,Analytics,2026-01-12
CUST-01295,AI Assist,2026-01-19
CUST-01296,WhatsApp,2026-01-26
CUST-01296,Integrations,2026-01-12
CUST-01297,WhatsApp,2026-01-05
CUST-01297,Analytics,2026-02-09
CUST-01298,WhatsApp,2026-01-05
CUST-01298,Analytics,2026-01-12
CUST-01299,AI Voice Agent,2026-01-05
CUST-01299,Integrations,2026-01-05
CUST-01300,WhatsApp,2026-03-23
CUST-01300,Call Routing,2026-03-09
CUST-01301,Analytics,2026-02-02
CUST-01301,AI Assist,2026-01-26
CUST-01302,Analytics,2026-02-23
CUST-01303,AI Voice Agent,2026-02-09
CUST-01303,Call Routing,2026-01-05
CUST-01304,WhatsApp,2026-03-09
CUST-01304,Analytics,2026-02-16
CUST-01304,AI Assist,2026-02-16
CUST-01306,WhatsApp,2026-01-12
CUST-01306,Call Routing,2026-01-05
CUST-01306,AI Assist,2026-01-12
CUST-01307,WhatsApp,2026-02-02
CUST-01307,Analytics,2026-01-12
CUST-01307,AI Assist,2026-01-26
CUST-01308,AI Voice Agent,2026-01-19
CUST-01308,AI Assist,2026-03-02
CUST-01309,WhatsApp,2026-02-09
CUST-01309,Analytics,2026-01-12
CUST-01309,Call Routing,2026-01-26
CUST-01309,AI Assist,2026-02-23
CUST-01310,WhatsApp,2026-03-09
CUST-01310,Analytics,2026-03-09
CUST-01310,Call Routing,2026-03-09
CUST-01310,AI Assist,2026-03-16
CUST-01311,WhatsApp,2026-01-05
CUST-01311,Analytics,2026-01-05
CUST-01311,Call Routing,2026-01-19
CUST-01312,Analytics,2026-02-16
CUST-01312,AI Assist,2026-01-26
CUST-01314,AI Voice Agent,2026-02-09
CUST-01314,Call Routing,2026-02-02
CUST-01314,AI Assist,2026-01-19
CUST-01315,WhatsApp,2026-03-16
CUST-01315,Analytics,2026-02-23
CUST-01316,Analytics,2026-02-23
CUST-01316,Integrations,2026-01-26
CUST-01317,Analytics,2026-01-19
CUST-01318,AI Voice Agent,2026-01-26
CUST-01318,WhatsApp,2026-02-09
CUST-01318,Analytics,2026-03-02
CUST-01319,AI Voice Agent,2026-02-23
CUST-01319,WhatsApp,2026-02-16
CUST-01319,Analytics,2026-02-16
CUST-01319,Call Routing,2026-02-09
CUST-01320,AI Voice Agent,2026-02-16
CUST-01320,Analytics,2026-02-23
CUST-01320,AI Assist,2026-02-23
CUST-01320,Integrations,2026-03-09
CUST-01321,AI Assist,2026-02-23
CUST-01321,Integrations,2026-03-02
CUST-01322,AI Voice Agent,2026-03-16
CUST-01322,WhatsApp,2026-02-23
CUST-01322,AI Assist,2026-03-02
CUST-01323,Call Routing,2026-01-05
CUST-01324,WhatsApp,2026-02-02
CUST-01324,Analytics,2026-01-26
CUST-01324,Call Routing,2026-01-26
CUST-01326,AI Voice Agent,2026-02-16
CUST-01326,WhatsApp,2026-03-09
CUST-01326,Analytics,2026-03-09
CUST-01326,AI Assist,2026-03-09
CUST-01327,AI Voice Agent,2026-03-02
CUST-01328,Analytics,2026-01-19
CUST-01328,Integrations,2026-03-16
CUST-01329,WhatsApp,2026-01-12
CUST-01330,Call Routing,2026-02-23
CUST-01331,Analytics,2026-01-26
CUST-01331,Call Routing,2026-03-09
CUST-01332,WhatsApp,2026-03-09
CUST-01333,AI Voice Agent,2026-01-05
CUST-01333,Analytics,2026-02-23
CUST-01334,Call Routing,2026-02-02
CUST-01335,WhatsApp,2026-02-16
CUST-01335,Analytics,2026-02-16
CUST-01336,WhatsApp,2026-03-02
CUST-01337,WhatsApp,2026-03-02
CUST-01339,AI Voice Agent,2026-01-19
CUST-01339,WhatsApp,2026-03-23
CUST-01339,Call Routing,2026-01-05
CUST-01340,AI Voice Agent,2026-01-26
CUST-01340,Analytics,2026-02-23
CUST-01340,AI Assist,2026-02-02
CUST-01340,Integrations,2026-03-02
CUST-01342,WhatsApp,2026-03-16
CUST-01342,Analytics,2026-03-16
CUST-01342,Call Routing,2026-02-23
CUST-01343,Analytics,2026-02-16
CUST-01343,Call Routing,2026-02-09
CUST-01343,AI Assist,2026-02-16
CUST-01344,Analytics,2026-03-02
CUST-01344,Call Routing,2026-02-02
CUST-01344,AI Assist,2026-01-26
CUST-01345,AI Voice Agent,2026-02-02
CUST-01345,Integrations,2026-01-19
CUST-01346,AI Voice Agent,2026-02-23
CUST-01346,Analytics,2026-02-23
CUST-01347,WhatsApp,2026-02-16
CUST-01347,Integrations,2026-02-09
CUST-01348,AI Voice Agent,2026-02-02
CUST-01348,WhatsApp,2026-02-09
CUST-01348,AI Assist,2026-01-26
CUST-01348,Integrations,2026-02-02
CUST-01349,WhatsApp,2026-01-05
CUST-01349,Analytics,2026-02-16
CUST-01349,AI Assist,2026-02-02
CUST-01350,AI Voice Agent,2026-03-02
CUST-01351,Call Routing,2026-01-19
CUST-01352,WhatsApp,2026-01-05
CUST-01352,AI Assist,2026-02-23
CUST-01353,AI Voice Agent,2026-03-23
CUST-01353,Analytics,2026-03-09
CUST-01353,Call Routing,2026-03-09
CUST-01354,AI Voice Agent,2026-02-02
CUST-01354,Analytics,2026-03-02
CUST-01354,Call Routing,2026-02-02
CUST-01354,AI Assist,2026-01-19
CUST-01355,AI Voice Agent,2026-01-26
CUST-01355,WhatsApp,2026-01-12
CUST-01355,Analytics,2026-01-12
CUST-01355,Call Routing,2026-01-05
CUST-01356,WhatsApp,2026-02-09
CUST-01357,AI Voice Agent,2026-01-26
CUST-01357,WhatsApp,2026-02-23
CUST-01357,Call Routing,2026-01-19
CUST-01357,AI Assist,2026-01-26
CUST-01358,AI Voice Agent,2026-03-16
CUST-01358,WhatsApp,2026-03-23
CUST-01358,Analytics,2026-03-23
CUST-01360,WhatsApp,2026-01-12
CUST-01360,Analytics,2026-01-05
CUST-01360,Call Routing,2026-01-05
CUST-01361,AI Voice Agent,2026-02-16
CUST-01361,AI Assist,2026-03-09
CUST-01362,AI Voice Agent,2026-02-09
CUST-01362,Call Routing,2026-03-16
CUST-01362,Integrations,2026-03-23
CUST-01364,WhatsApp,2026-01-26
CUST-01365,Analytics,2026-03-02
CUST-01367,Call Routing,2026-02-23
CUST-01368,WhatsApp,2026-01-05
CUST-01368,Analytics,2026-01-05
CUST-01369,Call Routing,2026-03-09
CUST-01370,WhatsApp,2026-01-12
CUST-01370,Call Routing,2026-01-05
CUST-01370,Integrations,2026-01-12
CUST-01371,WhatsApp,2026-02-23
CUST-01371,Analytics,2026-02-16
CUST-01371,AI Assist,2026-03-23
CUST-01372,WhatsApp,2026-02-02
CUST-01372,Analytics,2026-03-02
CUST-01372,Integrations,2026-02-02
CUST-01373,Call Routing,2026-03-02
CUST-01374,Call Routing,2026-02-23
CUST-01375,AI Voice Agent,2026-02-16
CUST-01375,AI Assist,2026-02-02
CUST-01376,Analytics,2026-02-02
CUST-01376,Call Routing,2026-03-02
CUST-01376,AI Assist,2026-03-09
CUST-01377,AI Voice Agent,2026-02-02
CUST-01377,AI Assist,2026-02-02
CUST-01378,WhatsApp,2026-02-09
CUST-01378,Analytics,2026-02-02
CUST-01378,Call Routing,2026-02-02
CUST-01378,AI Assist,2026-03-23
CUST-01379,WhatsApp,2026-02-16
CUST-01379,Analytics,2026-02-02
CUST-01381,AI Voice Agent,2026-03-16
CUST-01381,Analytics,2026-03-23
CUST-01381,AI Assist,2026-03-02
CUST-01382,AI Voice Agent,2026-01-19
CUST-01382,WhatsApp,2026-03-16
CUST-01382,AI Assist,2026-02-09
CUST-01383,AI Voice Agent,2026-02-16
CUST-01383,WhatsApp,2026-02-23
CUST-01384,AI Voice Agent,2026-01-12
CUST-01384,WhatsApp,2026-03-02
CUST-01385,AI Voice Agent,2026-02-09
CUST-01385,WhatsApp,2026-02-16
CUST-01387,Analytics,2026-03-02
CUST-01388,WhatsApp,2026-03-23
CUST-01388,Call Routing,2026-03-16
CUST-01388,AI Assist,2026-02-23
CUST-01389,AI Voice Agent,2026-01-12
CUST-01389,WhatsApp,2026-01-19
CUST-01389,Analytics,2026-02-16
CUST-01389,AI Assist,2026-01-12
CUST-01389,Integrations,2026-03-23
CUST-01390,AI Voice Agent,2026-02-23
CUST-01391,WhatsApp,2026-02-02
CUST-01392,WhatsApp,2026-03-16
CUST-01393,AI Voice Agent,2026-01-19
CUST-01395,AI Voice Agent,2026-01-19
CUST-01395,Call Routing,2026-01-26
CUST-01395,Integrations,2026-01-19
CUST-01396,Analytics,2026-01-05
CUST-01396,Integrations,2026-01-12
CUST-01397,Analytics,2026-03-09
CUST-01398,WhatsApp,2026-02-16
CUST-01398,Call Routing,2026-03-02
CUST-01398,Integrations,2026-02-09
CUST-01399,WhatsApp,2026-02-09
CUST-01399,Call Routing,2026-02-02
CUST-01400,Call Routing,2026-01-05
CUST-01401,AI Voice Agent,2026-01-26
CUST-01401,WhatsApp,2026-03-23
CUST-01401,Analytics,2026-01-19
CUST-01402,WhatsApp,2026-02-02
CUST-01403,AI Voice Agent,2026-01-19
CUST-01403,Analytics,2026-02-02
CUST-01403,AI Assist,2026-02-09
CUST-01404,Analytics,2026-02-02
CUST-01405,WhatsApp,2026-01-26
CUST-01405,Analytics,2026-02-02
CUST-01405,AI Assist,2026-01-19
CUST-01406,WhatsApp,2026-03-23
CUST-01406,Call Routing,2026-03-09
CUST-01407,WhatsApp,2026-03-02
CUST-01408,AI Voice Agent,2026-01-19
CUST-01409,AI Voice Agent,2026-02-02
CUST-01409,Analytics,2026-03-09
CUST-01409,Call Routing,2026-01-05
CUST-01410,AI Voice Agent,2026-02-09
CUST-01410,WhatsApp,2026-02-16
CUST-01410,Call Routing,2026-02-16
CUST-01411,AI Voice Agent,2026-03-23
CUST-01411,Call Routing,2026-03-02
CUST-01412,AI Voice Agent,2026-01-19
CUST-01412,AI Assist,2026-01-19
CUST-01412,Integrations,2026-02-02
CUST-01413,AI Voice Agent,2026-01-19
CUST-01413,WhatsApp,2026-02-16
CUST-01413,Call Routing,2026-01-05
CUST-01414,WhatsApp,2026-03-02
CUST-01414,Analytics,2026-03-02
CUST-01416,AI Voice Agent,2026-02-09
CUST-01416,Analytics,2026-01-05
CUST-01416,Call Routing,2026-01-19
CUST-01416,AI Assist,2026-02-16
CUST-01417,AI Assist,2026-02-09
CUST-01418,AI Voice Agent,2026-02-02
CUST-01418,Analytics,2026-02-09
CUST-01419,AI Voice Agent,2026-01-12
CUST-01419,Analytics,2026-02-09
CUST-01420,WhatsApp,2026-02-23
CUST-01420,Analytics,2026-01-19
CUST-01420,Integrations,2026-02-23
CUST-01421,AI Voice Agent,2026-01-26
CUST-01421,Analytics,2026-03-09
CUST-01421,AI Assist,2026-01-26
CUST-01422,WhatsApp,2026-02-02
CUST-01422,Analytics,2026-01-19
CUST-01422,Call Routing,2026-01-19
CUST-01422,Integrations,2026-01-12
CUST-01423,WhatsApp,2026-02-16
CUST-01424,WhatsApp,2026-03-09
CUST-01424,Analytics,2026-02-09
CUST-01425,AI Voice Agent,2026-01-26
CUST-01425,WhatsApp,2026-02-23
CUST-01425,Analytics,2026-01-12
CUST-01425,Integrations,2026-02-16
CUST-01426,Analytics,2026-01-19
CUST-01426,Call Routing,2026-01-26
CUST-01426,AI Assist,2026-01-19
CUST-01427,Analytics,2026-03-09
CUST-01427,Call Routing,2026-01-12
CUST-01427,AI Assist,2026-02-09
CUST-01428,WhatsApp,2026-01-12
CUST-01428,Analytics,2026-01-26
CUST-01430,WhatsApp,2026-02-16
CUST-01431,Analytics,2026-02-16
CUST-01431,Integrations,2026-01-26
CUST-01432,AI Voice Agent,2026-02-09
CUST-01432,WhatsApp,2026-01-19
CUST-01433,Analytics,2026-03-16
CUST-01434,Analytics,2026-03-09
CUST-01434,Call Routing,2026-03-23
CUST-01434,AI Assist,2026-03-09
CUST-01437,AI Voice Agent,2026-02-16
CUST-01437,Call Routing,2026-03-02
CUST-01440,Analytics,2026-03-02
CUST-01441,WhatsApp,2026-01-19
CUST-01441,Analytics,2026-02-09
CUST-01441,Integrations,2026-01-12
CUST-01442,AI Voice Agent,2026-01-19
CUST-01442,WhatsApp,2026-01-05
CUST-01442,Analytics,2026-01-12
CUST-01442,Integrations,2026-01-05
CUST-01443,Analytics,2026-01-12
CUST-01443,Call Routing,2026-01-12
CUST-01444,Call Routing,2026-01-19
CUST-01446,AI Voice Agent,2026-02-02
CUST-01446,Call Routing,2026-01-26
CUST-01446,AI Assist,2026-02-16
CUST-01447,WhatsApp,2026-01-19
CUST-01447,Analytics,2026-01-05
CUST-01448,WhatsApp,2026-02-02
CUST-01449,AI Voice Agent,2026-01-05
CUST-01449,WhatsApp,2026-02-09
CUST-01449,AI Assist,2026-03-09
CUST-01450,AI Voice Agent,2026-02-02
CUST-01450,WhatsApp,2026-02-02
CUST-01450,AI Assist,2026-02-09
CUST-01451,WhatsApp,2026-01-26
CUST-01452,Analytics,2026-02-02
CUST-01452,Call Routing,2026-02-02
CUST-01452,Integrations,2026-02-02
CUST-01453,Analytics,2026-01-26
CUST-01454,AI Voice Agent,2026-01-26
CUST-01454,Call Routing,2026-01-12
CUST-01454,Integrations,2026-02-02
CUST-01455,AI Voice Agent,2026-02-23
CUST-01455,WhatsApp,2026-03-16
CUST-01455,Analytics,2026-03-02
CUST-01455,Integrations,2026-03-02
CUST-01456,AI Voice Agent,2026-01-12
CUST-01456,WhatsApp,2026-03-23
CUST-01456,Analytics,2026-03-09
CUST-01456,Call Routing,2026-01-19
CUST-01456,AI Assist,2026-01-19
CUST-01457,Integrations,2026-03-02
CUST-01458,WhatsApp,2026-02-16
CUST-01458,AI Assist,2026-02-09
CUST-01459,Analytics,2026-01-19
CUST-01460,AI Voice Agent,2026-02-02
CUST-01460,Analytics,2026-02-09
CUST-01460,AI Assist,2026-02-02
CUST-01461,WhatsApp,2026-03-02
CUST-01462,WhatsApp,2026-01-26
CUST-01462,Call Routing,2026-01-19
CUST-01462,AI Assist,2026-01-26
CUST-01463,WhatsApp,2026-01-05
CUST-01463,Analytics,2026-01-05
CUST-01463,Call Routing,2026-01-19
CUST-01465,WhatsApp,2026-01-19
CUST-01466,WhatsApp,2026-02-16
CUST-01466,Call Routing,2026-01-19
CUST-01467,AI Voice Agent,2026-01-26
CUST-01467,Call Routing,2026-03-02
CUST-01467,AI Assist,2026-03-09
CUST-01468,WhatsApp,2026-01-19
CUST-01468,Analytics,2026-01-26
CUST-01468,Call Routing,2026-01-26
CUST-01469,AI Voice Agent,2026-03-23
CUST-01469,WhatsApp,2026-03-09
CUST-01469,Call Routing,2026-03-09
CUST-01469,Integrations,2026-03-02
CUST-01470,WhatsApp,2026-01-19
CUST-01470,Analytics,2026-02-09
CUST-01470,Call Routing,2026-03-02
CUST-01470,Integrations,2026-02-16
CUST-01471,WhatsApp,2026-02-23
CUST-01471,Analytics,2026-01-19
CUST-01471,Call Routing,2026-02-23
CUST-01472,WhatsApp,2026-02-09
CUST-01473,Analytics,2026-02-23
CUST-01473,Call Routing,2026-02-09
CUST-01473,Integrations,2026-01-26
CUST-01474,WhatsApp,2026-03-02
CUST-01475,Call Routing,2026-02-23
CUST-01477,AI Voice Agent,2026-01-26
CUST-01477,Analytics,2026-02-23
CUST-01479,AI Voice Agent,2026-01-19
CUST-01479,WhatsApp,2026-02-02
CUST-01480,AI Voice Agent,2026-02-23
CUST-01480,WhatsApp,2026-03-09
CUST-01480,Analytics,2026-03-23
CUST-01480,Integrations,2026-02-23
CUST-01481,Call Routing,2026-01-26
CUST-01481,AI Assist,2026-01-19
CUST-01481,Integrations,2026-03-16
CUST-01482,WhatsApp,2026-02-02
CUST-01483,AI Voice Agent,2026-01-05
CUST-01483,WhatsApp,2026-03-16
CUST-01484,WhatsApp,2026-01-19
CUST-01485,WhatsApp,2026-03-02
CUST-01487,Analytics,2026-03-02
CUST-01487,Call Routing,2026-03-23
CUST-01488,AI Voice Agent,2026-02-09
CUST-01488,WhatsApp,2026-03-23
CUST-01488,Analytics,2026-01-19
CUST-01489,WhatsApp,2026-03-09
CUST-01489,AI Assist,2026-03-02
CUST-01490,Analytics,2026-02-02
CUST-01491,WhatsApp,2026-01-19
CUST-01491,Analytics,2026-03-09
CUST-01492,AI Voice Agent,2026-01-19
CUST-01492,WhatsApp,2026-03-23
CUST-01492,Analytics,2026-02-02
CUST-01492,Call Routing,2026-03-09
CUST-01492,AI Assist,2026-01-26
CUST-01493,AI Voice Agent,2026-02-09
CUST-01493,WhatsApp,2026-03-23
CUST-01493,Analytics,2026-01-26
CUST-01494,Analytics,2026-01-19
CUST-01494,Call Routing,2026-01-12
CUST-01494,Integrations,2026-01-19
CUST-01496,WhatsApp,2026-01-19
CUST-01496,Call Routing,2026-01-12
CUST-01496,AI Assist,2026-01-12
CUST-01497,WhatsApp,2026-03-02
CUST-01499,AI Voice Agent,2026-03-09
CUST-01500,AI Voice Agent,2026-03-16
CUST-01500,WhatsApp,2026-02-23
CUST-01502,Analytics,2026-03-16
CUST-01502,Call Routing,2026-03-16
CUST-01503,AI Voice Agent,2026-02-09
CUST-01503,WhatsApp,2026-01-12
CUST-01504,WhatsApp,2026-01-19
CUST-01504,Call Routing,2026-01-26
CUST-01504,Integrations,2026-02-02
CUST-01505,WhatsApp,2026-02-23
CUST-01505,Analytics,2026-01-05
CUST-01505,AI Assist,2026-03-09
CUST-01506,WhatsApp,2026-03-16
CUST-01507,Analytics,2026-03-09
CUST-01508,WhatsApp,2026-01-12
CUST-01508,Analytics,2026-02-02
CUST-01509,AI Voice Agent,2026-01-26
CUST-01509,WhatsApp,2026-03-09
CUST-01509,Analytics,2026-01-19
CUST-01509,AI Assist,2026-02-23
CUST-01510,WhatsApp,2026-02-23
CUST-01510,Analytics,2026-03-16
CUST-01511,WhatsApp,2026-02-02
CUST-01511,Analytics,2026-01-12
CUST-01511,Integrations,2026-01-26
CUST-01512,WhatsApp,2026-02-16
CUST-01512,Analytics,2026-01-26
CUST-01512,Call Routing,2026-01-26
CUST-01513,Analytics,2026-02-02
CUST-01514,Analytics,2026-01-12
CUST-01515,Analytics,2026-03-16
CUST-01515,Call Routing,2026-03-23
CUST-01515,AI Assist,2026-02-02
CUST-01515,Integrations,2026-03-02
CUST-01516,WhatsApp,2026-01-12
CUST-01518,AI Voice Agent,2026-01-05
CUST-01518,Analytics,2026-03-02
CUST-01518,Call Routing,2026-01-12
CUST-01518,AI Assist,2026-01-05
CUST-01519,AI Assist,2026-01-19
CUST-01520,AI Voice Agent,2026-01-05
CUST-01520,WhatsApp,2026-01-26
CUST-01520,Analytics,2026-02-16
CUST-01521,AI Voice Agent,2026-01-05
CUST-01521,WhatsApp,2026-03-02
CUST-01521,Analytics,2026-03-23
CUST-01521,Call Routing,2026-03-02
CUST-01522,Analytics,2026-03-02
CUST-01523,Integrations,2026-02-23
CUST-01524,WhatsApp,2026-01-19
CUST-01524,Analytics,2026-01-05
CUST-01524,Call Routing,2026-03-16
CUST-01524,Integrations,2026-01-05
CUST-01525,AI Voice Agent,2026-01-19
CUST-01525,WhatsApp,2026-03-09
CUST-01525,Analytics,2026-03-09
CUST-01525,Call Routing,2026-02-23
CUST-01525,Integrations,2026-01-12
CUST-01526,Analytics,2026-01-19
CUST-01526,AI Assist,2026-02-02
CUST-01527,Analytics,2026-03-02
CUST-01529,WhatsApp,2026-01-12
CUST-01529,Analytics,2026-01-12
CUST-01531,AI Voice Agent,2026-01-26
CUST-01533,WhatsApp,2026-01-12
CUST-01533,Analytics,2026-01-12
CUST-01534,AI Voice Agent,2026-02-02
CUST-01535,AI Voice Agent,2026-02-09
CUST-01535,WhatsApp,2026-03-23
CUST-01535,Integrations,2026-03-23
CUST-01537,AI Voice Agent,2026-01-12
CUST-01537,Call Routing,2026-02-16
CUST-01538,AI Voice Agent,2026-02-02
CUST-01538,AI Assist,2026-02-16
CUST-01539,WhatsApp,2026-02-16
CUST-01541,Analytics,2026-01-26
CUST-01541,Integrations,2026-01-12
CUST-01542,Analytics,2026-01-12
CUST-01543,WhatsApp,2026-02-23
CUST-01543,Call Routing,2026-03-09
CUST-01544,AI Voice Agent,2026-02-02
CUST-01545,AI Voice Agent,2026-03-02
CUST-01545,WhatsApp,2026-02-23
CUST-01545,Analytics,2026-02-16
CUST-01545,Call Routing,2026-03-09
CUST-01545,AI Assist,2026-03-09
CUST-01547,WhatsApp,2026-01-12
CUST-01548,AI Voice Agent,2026-02-16
CUST-01548,Analytics,2026-02-16
CUST-01548,Call Routing,2026-02-23
CUST-01549,Analytics,2026-03-16
CUST-01549,Integrations,2026-02-23
CUST-01550,AI Voice Agent,2026-01-05
CUST-01550,Analytics,2026-02-02
CUST-01550,AI Assist,2026-01-12
CUST-01551,AI Voice Agent,2026-02-02
CUST-01551,Analytics,2026-02-16
CUST-01551,Call Routing,2026-02-02
CUST-01552,WhatsApp,2026-02-02
CUST-01552,Analytics,2026-01-19
CUST-01552,AI Assist,2026-01-12
CUST-01552,Integrations,2026-01-26
CUST-01553,AI Voice Agent,2026-01-05
CUST-01553,AI Assist,2026-01-19
CUST-01554,AI Voice Agent,2026-03-23
CUST-01554,Call Routing,2026-03-16
CUST-01554,AI Assist,2026-03-16
CUST-01554,Integrations,2026-03-09
CUST-01555,WhatsApp,2026-02-09
CUST-01555,Analytics,2026-02-02
CUST-01555,Integrations,2026-02-02
CUST-01556,WhatsApp,2026-01-12
CUST-01556,Analytics,2026-01-12
CUST-01556,Call Routing,2026-01-12
CUST-01557,WhatsApp,2026-01-05
CUST-01557,AI Assist,2026-03-23
CUST-01558,WhatsApp,2026-03-23
CUST-01558,Integrations,2026-03-02
CUST-01559,WhatsApp,2026-03-16
CUST-01559,Call Routing,2026-02-09
CUST-01560,Integrations,2026-02-09
CUST-01561,Call Routing,2026-02-16
CUST-01562,Call Routing,2026-02-23
CUST-01562,Integrations,2026-02-16
CUST-01563,Analytics,2026-02-09
CUST-01563,Call Routing,2026-02-09
CUST-01563,AI Assist,2026-02-09
CUST-01564,AI Voice Agent,2026-02-02
CUST-01564,WhatsApp,2026-02-16
CUST-01564,Analytics,2026-02-09
CUST-01565,AI Voice Agent,2026-01-19
CUST-01565,Analytics,2026-01-26
CUST-01565,AI Assist,2026-01-05
CUST-01566,WhatsApp,2026-02-02
CUST-01566,Analytics,2026-02-16
CUST-01567,WhatsApp,2026-03-23
CUST-01567,Analytics,2026-03-09
CUST-01568,WhatsApp,2026-01-12
CUST-01568,Call Routing,2026-01-12
CUST-01570,WhatsApp,2026-02-02
CUST-01570,Analytics,2026-01-26
CUST-01570,AI Assist,2026-01-19
CUST-01571,Analytics,2026-02-09
CUST-01572,AI Voice Agent,2026-02-02
CUST-01572,WhatsApp,2026-02-16
CUST-01572,Integrations,2026-01-19
CUST-01574,AI Voice Agent,2026-02-09
CUST-01575,Call Routing,2026-01-19
CUST-01576,AI Voice Agent,2026-01-19
CUST-01576,WhatsApp,2026-01-05
CUST-01576,AI Assist,2026-03-02
CUST-01576,Integrations,2026-03-23
CUST-01577,WhatsApp,2026-02-02
CUST-01577,Analytics,2026-03-23
CUST-01577,AI Assist,2026-03-09
CUST-01578,WhatsApp,2026-02-16
CUST-01578,Call Routing,2026-03-02
CUST-01579,AI Voice Agent,2026-01-19
CUST-01579,Call Routing,2026-02-09
CUST-01579,Integrations,2026-03-02
CUST-01580,Analytics,2026-01-12
CUST-01580,Integrations,2026-01-12
CUST-01581,AI Voice Agent,2026-02-02
CUST-01581,WhatsApp,2026-01-26
CUST-01582,WhatsApp,2026-02-16
CUST-01582,Integrations,2026-02-02
CUST-01584,AI Voice Agent,2026-01-05
CUST-01584,Call Routing,2026-01-12
CUST-01584,AI Assist,2026-01-12
CUST-01584,Integrations,2026-01-12
CUST-01585,WhatsApp,2026-03-02
CUST-01585,Analytics,2026-03-09
CUST-01586,AI Voice Agent,2026-01-26
CUST-01587,Analytics,2026-01-26
CUST-01588,AI Voice Agent,2026-01-19
CUST-01588,WhatsApp,2026-01-19
CUST-01588,Call Routing,2026-03-09
CUST-01589,AI Voice Agent,2026-02-02
CUST-01589,WhatsApp,2026-01-05
CUST-01589,AI Assist,2026-01-19
CUST-01589,Integrations,2026-01-05
CUST-01590,WhatsApp,2026-03-09
CUST-01591,WhatsApp,2026-03-02
CUST-01591,Analytics,2026-01-12
CUST-01591,Call Routing,2026-03-09
CUST-01592,Call Routing,2026-01-12
CUST-01593,Call Routing,2026-01-12
CUST-01594,AI Voice Agent,2026-02-09
CUST-01594,Call Routing,2026-01-05
CUST-01594,Integrations,2026-03-02
CUST-01595,Call Routing,2026-01-12
CUST-01596,WhatsApp,2026-02-02
CUST-01596,Analytics,2026-01-26
CUST-01596,Call Routing,2026-02-02
CUST-01597,AI Voice Agent,2026-03-16
CUST-01597,Call Routing,2026-03-09
CUST-01597,AI Assist,2026-03-23
CUST-01597,Integrations,2026-03-02
CUST-01598,Analytics,2026-03-02
CUST-01598,AI Assist,2026-03-16
CUST-01599,WhatsApp,2026-03-23
CUST-01599,Analytics,2026-02-09
CUST-01599,Call Routing,2026-02-09
CUST-01599,Integrations,2026-03-02
CUST-01600,Analytics,2026-02-09
CUST-01601,WhatsApp,2026-01-05
CUST-01601,AI Assist,2026-02-16
CUST-01602,AI Voice Agent,2026-01-19
CUST-01602,WhatsApp,2026-02-02
CUST-01602,Analytics,2026-02-16
CUST-01603,WhatsApp,2026-01-05
CUST-01603,Analytics,2026-03-16
CUST-01603,Call Routing,2026-01-26
CUST-01604,WhatsApp,2026-03-09
CUST-01604,Analytics,2026-02-16
CUST-01605,AI Voice Agent,2026-01-19
CUST-01606,Analytics,2026-03-23
CUST-01606,Call Routing,2026-01-19
CUST-01606,Integrations,2026-02-23
CUST-01607,AI Voice Agent,2026-01-26
CUST-01607,Call Routing,2026-03-09
CUST-01608,AI Voice Agent,2026-01-19
CUST-01608,Analytics,2026-03-16
CUST-01609,WhatsApp,2026-01-26
CUST-01609,Analytics,2026-01-05
CUST-01609,AI Assist,2026-01-12
CUST-01610,Analytics,2026-02-02
CUST-01610,Call Routing,2026-01-26
CUST-01610,Integrations,2026-01-12
CUST-01612,Analytics,2026-01-26
CUST-01612,Call Routing,2026-01-12
CUST-01612,AI Assist,2026-02-02
CUST-01614,WhatsApp,2026-01-05
CUST-01614,Call Routing,2026-01-12
CUST-01614,AI Assist,2026-01-19
CUST-01615,WhatsApp,2026-03-02
CUST-01615,Analytics,2026-03-09
CUST-01615,Call Routing,2026-03-02
CUST-01616,WhatsApp,2026-02-23
CUST-01616,Analytics,2026-01-19
CUST-01617,WhatsApp,2026-01-19
CUST-01619,WhatsApp,2026-03-09
CUST-01620,AI Voice Agent,2026-02-16
CUST-01621,AI Voice Agent,2026-02-09
CUST-01621,Call Routing,2026-01-19
CUST-01621,AI Assist,2026-01-26
CUST-01622,WhatsApp,2026-01-05
CUST-01623,WhatsApp,2026-01-12
CUST-01624,WhatsApp,2026-02-09
CUST-01624,Analytics,2026-01-05
CUST-01625,AI Voice Agent,2026-01-26
CUST-01625,Analytics,2026-01-19
CUST-01625,Call Routing,2026-01-05
CUST-01626,WhatsApp,2026-02-02
CUST-01626,Analytics,2026-01-12
CUST-01627,Analytics,2026-02-02
CUST-01627,Call Routing,2026-02-09
CUST-01628,WhatsApp,2026-02-02
CUST-01629,AI Voice Agent,2026-01-05
CUST-01629,WhatsApp,2026-02-16
CUST-01629,Call Routing,2026-02-23
CUST-01632,AI Voice Agent,2026-02-23
CUST-01632,WhatsApp,2026-03-02
CUST-01633,Analytics,2026-01-19
CUST-01633,Call Routing,2026-01-05
CUST-01634,WhatsApp,2026-01-05
CUST-01634,AI Assist,2026-01-05
CUST-01636,WhatsApp,2026-02-09
CUST-01637,WhatsApp,2026-01-05
CUST-01637,AI Assist,2026-02-23
CUST-01638,Integrations,2026-03-02
CUST-01639,Call Routing,2026-03-16
CUST-01640,AI Voice Agent,2026-01-12
CUST-01640,WhatsApp,2026-01-12
CUST-01640,Analytics,2026-01-12
CUST-01641,AI Voice Agent,2026-01-26
CUST-01641,WhatsApp,2026-02-02
CUST-01641,Analytics,2026-02-02
CUST-01641,AI Assist,2026-02-09
CUST-01641,Integrations,2026-02-09
CUST-01643,WhatsApp,2026-02-23
CUST-01643,AI Assist,2026-01-26
CUST-01643,Integrations,2026-02-02
CUST-01644,AI Voice Agent,2026-01-26
CUST-01644,Analytics,2026-03-02
CUST-01644,AI Assist,2026-02-23
CUST-01645,AI Voice Agent,2026-02-16
CUST-01645,WhatsApp,2026-02-09
CUST-01646,AI Voice Agent,2026-03-23
CUST-01646,Analytics,2026-03-16
CUST-01647,AI Assist,2026-01-12
CUST-01647,Integrations,2026-03-16
CUST-01648,AI Voice Agent,2026-02-23
CUST-01648,WhatsApp,2026-02-23
CUST-01648,Analytics,2026-03-09
CUST-01648,Call Routing,2026-02-02
CUST-01649,WhatsApp,2026-03-23
CUST-01650,Integrations,2026-02-16
CUST-01651,WhatsApp,2026-02-23
CUST-01651,Analytics,2026-02-23
CUST-01652,Analytics,2026-03-09
CUST-01652,Call Routing,2026-03-09
CUST-01652,Integrations,2026-02-16
CUST-01653,AI Assist,2026-01-05
CUST-01654,WhatsApp,2026-01-26
CUST-01654,AI Assist,2026-01-19
CUST-01655,WhatsApp,2026-02-09
CUST-01657,AI Voice Agent,2026-02-09
CUST-01658,AI Voice Agent,2026-01-05
CUST-01658,WhatsApp,2026-02-02
CUST-01658,Analytics,2026-01-05
CUST-01658,Call Routing,2026-01-05
CUST-01660,WhatsApp,2026-02-16
CUST-01661,WhatsApp,2026-01-05
CUST-01662,AI Assist,2026-02-23
CUST-01663,WhatsApp,2026-01-19
CUST-01663,Analytics,2026-01-12
CUST-01664,AI Voice Agent,2026-01-26
CUST-01664,Analytics,2026-01-26
CUST-01664,Call Routing,2026-01-05
CUST-01665,AI Voice Agent,2026-02-09
CUST-01665,WhatsApp,2026-01-12
CUST-01668,Integrations,2026-01-19
CUST-01669,AI Voice Agent,2026-01-19
CUST-01670,WhatsApp,2026-03-02
CUST-01670,Analytics,2026-03-16
CUST-01670,Integrations,2026-03-02
CUST-01671,AI Voice Agent,2026-01-05
CUST-01671,WhatsApp,2026-03-16
CUST-01671,Call Routing,2026-02-16
CUST-01671,AI Assist,2026-03-09
CUST-01672,WhatsApp,2026-01-05
CUST-01674,AI Assist,2026-01-19
CUST-01675,Analytics,2026-02-16
CUST-01675,Call Routing,2026-03-02
CUST-01676,AI Voice Agent,2026-01-05
CUST-01676,WhatsApp,2026-03-09
CUST-01676,Analytics,2026-01-12
CUST-01676,Integrations,2026-02-16
CUST-01677,WhatsApp,2026-03-02
CUST-01679,AI Voice Agent,2026-03-09
CUST-01679,Analytics,2026-03-23
CUST-01681,Analytics,2026-02-23
CUST-01681,Integrations,2026-03-16
CUST-01682,AI Voice Agent,2026-03-23
CUST-01682,Analytics,2026-02-23
CUST-01682,Call Routing,2026-02-16
CUST-01683,WhatsApp,2026-03-23
CUST-01683,Analytics,2026-03-09
CUST-01683,Call Routing,2026-01-12
CUST-01683,AI Assist,2026-01-19
CUST-01683,Integrations,2026-01-12
CUST-01684,WhatsApp,2026-02-02
CUST-01684,Call Routing,2026-02-23
CUST-01685,Call Routing,2026-01-12
CUST-01686,AI Voice Agent,2026-03-09
CUST-01686,Analytics,2026-03-02
CUST-01687,WhatsApp,2026-01-05
CUST-01688,Call Routing,2026-02-16
CUST-01688,AI Assist,2026-02-02
CUST-01689,AI Voice Agent,2026-01-12
CUST-01689,Analytics,2026-01-19
CUST-01690,Call Routing,2026-03-09
CUST-01691,Analytics,2026-01-12
CUST-01691,AI Assist,2026-02-16
CUST-01692,AI Assist,2026-01-12
CUST-01692,Integrations,2026-01-19
CUST-01693,Analytics,2026-02-09
CUST-01694,AI Voice Agent,2026-02-09
CUST-01694,AI Assist,2026-01-19
CUST-01695,WhatsApp,2026-02-02
CUST-01695,Analytics,2026-02-02
CUST-01696,WhatsApp,2026-03-16
CUST-01696,Call Routing,2026-02-09
CUST-01696,Integrations,2026-02-23
CUST-01697,Analytics,2026-02-23
CUST-01697,AI Assist,2026-03-09
CUST-01698,WhatsApp,2026-03-23
CUST-01698,Analytics,2026-01-26
CUST-01698,Integrations,2026-03-16
CUST-01699,AI Voice Agent,2026-01-12
CUST-01699,WhatsApp,2026-01-26
CUST-01699,Call Routing,2026-02-09
CUST-01699,Integrations,2026-03-23
CUST-01700,Call Routing,2026-01-26
CUST-01700,Integrations,2026-01-19
CUST-01701,Call Routing,2026-01-12
CUST-01702,Call Routing,2026-03-02
CUST-01703,AI Voice Agent,2026-02-02
CUST-01703,AI Assist,2026-03-02
CUST-01704,AI Voice Agent,2026-02-09
CUST-01704,Call Routing,2026-03-09
CUST-01705,AI Voice Agent,2026-01-26
CUST-01705,WhatsApp,2026-02-23
CUST-01705,Analytics,2026-01-12
CUST-01705,Call Routing,2026-02-02
CUST-01705,Integrations,2026-03-16
CUST-01706,Analytics,2026-01-12
CUST-01707,AI Voice Agent,2026-01-19
CUST-01707,Analytics,2026-02-16
CUST-01707,Call Routing,2026-02-02
CUST-01707,AI Assist,2026-02-02
CUST-01708,WhatsApp,2026-02-16
CUST-01708,Analytics,2026-03-02
CUST-01709,Analytics,2026-03-23
CUST-01709,AI Assist,2026-03-02
CUST-01710,AI Voice Agent,2026-03-16
CUST-01710,WhatsApp,2026-03-23
CUST-01710,Call Routing,2026-03-16
CUST-01711,AI Assist,2026-03-09
CUST-01712,WhatsApp,2026-01-12
CUST-01713,AI Voice Agent,2026-01-12
CUST-01713,Call Routing,2026-02-09
CUST-01713,AI Assist,2026-01-19
CUST-01714,WhatsApp,2026-02-02
CUST-01714,Analytics,2026-02-09
CUST-01716,AI Voice Agent,2026-02-09
CUST-01716,WhatsApp,2026-03-02
CUST-01716,Analytics,2026-02-02
CUST-01716,AI Assist,2026-02-02
CUST-01717,AI Voice Agent,2026-01-19
CUST-01717,Analytics,2026-01-12
CUST-01717,Call Routing,2026-02-23
CUST-01717,AI Assist,2026-02-02
CUST-01718,Integrations,2026-03-09
CUST-01719,WhatsApp,2026-02-09
CUST-01719,Analytics,2026-03-09
CUST-01720,AI Voice Agent,2026-01-26
CUST-01720,Call Routing,2026-02-16
CUST-01721,AI Voice Agent,2026-02-09
CUST-01721,WhatsApp,2026-01-19
CUST-01722,Analytics,2026-01-26
CUST-01722,Call Routing,2026-02-16
CUST-01723,Analytics,2026-01-26
CUST-01724,WhatsApp,2026-01-19
CUST-01725,AI Voice Agent,2026-01-05
CUST-01725,Analytics,2026-03-16
CUST-01725,Call Routing,2026-03-09
CUST-01725,AI Assist,2026-03-09
CUST-01726,WhatsApp,2026-03-09
CUST-01727,WhatsApp,2026-01-19
CUST-01727,AI Assist,2026-01-12
CUST-01728,AI Voice Agent,2026-02-02
CUST-01728,Analytics,2026-02-16
CUST-01728,Call Routing,2026-02-09
CUST-01729,WhatsApp,2026-01-05
CUST-01729,Analytics,2026-01-05
CUST-01730,WhatsApp,2026-01-12
CUST-01730,Analytics,2026-02-23
CUST-01731,WhatsApp,2026-01-19
CUST-01731,Analytics,2026-01-05
CUST-01731,Call Routing,2026-01-19
CUST-01731,AI Assist,2026-01-19
CUST-01731,Integrations,2026-01-26
CUST-01733,WhatsApp,2026-03-16
CUST-01733,Analytics,2026-02-09
CUST-01734,WhatsApp,2026-02-16
CUST-01734,Analytics,2026-02-09
CUST-01734,Integrations,2026-02-16
CUST-01735,WhatsApp,2026-02-23
CUST-01736,AI Voice Agent,2026-01-05
CUST-01736,WhatsApp,2026-03-09
CUST-01736,Analytics,2026-01-19
CUST-01736,Call Routing,2026-03-23
CUST-01736,AI Assist,2026-03-09
CUST-01737,Call Routing,2026-02-16
CUST-01738,WhatsApp,2026-01-05
CUST-01739,WhatsApp,2026-01-19
CUST-01739,Analytics,2026-01-19
CUST-01740,WhatsApp,2026-01-12
CUST-01740,Analytics,2026-01-19
CUST-01740,Call Routing,2026-01-05
CUST-01741,WhatsApp,2026-01-05
CUST-01741,Call Routing,2026-03-02
CUST-01742,AI Voice Agent,2026-01-05
CUST-01742,WhatsApp,2026-01-12
CUST-01742,AI Assist,2026-01-12
CUST-01742,Integrations,2026-01-12
CUST-01743,WhatsApp,2026-03-23
CUST-01743,Call Routing,2026-02-23
CUST-01743,AI Assist,2026-03-09
CUST-01744,WhatsApp,2026-01-19
CUST-01744,Analytics,2026-03-23
CUST-01745,Analytics,2026-03-02
CUST-01745,AI Assist,2026-02-23
CUST-01746,Analytics,2026-01-05
CUST-01746,Call Routing,2026-01-26
CUST-01746,AI Assist,2026-01-05
CUST-01747,WhatsApp,2026-01-05
CUST-01747,Call Routing,2026-01-05
CUST-01748,WhatsApp,2026-01-05
CUST-01748,AI Assist,2026-01-05
CUST-01749,AI Voice Agent,2026-01-19
CUST-01749,AI Assist,2026-01-26
CUST-01750,AI Voice Agent,2026-02-16
CUST-01750,WhatsApp,2026-02-02
CUST-01750,Analytics,2026-03-16
CUST-01750,Call Routing,2026-02-16
CUST-01750,AI Assist,2026-02-16
CUST-01751,WhatsApp,2026-02-02
CUST-01751,Analytics,2026-02-16
CUST-01752,Analytics,2026-01-19
CUST-01752,Call Routing,2026-01-05
CUST-01753,AI Voice Agent,2026-03-09
CUST-01753,Call Routing,2026-02-09
CUST-01753,AI Assist,2026-02-23
CUST-01754,WhatsApp,2026-03-02
CUST-01754,Call Routing,2026-03-16
CUST-01755,Call Routing,2026-02-02
CUST-01755,Integrations,2026-01-19
CUST-01757,WhatsApp,2026-01-12
CUST-01757,Integrations,2026-01-19
CUST-01759,AI Voice Agent,2026-01-12
CUST-01759,Analytics,2026-01-19
CUST-01759,AI Assist,2026-03-09
CUST-01760,Analytics,2026-01-26
CUST-01761,AI Voice Agent,2026-03-02
CUST-01761,WhatsApp,2026-02-16
CUST-01761,Analytics,2026-03-23
CUST-01761,AI Assist,2026-02-16
CUST-01762,WhatsApp,2026-02-16
CUST-01762,Analytics,2026-02-23
CUST-01763,Analytics,2026-03-23
CUST-01764,WhatsApp,2026-02-02
CUST-01765,WhatsApp,2026-02-16
CUST-01765,Analytics,2026-02-23
CUST-01766,WhatsApp,2026-03-09
CUST-01767,Call Routing,2026-01-19
CUST-01768,AI Voice Agent,2026-02-09
CUST-01768,AI Assist,2026-01-26
CUST-01770,Integrations,2026-01-26
CUST-01771,AI Voice Agent,2026-01-12
CUST-01771,Analytics,2026-03-09
CUST-01771,AI Assist,2026-02-02
CUST-01772,AI Voice Agent,2026-02-02
CUST-01772,Analytics,2026-02-02
CUST-01772,AI Assist,2026-02-02
CUST-01773,AI Voice Agent,2026-02-16
CUST-01773,Analytics,2026-02-16
CUST-01773,AI Assist,2026-02-23
CUST-01773,Integrations,2026-02-09
CUST-01774,Call Routing,2026-01-19
CUST-01775,WhatsApp,2026-02-23
CUST-01776,Analytics,2026-01-19
CUST-01776,Call Routing,2026-01-12
CUST-01776,AI Assist,2026-01-26
CUST-01777,WhatsApp,2026-03-16
CUST-01778,WhatsApp,2026-01-12
CUST-01778,Analytics,2026-03-23
CUST-01778,AI Assist,2026-01-12
CUST-01779,WhatsApp,2026-02-09
CUST-01779,Analytics,2026-01-19
CUST-01779,Call Routing,2026-02-02
CUST-01779,AI Assist,2026-01-26
CUST-01780,WhatsApp,2026-01-12
CUST-01780,Call Routing,2026-01-12
CUST-01781,AI Assist,2026-03-16
CUST-01782,AI Voice Agent,2026-01-12
CUST-01782,WhatsApp,2026-02-02
CUST-01782,Analytics,2026-02-09
CUST-01783,Analytics,2026-03-02
CUST-01784,Analytics,2026-02-09
CUST-01784,AI Assist,2026-01-26
CUST-01785,WhatsApp,2026-01-05
CUST-01785,Call Routing,2026-02-02
CUST-01785,AI Assist,2026-01-05
CUST-01786,AI Voice Agent,2026-01-19
CUST-01786,WhatsApp,2026-02-16
CUST-01786,Analytics,2026-03-23
CUST-01788,AI Voice Agent,2026-01-05
CUST-01788,WhatsApp,2026-02-02
CUST-01789,AI Voice Agent,2026-02-02
CUST-01789,WhatsApp,2026-02-16
CUST-01789,Analytics,2026-02-09
CUST-01790,WhatsApp,2026-03-16
CUST-01790,AI Assist,2026-03-02
CUST-01791,WhatsApp,2026-03-23
CUST-01792,WhatsApp,2026-02-09
CUST-01794,WhatsApp,2026-02-02
CUST-01795,Analytics,2026-01-12
CUST-01795,Call Routing,2026-01-12
CUST-01796,Analytics,2026-03-09
CUST-01796,Integrations,2026-03-16
CUST-01797,WhatsApp,2026-02-23
CUST-01797,Call Routing,2026-03-02
CUST-01797,Integrations,2026-01-12
CUST-01798,AI Assist,2026-03-23
CUST-01799,AI Voice Agent,2026-03-16
CUST-01799,WhatsApp,2026-03-23
CUST-01800,WhatsApp,2026-02-09
CUST-01800,Call Routing,2026-03-09
CUST-01801,Analytics,2026-03-09
CUST-01801,Call Routing,2026-03-02
CUST-01803,Analytics,2026-01-12
CUST-01804,WhatsApp,2026-01-12
CUST-01804,Analytics,2026-01-12
CUST-01804,Call Routing,2026-01-19
CUST-01805,WhatsApp,2026-02-23
CUST-01805,Analytics,2026-02-02
CUST-01806,AI Voice Agent,2026-01-05
CUST-01806,Call Routing,2026-02-02
CUST-01806,AI Assist,2026-03-16
CUST-01807,WhatsApp,2026-01-19
CUST-01807,Call Routing,2026-01-12
CUST-01807,Integrations,2026-01-19
CUST-01808,Call Routing,2026-01-12
CUST-01809,WhatsApp,2026-03-16
CUST-01810,WhatsApp,2026-03-02
CUST-01811,AI Voice Agent,2026-01-05
CUST-01811,WhatsApp,2026-02-09
CUST-01812,Analytics,2026-01-26
CUST-01812,Call Routing,2026-02-09
CUST-01813,WhatsApp,2026-01-26
CUST-01813,Analytics,2026-01-19
CUST-01813,Integrations,2026-01-26
CUST-01815,Analytics,2026-01-12
CUST-01816,Analytics,2026-02-02
CUST-01817,WhatsApp,2026-03-02
CUST-01817,Analytics,2026-03-23
CUST-01817,AI Assist,2026-03-16
CUST-01818,AI Voice Agent,2026-02-02
CUST-01818,Analytics,2026-02-16
CUST-01818,AI Assist,2026-02-16
CUST-01819,Call Routing,2026-02-23
CUST-01820,Call Routing,2026-02-23
CUST-01821,Analytics,2026-02-16
CUST-01821,Call Routing,2026-03-02
CUST-01822,Analytics,2026-02-16
CUST-01823,Analytics,2026-03-09
CUST-01824,WhatsApp,2026-01-26
CUST-01824,Call Routing,2026-02-02
CUST-01824,AI Assist,2026-02-09
CUST-01825,Call Routing,2026-02-09
CUST-01825,AI Assist,2026-02-23
CUST-01826,WhatsApp,2026-01-12
CUST-01827,WhatsApp,2026-02-02
CUST-01827,Analytics,2026-03-23
CUST-01827,Call Routing,2026-02-02
CUST-01828,WhatsApp,2026-03-16
CUST-01828,Analytics,2026-01-19
CUST-01828,Call Routing,2026-02-09
CUST-01829,AI Voice Agent,2026-01-05
CUST-01829,WhatsApp,2026-01-19
CUST-01830,WhatsApp,2026-03-16
CUST-01831,WhatsApp,2026-02-23
CUST-01832,WhatsApp,2026-01-19
CUST-01832,Analytics,2026-01-19
CUST-01832,AI Assist,2026-02-02
CUST-01833,AI Voice Agent,2026-03-09
CUST-01833,WhatsApp,2026-03-09
CUST-01833,Analytics,2026-03-16
CUST-01834,WhatsApp,2026-01-26
CUST-01834,Call Routing,2026-03-02
CUST-01835,AI Voice Agent,2026-01-12
CUST-01835,WhatsApp,2026-03-02
CUST-01835,Analytics,2026-01-05
CUST-01835,Integrations,2026-02-23
CUST-01836,Analytics,2026-02-23
CUST-01836,Integrations,2026-03-23
CUST-01837,AI Voice Agent,2026-03-09
CUST-01837,WhatsApp,2026-03-23
CUST-01838,AI Voice Agent,2026-01-12
CUST-01838,WhatsApp,2026-01-26
CUST-01839,Analytics,2026-01-05
CUST-01840,Analytics,2026-01-12
CUST-01840,Integrations,2026-01-12
CUST-01841,Analytics,2026-01-12
CUST-01841,Call Routing,2026-01-12
CUST-01842,AI Voice Agent,2026-01-05
CUST-01842,Call Routing,2026-01-26
CUST-01844,Integrations,2026-03-23
CUST-01845,Call Routing,2026-01-12
CUST-01845,AI Assist,2026-01-05
CUST-01846,AI Voice Agent,2026-01-05
CUST-01846,WhatsApp,2026-02-16
CUST-01846,Analytics,2026-02-09
CUST-01847,AI Voice Agent,2026-02-02
CUST-01847,AI Assist,2026-02-02
CUST-01849,Call Routing,2026-02-02
CUST-01849,AI Assist,2026-02-23
CUST-01850,AI Voice Agent,2026-01-12
CUST-01850,WhatsApp,2026-02-02
CUST-01850,AI Assist,2026-01-12
CUST-01852,AI Voice Agent,2026-02-23
CUST-01852,WhatsApp,2026-03-02
CUST-01852,Analytics,2026-01-19
CUST-01853,Analytics,2026-02-23
CUST-01853,AI Assist,2026-03-02
CUST-01855,AI Assist,2026-01-12
CUST-01856,AI Voice Agent,2026-03-09
CUST-01856,AI Assist,2026-02-23
CUST-01859,WhatsApp,2026-02-16
CUST-01859,Analytics,2026-02-23
CUST-01859,Call Routing,2026-03-02
CUST-01859,AI Assist,2026-02-16
CUST-01860,WhatsApp,2026-02-23
CUST-01861,Analytics,2026-01-12
CUST-01861,Call Routing,2026-01-19
CUST-01861,AI Assist,2026-01-26
CUST-01861,Integrations,2026-02-09
CUST-01862,Call Routing,2026-01-05
CUST-01863,Call Routing,2026-03-16
CUST-01863,AI Assist,2026-03-02
CUST-01864,WhatsApp,2026-03-16
CUST-01865,AI Voice Agent,2026-02-09
CUST-01865,AI Assist,2026-02-16
CUST-01866,WhatsApp,2026-03-16
CUST-01866,Integrations,2026-03-23
CUST-01867,WhatsApp,2026-02-09
CUST-01867,Analytics,2026-03-23
CUST-01868,AI Voice Agent,2026-02-09
CUST-01868,WhatsApp,2026-03-09
CUST-01868,AI Assist,2026-03-09
CUST-01869,WhatsApp,2026-03-09
CUST-01869,Analytics,2026-02-23
CUST-01871,WhatsApp,2026-01-12
CUST-01871,Analytics,2026-01-26
CUST-01871,Call Routing,2026-03-09
CUST-01871,AI Assist,2026-01-19
CUST-01872,Analytics,2026-01-26
CUST-01872,Call Routing,2026-01-26
CUST-01873,AI Voice Agent,2026-01-26
CUST-01873,Analytics,2026-02-09
CUST-01873,AI Assist,2026-03-02
CUST-01874,Call Routing,2026-03-09
CUST-01875,AI Voice Agent,2026-02-09
CUST-01875,Call Routing,2026-03-16
CUST-01875,AI Assist,2026-03-02
CUST-01875,Integrations,2026-02-16
CUST-01876,Analytics,2026-02-09
CUST-01876,AI Assist,2026-02-09
CUST-01877,WhatsApp,2026-03-23
CUST-01877,Analytics,2026-03-09
CUST-01877,Call Routing,2026-03-23
CUST-01878,Analytics,2026-03-16
CUST-01878,Integrations,2026-02-23
CUST-01879,Analytics,2026-02-23
CUST-01880,AI Voice Agent,2026-01-05
CUST-01880,WhatsApp,2026-01-05
CUST-01880,Analytics,2026-01-12
CUST-01880,Call Routing,2026-01-19
CUST-01881,AI Voice Agent,2026-03-23
CUST-01881,WhatsApp,2026-03-16
CUST-01881,Analytics,2026-03-09
CUST-01881,Call Routing,2026-03-09
CUST-01882,Analytics,2026-02-02
CUST-01883,AI Voice Agent,2026-01-26
CUST-01883,Analytics,2026-01-26
CUST-01883,Call Routing,2026-02-23
CUST-01885,Analytics,2026-01-12
CUST-01885,AI Assist,2026-01-05
CUST-01886,AI Voice Agent,2026-01-26
CUST-01886,WhatsApp,2026-02-09
CUST-01886,Analytics,2026-02-02
CUST-01886,Integrations,2026-03-02
CUST-01887,Call Routing,2026-03-02
CUST-01887,Integrations,2026-03-16
CUST-01888,WhatsApp,2026-01-19
CUST-01889,AI Voice Agent,2026-01-19
CUST-01889,WhatsApp,2026-02-02
CUST-01889,Analytics,2026-02-23
CUST-01889,Call Routing,2026-03-16
CUST-01890,WhatsApp,2026-02-09
CUST-01891,WhatsApp,2026-01-26
CUST-01891,Analytics,2026-01-26
CUST-01892,AI Voice Agent,2026-02-02
CUST-01892,Analytics,2026-02-09
CUST-01892,Call Routing,2026-01-19
CUST-01894,AI Voice Agent,2026-03-16
CUST-01894,WhatsApp,2026-03-09
CUST-01895,AI Voice Agent,2026-01-19
CUST-01895,WhatsApp,2026-01-26
CUST-01895,Analytics,2026-01-26
CUST-01895,AI Assist,2026-01-12
CUST-01896,Analytics,2026-02-09
CUST-01896,Integrations,2026-01-26
CUST-01898,AI Voice Agent,2026-01-12
CUST-01898,Call Routing,2026-01-05
CUST-01899,WhatsApp,2026-03-09
CUST-01900,Call Routing,2026-02-02
CUST-01901,WhatsApp,2026-02-09
CUST-01901,AI Assist,2026-02-02
CUST-01902,WhatsApp,2026-03-23
CUST-01903,WhatsApp,2026-02-23
CUST-01904,AI Voice Agent,2026-01-19
CUST-01904,WhatsApp,2026-02-23
CUST-01904,AI Assist,2026-03-23
CUST-01904,Integrations,2026-01-12
CUST-01905,AI Assist,2026-01-05
CUST-01905,Integrations,2026-01-12
CUST-01906,Call Routing,2026-03-09
CUST-01906,Integrations,2026-02-09
CUST-01907,AI Voice Agent,2026-02-09
CUST-01907,Call Routing,2026-01-05
CUST-01908,WhatsApp,2026-03-23
CUST-01908,Analytics,2026-03-23
CUST-01908,Integrations,2026-02-23
CUST-01909,WhatsApp,2026-01-12
CUST-01910,AI Voice Agent,2026-03-09
CUST-01910,WhatsApp,2026-03-23
CUST-01910,Analytics,2026-03-16
CUST-01910,AI Assist,2026-03-02
CUST-01911,WhatsApp,2026-03-23
CUST-01911,Analytics,2026-02-23
CUST-01911,Call Routing,2026-03-16
CUST-01912,Analytics,2026-01-12
CUST-01912,Call Routing,2026-02-02
CUST-01912,Integrations,2026-01-26
CUST-01913,AI Voice Agent,2026-01-19
CUST-01913,WhatsApp,2026-01-05
CUST-01914,WhatsApp,2026-03-02
CUST-01914,Analytics,2026-03-09
CUST-01914,AI Assist,2026-01-19
CUST-01915,Call Routing,2026-03-02
CUST-01916,AI Voice Agent,2026-03-02
CUST-01916,Call Routing,2026-03-09
CUST-01918,AI Voice Agent,2026-01-19
CUST-01918,Call Routing,2026-02-02
CUST-01918,Integrations,2026-01-19
CUST-01919,WhatsApp,2026-03-09
CUST-01919,Analytics,2026-02-23
CUST-01919,Call Routing,2026-02-16
CUST-01920,AI Voice Agent,2026-01-19
CUST-01920,Analytics,2026-01-12
CUST-01920,Call Routing,2026-01-26
CUST-01920,Integrations,2026-02-16
CUST-01921,Analytics,2026-01-26
CUST-01921,Integrations,2026-01-12
CUST-01922,Analytics,2026-01-26
CUST-01922,AI Assist,2026-01-26
CUST-01923,Integrations,2026-03-02
CUST-01924,Call Routing,2026-01-05
CUST-01924,Integrations,2026-02-02
CUST-01926,AI Voice Agent,2026-01-26
CUST-01926,Analytics,2026-03-02
CUST-01926,Integrations,2026-03-02
CUST-01927,AI Voice Agent,2026-02-02
CUST-01927,Analytics,2026-01-26
CUST-01929,AI Voice Agent,2026-02-09
CUST-01929,WhatsApp,2026-02-23
CUST-01929,Analytics,2026-03-09
CUST-01929,Call Routing,2026-02-02
CUST-01929,Integrations,2026-02-23
CUST-01931,Integrations,2026-01-26
CUST-01933,AI Voice Agent,2026-02-02
CUST-01933,WhatsApp,2026-03-02
CUST-01933,Integrations,2026-02-23
CUST-01934,AI Assist,2026-01-19
CUST-01936,WhatsApp,2026-02-02
CUST-01936,Analytics,2026-01-26
CUST-01936,AI Assist,2026-01-26
CUST-01937,WhatsApp,2026-01-19
CUST-01937,Analytics,2026-02-02
CUST-01937,Call Routing,2026-01-05
CUST-01937,AI Assist,2026-01-05
CUST-01938,Call Routing,2026-03-02
CUST-01941,Call Routing,2026-02-23
CUST-01942,WhatsApp,2026-02-16
CUST-01943,Call Routing,2026-03-23
CUST-01943,AI Assist,2026-01-05
CUST-01944,AI Voice Agent,2026-01-26
CUST-01944,WhatsApp,2026-03-02
CUST-01944,Call Routing,2026-02-02
CUST-01944,Integrations,2026-01-26
CUST-01945,Analytics,2026-02-23
CUST-01946,WhatsApp,2026-01-12
CUST-01946,Analytics,2026-01-05
CUST-01947,Call Routing,2026-01-26
CUST-01947,AI Assist,2026-01-19
CUST-01948,WhatsApp,2026-01-12
CUST-01948,Call Routing,2026-01-12
CUST-01948,Integrations,2026-01-26
CUST-01949,Call Routing,2026-01-19
CUST-01950,WhatsApp,2026-03-23
CUST-01950,Analytics,2026-03-16
CUST-01950,Call Routing,2026-02-23
CUST-01950,AI Assist,2026-02-16
CUST-01951,Call Routing,2026-01-26
CUST-01952,AI Voice Agent,2026-03-23
CUST-01952,Analytics,2026-03-02
CUST-01952,Call Routing,2026-03-09
CUST-01953,WhatsApp,2026-01-26
CUST-01953,Call Routing,2026-02-16
CUST-01954,AI Voice Agent,2026-01-12
CUST-01954,Analytics,2026-01-05
CUST-01954,Call Routing,2026-02-16
CUST-01954,Integrations,2026-02-16
CUST-01955,Analytics,2026-01-26
CUST-01956,AI Voice Agent,2026-02-16
CUST-01956,WhatsApp,2026-03-09
CUST-01956,Analytics,2026-01-26
CUST-01956,Call Routing,2026-03-23
CUST-01957,AI Voice Agent,2026-02-16
CUST-01957,WhatsApp,2026-03-23
CUST-01957,Call Routing,2026-03-02
CUST-01957,AI Assist,2026-02-09
CUST-01958,WhatsApp,2026-03-09
CUST-01958,Analytics,2026-03-09
CUST-01958,Call Routing,2026-03-23
CUST-01958,AI Assist,2026-03-09
CUST-01959,WhatsApp,2026-02-16
CUST-01960,WhatsApp,2026-02-09
CUST-01960,Analytics,2026-02-16
CUST-01960,Call Routing,2026-02-16
CUST-01960,AI Assist,2026-03-02
CUST-01961,AI Voice Agent,2026-01-19
CUST-01961,AI Assist,2026-01-12
CUST-01962,WhatsApp,2026-02-02
CUST-01963,Analytics,2026-03-16
CUST-01963,AI Assist,2026-02-09
CUST-01964,WhatsApp,2026-03-02
CUST-01964,Integrations,2026-03-09
CUST-01965,Analytics,2026-03-16
CUST-01965,Integrations,2026-01-26
CUST-01966,Analytics,2026-02-02
CUST-01967,WhatsApp,2026-03-16
CUST-01967,Integrations,2026-02-16
CUST-01968,WhatsApp,2026-03-02
CUST-01969,Analytics,2026-01-12
CUST-01969,Call Routing,2026-01-26
CUST-01969,AI Assist,2026-01-19
CUST-01970,WhatsApp,2026-03-02
CUST-01970,Integrations,2026-03-16
CUST-01971,AI Voice Agent,2026-01-12
CUST-01971,Call Routing,2026-03-02
CUST-01971,AI Assist,2026-01-26
CUST-01971,Integrations,2026-02-23
CUST-01972,AI Voice Agent,2026-02-09
CUST-01972,WhatsApp,2026-02-02
CUST-01972,AI Assist,2026-02-23
CUST-01972,Integrations,2026-02-09
CUST-01973,AI Voice Agent,2026-03-16
CUST-01973,WhatsApp,2026-03-23
CUST-01973,Analytics,2026-02-16
CUST-01973,Integrations,2026-02-16
CUST-01974,Integrations,2026-01-19
CUST-01975,Call Routing,2026-02-02
CUST-01978,AI Voice Agent,2026-01-26
CUST-01978,WhatsApp,2026-01-05
CUST-01978,AI Assist,2026-02-02
CUST-01978,Integrations,2026-01-05
CUST-01979,AI Voice Agent,2026-02-09
CUST-01979,Call Routing,2026-01-26
CUST-01980,WhatsApp,2026-03-02
CUST-01981,AI Voice Agent,2026-03-09
CUST-01981,WhatsApp,2026-03-02
CUST-01981,Analytics,2026-03-16
CUST-01983,WhatsApp,2026-01-12
CUST-01984,AI Voice Agent,2026-01-26
CUST-01984,WhatsApp,2026-02-16
CUST-01985,WhatsApp,2026-01-19
CUST-01986,AI Voice Agent,2026-02-23
CUST-01986,WhatsApp,2026-02-09
CUST-01986,Analytics,2026-02-09
CUST-01986,Call Routing,2026-02-09
CUST-01987,WhatsApp,2026-03-23
CUST-01987,AI Assist,2026-02-09
CUST-01988,WhatsApp,2026-01-26
CUST-01988,Analytics,2026-01-12
CUST-01988,AI Assist,2026-01-19
CUST-01989,Call Routing,2026-02-02
CUST-01990,Analytics,2026-03-02
CUST-01990,Call Routing,2026-03-23
CUST-01990,AI Assist,2026-03-09
CUST-01991,Call Routing,2026-01-12
CUST-01991,Integrations,2026-02-02
CUST-01992,Analytics,2026-01-05
CUST-01992,Call Routing,2026-01-12
CUST-01993,WhatsApp,2026-03-02
CUST-01993,Analytics,2026-01-05
CUST-01993,Integrations,2026-03-23
CUST-01994,Analytics,2026-02-02
CUST-01994,Call Routing,2026-02-09
CUST-01995,WhatsApp,2026-02-09
CUST-01996,WhatsApp,2026-03-02
CUST-01996,Analytics,2026-03-02
CUST-01997,WhatsApp,2026-01-12
CUST-01997,Analytics,2026-01-12
CUST-01997,Call Routing,2026-02-02
CUST-01998,AI Voice Agent,2026-01-12
CUST-01998,Analytics,2026-02-09
CUST-01998,Integrations,2026-03-16
CUST-01999,WhatsApp,2026-01-12
CUST-01999,Analytics,2026-01-12
CUST-01999,Integrations,2026-01-19
CUST-02001,Analytics,2026-01-19
CUST-02001,AI Assist,2026-01-19
CUST-02002,AI Voice Agent,2026-01-26
CUST-02002,Analytics,2026-03-16
CUST-02003,WhatsApp,2026-01-26
CUST-02003,Analytics,2026-02-09
CUST-02003,Call Routing,2026-02-02
CUST-02003,AI Assist,2026-01-19
CUST-02004,WhatsApp,2026-02-16
CUST-02004,Analytics,2026-02-02
CUST-02004,AI Assist,2026-01-26
CUST-02005,WhatsApp,2026-03-02
CUST-02005,Analytics,2026-03-02
CUST-02005,Call Routing,2026-03-02
CUST-02006,Analytics,2026-02-02
CUST-02006,Call Routing,2026-03-16
CUST-02008,Analytics,2026-01-26
CUST-02009,AI Voice Agent,2026-03-09
CUST-02009,Analytics,2026-03-23
CUST-02010,Analytics,2026-01-19
CUST-02010,Integrations,2026-01-05
CUST-02011,AI Voice Agent,2026-02-09
CUST-02011,WhatsApp,2026-01-12
CUST-02011,Analytics,2026-03-23
CUST-02011,AI Assist,2026-03-23
CUST-02012,WhatsApp,2026-01-19
CUST-02012,Call Routing,2026-02-16
CUST-02013,WhatsApp,2026-02-09
CUST-02013,Call Routing,2026-03-23
CUST-02013,AI Assist,2026-02-09
CUST-02013,Integrations,2026-02-23
CUST-02014,Analytics,2026-01-26
CUST-02014,AI Assist,2026-01-26
CUST-02014,Integrations,2026-02-16
CUST-02016,WhatsApp,2026-01-19
CUST-02016,Analytics,2026-01-12
CUST-02016,Integrations,2026-03-02
CUST-02017,WhatsApp,2026-02-02
CUST-02017,AI Assist,2026-02-23
CUST-02018,AI Voice Agent,2026-02-02
CUST-02018,Analytics,2026-01-19
CUST-02018,Integrations,2026-01-19
CUST-02019,Analytics,2026-01-26
CUST-02020,Analytics,2026-02-09
CUST-02022,Integrations,2026-01-12
CUST-02024,WhatsApp,2026-01-19
CUST-02024,Integrations,2026-01-19
CUST-02025,AI Assist,2026-01-05
CUST-02028,WhatsApp,2026-03-02
CUST-02028,Integrations,2026-03-02
CUST-02029,AI Voice Agent,2026-02-23
CUST-02029,Analytics,2026-02-23
CUST-02029,AI Assist,2026-02-23
CUST-02030,WhatsApp,2026-02-02
CUST-02030,Analytics,2026-01-19
CUST-02030,Integrations,2026-02-02
CUST-02031,Analytics,2026-01-26
CUST-02031,Call Routing,2026-03-02
CUST-02031,Integrations,2026-01-12
CUST-02032,AI Voice Agent,2026-01-19
CUST-02032,WhatsApp,2026-03-09
CUST-02032,Call Routing,2026-01-12
CUST-02033,AI Voice Agent,2026-01-26
CUST-02034,WhatsApp,2026-02-23
CUST-02034,Analytics,2026-03-09
CUST-02034,Call Routing,2026-02-02
CUST-02035,WhatsApp,2026-01-19
CUST-02035,Call Routing,2026-01-19
CUST-02036,AI Voice Agent,2026-01-12
CUST-02036,Analytics,2026-01-12
CUST-02036,AI Assist,2026-02-02
CUST-02037,AI Voice Agent,2026-01-05
CUST-02037,WhatsApp,2026-01-19
CUST-02037,Call Routing,2026-01-05
CUST-02038,Analytics,2026-01-19
CUST-02038,Call Routing,2026-02-09
CUST-02039,Analytics,2026-01-26
CUST-02040,Call Routing,2026-02-09
CUST-02040,AI Assist,2026-03-23
CUST-02041,WhatsApp,2026-02-23
CUST-02041,Call Routing,2026-02-09
CUST-02041,AI Assist,2026-02-23
CUST-02042,WhatsApp,2026-03-23
CUST-02042,Analytics,2026-03-02
CUST-02042,Call Routing,2026-03-23
CUST-02043,WhatsApp,2026-03-02
CUST-02043,Call Routing,2026-03-23
CUST-02044,AI Voice Agent,2026-02-02
CUST-02044,WhatsApp,2026-01-12
CUST-02044,AI Assist,2026-03-23
CUST-02045,WhatsApp,2026-01-19
CUST-02046,Analytics,2026-01-19
CUST-02046,Call Routing,2026-02-23
CUST-02048,WhatsApp,2026-01-05
CUST-02049,WhatsApp,2026-02-09
CUST-02049,AI Assist,2026-01-26
CUST-02050,AI Voice Agent,2026-01-26
CUST-02050,Analytics,2026-02-02
CUST-02051,AI Voice Agent,2026-02-02
CUST-02051,Analytics,2026-02-02
CUST-02051,AI Assist,2026-02-16
CUST-02052,WhatsApp,2026-02-16
CUST-02052,Call Routing,2026-03-02
CUST-02052,Integrations,2026-02-23
CUST-02053,Call Routing,2026-02-09
CUST-02054,AI Voice Agent,2026-03-09
CUST-02054,WhatsApp,2026-03-02
CUST-02055,WhatsApp,2026-02-23
CUST-02056,WhatsApp,2026-02-09
CUST-02056,Call Routing,2026-02-09
CUST-02056,AI Assist,2026-02-02
CUST-02056,Integrations,2026-02-02
CUST-02057,AI Voice Agent,2026-01-19
CUST-02058,Call Routing,2026-01-05
CUST-02059,WhatsApp,2026-01-12
CUST-02059,Integrations,2026-02-23
CUST-02060,AI Voice Agent,2026-01-12
CUST-02060,WhatsApp,2026-03-16
CUST-02061,Analytics,2026-02-02
CUST-02063,Call Routing,2026-02-23
CUST-02063,AI Assist,2026-03-02
CUST-02064,WhatsApp,2026-02-09
CUST-02064,Analytics,2026-02-09
CUST-02064,AI Assist,2026-03-02
CUST-02065,AI Voice Agent,2026-01-12
CUST-02065,Integrations,2026-01-19
CUST-02066,AI Voice Agent,2026-01-26
CUST-02066,WhatsApp,2026-02-16
CUST-02067,AI Voice Agent,2026-01-26
CUST-02067,Analytics,2026-02-09
CUST-02068,WhatsApp,2026-03-16
CUST-02068,Analytics,2026-02-16
CUST-02068,Call Routing,2026-01-05
CUST-02069,AI Voice Agent,2026-01-26
CUST-02069,WhatsApp,2026-01-19
CUST-02069,Call Routing,2026-01-19
CUST-02069,AI Assist,2026-02-02
CUST-02073,AI Voice Agent,2026-01-19
CUST-02073,Analytics,2026-01-26
CUST-02073,Call Routing,2026-02-23
CUST-02073,Integrations,2026-03-16
CUST-02074,WhatsApp,2026-03-16
CUST-02074,Call Routing,2026-02-09
CUST-02074,AI Assist,2026-02-23
CUST-02075,Analytics,2026-01-05
CUST-02075,AI Assist,2026-01-26
CUST-02076,AI Voice Agent,2026-01-12
CUST-02076,Analytics,2026-01-12
CUST-02078,AI Voice Agent,2026-01-12
CUST-02079,Analytics,2026-01-05
CUST-02079,Call Routing,2026-01-26
CUST-02079,AI Assist,2026-01-19
CUST-02080,WhatsApp,2026-02-23
CUST-02080,Analytics,2026-02-09
CUST-02081,WhatsApp,2026-01-26
CUST-02081,Analytics,2026-02-02
CUST-02081,Call Routing,2026-01-26
CUST-02081,AI Assist,2026-01-26
CUST-02082,AI Voice Agent,2026-01-12
CUST-02082,Analytics,2026-02-09
CUST-02082,AI Assist,2026-02-09
CUST-02083,WhatsApp,2026-03-09
CUST-02084,AI Voice Agent,2026-01-12
CUST-02084,WhatsApp,2026-01-19
CUST-02084,AI Assist,2026-01-12
CUST-02085,WhatsApp,2026-01-19
CUST-02086,Call Routing,2026-01-26
CUST-02087,WhatsApp,2026-01-05
CUST-02089,Call Routing,2026-03-16
CUST-02090,Analytics,2026-01-05
CUST-02091,WhatsApp,2026-03-02
CUST-02091,Integrations,2026-02-02
CUST-02093,Call Routing,2026-01-12
CUST-02094,WhatsApp,2026-03-23
CUST-02094,Analytics,2026-03-23
CUST-02096,AI Voice Agent,2026-03-23
CUST-02096,Analytics,2026-02-23
CUST-02096,AI Assist,2026-02-23
CUST-02097,WhatsApp,2026-02-02
CUST-02097,Analytics,2026-02-09
CUST-02099,Analytics,2026-03-16
CUST-02099,Call Routing,2026-03-23
CUST-02099,Integrations,2026-03-16
CUST-02100,WhatsApp,2026-01-26
CUST-02100,Analytics,2026-02-23
CUST-02100,Call Routing,2026-02-09
CUST-02102,WhatsApp,2026-01-26
CUST-02102,Analytics,2026-02-09
CUST-02103,AI Voice Agent,2026-02-02
CUST-02103,WhatsApp,2026-01-19
CUST-02104,AI Voice Agent,2026-02-09
CUST-02104,WhatsApp,2026-02-16
CUST-02104,AI Assist,2026-03-23
CUST-02105,WhatsApp,2026-01-26
CUST-02105,Analytics,2026-02-02
CUST-02106,AI Voice Agent,2026-01-19
CUST-02106,Analytics,2026-03-16
CUST-02107,AI Voice Agent,2026-02-09
CUST-02107,WhatsApp,2026-01-12
CUST-02107,Analytics,2026-01-26
CUST-02107,Call Routing,2026-01-12
CUST-02107,AI Assist,2026-01-19
CUST-02108,AI Voice Agent,2026-01-12
CUST-02108,WhatsApp,2026-02-23
CUST-02108,Analytics,2026-02-23
CUST-02108,AI Assist,2026-03-09
CUST-02109,WhatsApp,2026-03-02
CUST-02109,Call Routing,2026-02-23
CUST-02109,Integrations,2026-02-16
CUST-02110,Analytics,2026-01-05
CUST-02110,Call Routing,2026-01-05
CUST-02111,WhatsApp,2026-02-16
CUST-02111,Analytics,2026-02-02
CUST-02113,WhatsApp,2026-02-23
CUST-02113,Analytics,2026-01-26
CUST-02113,Call Routing,2026-02-02
CUST-02114,WhatsApp,2026-01-05
CUST-02114,Call Routing,2026-01-05
CUST-02114,Integrations,2026-01-12
CUST-02115,AI Voice Agent,2026-03-09
CUST-02115,WhatsApp,2026-03-02
CUST-02115,AI Assist,2026-03-09
CUST-02115,Integrations,2026-03-02
CUST-02116,Call Routing,2026-02-09
CUST-02117,WhatsApp,2026-03-16
CUST-02117,Analytics,2026-02-16
CUST-02117,Call Routing,2026-03-16
CUST-02118,Analytics,2026-03-02
CUST-02119,WhatsApp,2026-03-09
CUST-02119,Call Routing,2026-02-16
CUST-02120,WhatsApp,2026-02-02
CUST-02121,WhatsApp,2026-01-19
CUST-02121,Analytics,2026-01-19
CUST-02121,Call Routing,2026-01-26
CUST-02122,AI Voice Agent,2026-03-02
CUST-02122,Analytics,2026-03-16
CUST-02122,Integrations,2026-03-02
CUST-02123,AI Voice Agent,2026-01-26
CUST-02123,AI Assist,2026-02-02
CUST-02124,WhatsApp,2026-02-09
CUST-02124,Analytics,2026-02-23
CUST-02124,Call Routing,2026-02-02
CUST-02124,Integrations,2026-02-09
CUST-02126,AI Voice Agent,2026-01-12
CUST-02126,Call Routing,2026-02-23
CUST-02126,Integrations,2026-02-23
CUST-02127,WhatsApp,2026-03-02
CUST-02127,Integrations,2026-03-02
CUST-02128,WhatsApp,2026-01-19
CUST-02128,Analytics,2026-01-05
CUST-02129,Integrations,2026-01-19
CUST-02130,AI Voice Agent,2026-02-02
CUST-02130,WhatsApp,2026-03-09
CUST-02130,Call Routing,2026-01-26
CUST-02130,AI Assist,2026-03-23
CUST-02131,Analytics,2026-02-16
CUST-02132,AI Voice Agent,2026-01-19
CUST-02132,Call Routing,2026-03-23
CUST-02132,AI Assist,2026-02-09
CUST-02133,Call Routing,2026-02-23
CUST-02133,Integrations,2026-03-16
CUST-02134,WhatsApp,2026-02-16
CUST-02135,Analytics,2026-01-26
CUST-02136,WhatsApp,2026-01-19
CUST-02136,Integrations,2026-01-05
CUST-02137,AI Voice Agent,2026-01-05
CUST-02137,WhatsApp,2026-03-23
CUST-02137,Analytics,2026-02-16
CUST-02137,Integrations,2026-02-09
CUST-02138,Analytics,2026-02-16
CUST-02138,Call Routing,2026-03-16
CUST-02140,Analytics,2026-01-19
CUST-02140,AI Assist,2026-01-12
CUST-02141,WhatsApp,2026-03-02
CUST-02141,Analytics,2026-02-23
CUST-02141,AI Assist,2026-02-09
CUST-02141,Integrations,2026-02-09
CUST-02142,WhatsApp,2026-03-23
CUST-02142,Analytics,2026-03-16
CUST-02143,AI Assist,2026-03-02
CUST-02144,AI Voice Agent,2026-01-26
CUST-02144,WhatsApp,2026-01-12
CUST-02144,Call Routing,2026-01-05
CUST-02145,WhatsApp,2026-01-26
CUST-02145,Call Routing,2026-03-16
CUST-02146,AI Voice Agent,2026-01-05
CUST-02146,WhatsApp,2026-02-09
CUST-02146,Call Routing,2026-02-16
CUST-02147,AI Voice Agent,2026-01-12
CUST-02147,WhatsApp,2026-01-26
CUST-02147,Call Routing,2026-01-12
CUST-02148,AI Voice Agent,2026-01-19
CUST-02148,Analytics,2026-02-09
CUST-02148,AI Assist,2026-03-02
CUST-02149,AI Voice Agent,2026-01-26
CUST-02149,Integrations,2026-02-02
CUST-02150,AI Voice Agent,2026-02-23
CUST-02150,WhatsApp,2026-02-23
CUST-02150,Call Routing,2026-02-16
CUST-02151,Analytics,2026-01-12
CUST-02152,WhatsApp,2026-01-26
CUST-02153,AI Voice Agent,2026-03-09
CUST-02153,WhatsApp,2026-03-02
CUST-02153,Call Routing,2026-03-09
CUST-02155,WhatsApp,2026-03-23
CUST-02155,Analytics,2026-01-26
CUST-02155,AI Assist,2026-02-02
CUST-02156,Call Routing,2026-02-23
CUST-02156,Integrations,2026-03-23
CUST-02157,WhatsApp,2026-01-26
CUST-02157,Call Routing,2026-01-26
CUST-02158,Analytics,2026-02-16
CUST-02159,AI Voice Agent,2026-01-12
CUST-02159,Analytics,2026-03-09
CUST-02159,Call Routing,2026-02-23
CUST-02159,AI Assist,2026-03-02
CUST-02161,WhatsApp,2026-03-02
CUST-02161,Integrations,2026-02-23
CUST-02163,Analytics,2026-03-16
CUST-02164,WhatsApp,2026-01-12
CUST-02164,Analytics,2026-01-12
CUST-02164,AI Assist,2026-01-12
CUST-02165,Analytics,2026-03-09
CUST-02166,AI Voice Agent,2026-01-12
CUST-02166,WhatsApp,2026-01-12
CUST-02166,AI Assist,2026-02-16
CUST-02166,Integrations,2026-02-23
CUST-02167,AI Voice Agent,2026-01-05
CUST-02167,Analytics,2026-01-05
CUST-02168,Analytics,2026-02-09
CUST-02168,AI Assist,2026-03-02
CUST-02169,WhatsApp,2026-03-09
CUST-02169,Call Routing,2026-01-26
CUST-02170,AI Voice Agent,2026-01-26
CUST-02170,Call Routing,2026-01-12
CUST-02172,WhatsApp,2026-01-12
CUST-02172,Call Routing,2026-03-09
CUST-02173,AI Voice Agent,2026-03-09
CUST-02173,WhatsApp,2026-03-09
CUST-02173,Integrations,2026-03-23
CUST-02174,AI Assist,2026-02-02
CUST-02175,AI Voice Agent,2026-01-05
CUST-02175,WhatsApp,2026-01-26
CUST-02175,Call Routing,2026-02-02
CUST-02175,Integrations,2026-03-02
CUST-02176,AI Assist,2026-01-12
CUST-02176,Integrations,2026-01-12
CUST-02177,AI Voice Agent,2026-01-05
CUST-02177,WhatsApp,2026-02-16
CUST-02177,Analytics,2026-02-02
CUST-02177,Call Routing,2026-03-23
CUST-02177,AI Assist,2026-01-19
CUST-02178,AI Voice Agent,2026-02-09
CUST-02178,WhatsApp,2026-02-16
CUST-02178,Analytics,2026-02-09
CUST-02179,AI Voice Agent,2026-02-09
CUST-02179,WhatsApp,2026-01-26
CUST-02180,AI Voice Agent,2026-02-02
CUST-02180,WhatsApp,2026-02-02
CUST-02180,AI Assist,2026-02-09
CUST-02181,Analytics,2026-03-23
CUST-02182,WhatsApp,2026-01-12
CUST-02182,Analytics,2026-01-12
CUST-02182,Call Routing,2026-01-19
CUST-02183,AI Voice Agent,2026-02-09
CUST-02183,Integrations,2026-02-23
CUST-02184,Analytics,2026-01-12
CUST-02186,WhatsApp,2026-02-02
CUST-02186,Analytics,2026-02-16
CUST-02186,Call Routing,2026-02-23
CUST-02186,AI Assist,2026-02-23
CUST-02186,Integrations,2026-02-09
CUST-02187,AI Voice Agent,2026-01-19
CUST-02187,AI Assist,2026-01-26
CUST-02188,Call Routing,2026-02-09
CUST-02189,WhatsApp,2026-01-12
CUST-02189,Analytics,2026-01-12
CUST-02190,AI Voice Agent,2026-01-05
CUST-02190,Call Routing,2026-01-05
CUST-02190,Integrations,2026-01-26
CUST-02191,Call Routing,2026-03-16
CUST-02192,Call Routing,2026-02-09
CUST-02193,AI Voice Agent,2026-01-19
CUST-02193,WhatsApp,2026-02-02
CUST-02193,Analytics,2026-01-05
CUST-02195,WhatsApp,2026-01-05
CUST-02196,AI Voice Agent,2026-03-23
CUST-02196,WhatsApp,2026-03-09
CUST-02196,Call Routing,2026-03-23
CUST-02196,AI Assist,2026-03-23
CUST-02197,Call Routing,2026-01-12
CUST-02197,AI Assist,2026-01-05
CUST-02198,WhatsApp,2026-02-16
CUST-02198,Call Routing,2026-02-16
CUST-02198,AI Assist,2026-02-16
CUST-02199,Call Routing,2026-03-02
CUST-02200,AI Voice Agent,2026-03-23
CUST-02201,WhatsApp,2026-01-26
CUST-02201,Call Routing,2026-01-26
CUST-02201,AI Assist,2026-01-26
CUST-02202,WhatsApp,2026-01-05
CUST-02202,AI Assist,2026-01-19
CUST-02203,Analytics,2026-02-02
CUST-02203,Integrations,2026-02-09
CUST-02204,AI Voice Agent,2026-01-05
CUST-02204,WhatsApp,2026-01-26
CUST-02204,Call Routing,2026-01-19
CUST-02204,AI Assist,2026-02-02
CUST-02205,WhatsApp,2026-02-09
CUST-02205,Analytics,2026-03-16
CUST-02206,WhatsApp,2026-01-26
CUST-02206,Call Routing,2026-01-12
CUST-02207,WhatsApp,2026-01-26
CUST-02208,AI Voice Agent,2026-02-02
CUST-02208,WhatsApp,2026-02-23
CUST-02208,Integrations,2026-02-16
CUST-02209,WhatsApp,2026-01-05
CUST-02209,Analytics,2026-01-05
CUST-02210,WhatsApp,2026-02-23
CUST-02210,Call Routing,2026-02-16
CUST-02211,WhatsApp,2026-03-09
CUST-02211,AI Assist,2026-02-23
CUST-02212,Analytics,2026-01-05
CUST-02212,AI Assist,2026-02-23
CUST-02212,Integrations,2026-01-05
CUST-02213,Analytics,2026-03-02
CUST-02213,Call Routing,2026-03-23
CUST-02213,AI Assist,2026-03-09
CUST-02215,AI Voice Agent,2026-01-05
CUST-02215,WhatsApp,2026-01-05
CUST-02215,Analytics,2026-01-05
CUST-02215,AI Assist,2026-01-05
CUST-02216,AI Voice Agent,2026-01-26
CUST-02216,WhatsApp,2026-01-26
CUST-02218,Call Routing,2026-03-23
CUST-02218,Integrations,2026-02-02
CUST-02219,AI Voice Agent,2026-02-23
CUST-02219,WhatsApp,2026-03-09
CUST-02219,Analytics,2026-03-09
CUST-02219,Call Routing,2026-01-19
CUST-02219,AI Assist,2026-03-09
CUST-02220,Analytics,2026-01-19
CUST-02221,Analytics,2026-01-19
CUST-02222,WhatsApp,2026-01-12
CUST-02222,Call Routing,2026-01-12
CUST-02222,AI Assist,2026-01-19
CUST-02223,WhatsApp,2026-02-16
CUST-02223,Analytics,2026-02-09
CUST-02223,Call Routing,2026-03-09
CUST-02225,WhatsApp,2026-01-12
CUST-02226,WhatsApp,2026-01-26
CUST-02227,AI Voice Agent,2026-02-02
CUST-02227,Analytics,2026-01-26
CUST-02227,AI Assist,2026-01-26
CUST-02228,WhatsApp,2026-02-23
CUST-02228,Call Routing,2026-02-23
CUST-02229,WhatsApp,2026-03-23
CUST-02229,Call Routing,2026-01-12
CUST-02229,Integrations,2026-03-09
CUST-02230,WhatsApp,2026-02-16
CUST-02230,Analytics,2026-02-16
CUST-02230,Integrations,2026-03-16
CUST-02231,AI Voice Agent,2026-02-09
CUST-02231,WhatsApp,2026-03-02
CUST-02232,WhatsApp,2026-03-16
CUST-02233,AI Voice Agent,2026-01-05
CUST-02233,WhatsApp,2026-02-16
CUST-02233,Analytics,2026-01-26
CUST-02233,Call Routing,2026-01-12
CUST-02233,Integrations,2026-02-23
CUST-02234,WhatsApp,2026-01-12
CUST-02234,Integrations,2026-01-19
CUST-02235,Call Routing,2026-02-09
CUST-02236,AI Voice Agent,2026-01-19
CUST-02236,Integrations,2026-02-02
CUST-02237,AI Voice Agent,2026-02-09
CUST-02237,AI Assist,2026-01-26
CUST-02238,Call Routing,2026-03-16
CUST-02239,Analytics,2026-03-23
CUST-02240,WhatsApp,2026-01-19
CUST-02240,Analytics,2026-01-19
CUST-02241,WhatsApp,2026-03-09
CUST-02242,Integrations,2026-02-02
CUST-02243,AI Assist,2026-03-02
CUST-02243,Integrations,2026-01-26
CUST-02244,Analytics,2026-02-09
CUST-02245,AI Voice Agent,2026-02-09
CUST-02245,WhatsApp,2026-03-09
CUST-02245,Analytics,2026-03-09
CUST-02245,Call Routing,2026-02-16
CUST-02246,WhatsApp,2026-02-23
CUST-02247,WhatsApp,2026-02-16
CUST-02247,Analytics,2026-03-16
CUST-02248,AI Voice Agent,2026-03-23
CUST-02248,Call Routing,2026-02-23
CUST-02248,Integrations,2026-03-09
CUST-02249,AI Voice Agent,2026-02-09
CUST-02249,WhatsApp,2026-01-26
CUST-02249,Analytics,2026-01-12
CUST-02249,Call Routing,2026-02-23
CUST-02249,AI Assist,2026-03-02
CUST-02251,WhatsApp,2026-02-02
CUST-02251,Analytics,2026-03-16
CUST-02251,AI Assist,2026-02-16
CUST-02252,WhatsApp,2026-01-19
CUST-02252,Analytics,2026-01-12
CUST-02253,WhatsApp,2026-02-23
CUST-02253,Analytics,2026-03-23
CUST-02253,Call Routing,2026-02-23
CUST-02254,AI Voice Agent,2026-01-19
CUST-02254,Analytics,2026-02-02
CUST-02254,Call Routing,2026-02-16
CUST-02256,Analytics,2026-03-09
CUST-02256,Call Routing,2026-02-23
CUST-02256,Integrations,2026-03-09
CUST-02257,WhatsApp,2026-01-12
CUST-02257,Analytics,2026-01-12
CUST-02257,Call Routing,2026-01-12
CUST-02258,AI Voice Agent,2026-02-09
CUST-02258,Analytics,2026-02-02
CUST-02258,Call Routing,2026-02-09
CUST-02258,AI Assist,2026-02-09
CUST-02260,AI Voice Agent,2026-01-12
CUST-02260,WhatsApp,2026-01-12
CUST-02260,Analytics,2026-01-26
CUST-02260,Call Routing,2026-01-12
CUST-02261,AI Voice Agent,2026-01-26
CUST-02261,Analytics,2026-01-19
CUST-02262,Analytics,2026-02-23
CUST-02264,Analytics,2026-03-16
CUST-02264,AI Assist,2026-01-19
CUST-02264,Integrations,2026-03-02
CUST-02266,Call Routing,2026-01-12
CUST-02267,WhatsApp,2026-02-16
CUST-02267,Analytics,2026-03-02
CUST-02267,Call Routing,2026-03-02
CUST-02267,Integrations,2026-02-23
CUST-02268,WhatsApp,2026-02-23
CUST-02268,Call Routing,2026-02-16
CUST-02268,AI Assist,2026-03-09
CUST-02269,Analytics,2026-01-12
CUST-02270,WhatsApp,2026-03-02
CUST-02270,Analytics,2026-03-23
CUST-02271,AI Assist,2026-01-12
CUST-02272,Analytics,2026-01-12
CUST-02273,WhatsApp,2026-02-23
CUST-02273,Call Routing,2026-01-05
CUST-02273,Integrations,2026-02-16
CUST-02275,WhatsApp,2026-02-16
CUST-02275,Analytics,2026-02-09
CUST-02275,Call Routing,2026-02-02
CUST-02275,Integrations,2026-02-09
CUST-02277,AI Voice Agent,2026-02-02
CUST-02277,WhatsApp,2026-02-02
CUST-02277,Call Routing,2026-03-02
CUST-02277,AI Assist,2026-02-16
CUST-02277,Integrations,2026-02-02
CUST-02278,Analytics,2026-03-02
CUST-02278,Integrations,2026-03-09
CUST-02279,AI Voice Agent,2026-01-19
CUST-02279,WhatsApp,2026-02-02
CUST-02279,Analytics,2026-01-05
CUST-02281,WhatsApp,2026-03-09
CUST-02281,Analytics,2026-02-23
CUST-02282,AI Voice Agent,2026-01-12
CUST-02282,WhatsApp,2026-01-05
CUST-02282,Analytics,2026-03-23
CUST-02282,Call Routing,2026-01-19
CUST-02282,AI Assist,2026-02-02
CUST-02282,Integrations,2026-02-09
CUST-02283,AI Voice Agent,2026-02-23
CUST-02283,AI Assist,2026-01-26
CUST-02284,WhatsApp,2026-02-02
CUST-02285,WhatsApp,2026-01-05
CUST-02285,Analytics,2026-01-05
CUST-02285,AI Assist,2026-01-05
CUST-02286,WhatsApp,2026-01-05
CUST-02286,Call Routing,2026-03-09
CUST-02286,Integrations,2026-02-09
CUST-02287,AI Voice Agent,2026-03-23
CUST-02287,Analytics,2026-03-09
CUST-02287,AI Assist,2026-03-02
CUST-02287,Integrations,2026-03-23
CUST-02288,AI Voice Agent,2026-01-19
CUST-02288,Analytics,2026-03-16
CUST-02289,WhatsApp,2026-03-23
CUST-02289,Analytics,2026-02-02
CUST-02289,Call Routing,2026-03-02
CUST-02290,Analytics,2026-03-23
CUST-02291,Analytics,2026-01-05
CUST-02291,AI Assist,2026-01-05
CUST-02292,Call Routing,2026-03-02
CUST-02293,AI Assist,2026-01-19
CUST-02294,AI Voice Agent,2026-03-09
CUST-02294,WhatsApp,2026-02-23
CUST-02295,Analytics,2026-03-09
CUST-02295,Integrations,2026-03-02
CUST-02296,WhatsApp,2026-01-12
CUST-02300,Analytics,2026-03-09
CUST-02300,AI Assist,2026-01-05
CUST-02301,Integrations,2026-01-12
CUST-02302,AI Voice Agent,2026-01-05
CUST-02303,Analytics,2026-03-23
CUST-02304,WhatsApp,2026-01-05
CUST-02304,Call Routing,2026-01-12
CUST-02304,Integrations,2026-01-05
CUST-02305,Call Routing,2026-02-02
CUST-02306,WhatsApp,2026-03-16
CUST-02306,Analytics,2026-03-23
CUST-02307,WhatsApp,2026-01-12
CUST-02307,AI Assist,2026-01-12
CUST-02307,Integrations,2026-01-12
CUST-02308,WhatsApp,2026-02-09
CUST-02308,Analytics,2026-01-26
CUST-02308,Call Routing,2026-03-16
CUST-02308,Integrations,2026-03-02
CUST-02309,Analytics,2026-03-02
CUST-02309,Call Routing,2026-02-16
CUST-02309,AI Assist,2026-01-19
CUST-02309,Integrations,2026-02-16
CUST-02310,AI Voice Agent,2026-01-05
CUST-02310,AI Assist,2026-03-09
CUST-02311,WhatsApp,2026-02-09
CUST-02311,Analytics,2026-01-19
CUST-02311,Integrations,2026-01-19
CUST-02312,AI Voice Agent,2026-01-19
CUST-02313,AI Voice Agent,2026-02-02
CUST-02313,WhatsApp,2026-02-23
CUST-02313,AI Assist,2026-03-16
CUST-02314,AI Voice Agent,2026-01-05
CUST-02314,Analytics,2026-03-16
CUST-02315,WhatsApp,2026-01-26
CUST-02315,Call Routing,2026-02-02
CUST-02315,AI Assist,2026-03-02
CUST-02316,WhatsApp,2026-01-19
CUST-02317,Analytics,2026-03-09
CUST-02317,Call Routing,2026-03-23
CUST-02318,Call Routing,2026-03-02
CUST-02319,WhatsApp,2026-02-16
CUST-02319,Analytics,2026-03-16
CUST-02320,WhatsApp,2026-02-23
CUST-02320,Analytics,2026-02-16
CUST-02320,Integrations,2026-02-16
CUST-02321,Analytics,2026-01-12
CUST-02322,WhatsApp,2026-01-19
CUST-02322,Analytics,2026-03-09
CUST-02324,AI Voice Agent,2026-01-05
CUST-02324,Analytics,2026-01-12
CUST-02325,Analytics,2026-01-19
CUST-02325,Integrations,2026-01-26
CUST-02326,WhatsApp,2026-02-23
CUST-02326,Analytics,2026-01-26
CUST-02327,WhatsApp,2026-02-23
CUST-02327,Call Routing,2026-02-02
CUST-02327,Integrations,2026-03-23
CUST-02328,Analytics,2026-02-23
CUST-02328,Call Routing,2026-01-19
CUST-02328,AI Assist,2026-02-02
CUST-02329,WhatsApp,2026-01-12
CUST-02330,WhatsApp,2026-02-23
CUST-02330,Analytics,2026-01-05
CUST-02331,WhatsApp,2026-01-19
CUST-02332,WhatsApp,2026-02-23
CUST-02332,Call Routing,2026-02-09
CUST-02332,AI Assist,2026-01-12
CUST-02332,Integrations,2026-01-26
CUST-02333,Analytics,2026-01-26
CUST-02334,AI Assist,2026-01-12
CUST-02335,Analytics,2026-03-02
CUST-02336,Call Routing,2026-03-16
CUST-02336,AI Assist,2026-02-23
CUST-02337,Analytics,2026-02-09
CUST-02337,Call Routing,2026-01-12
CUST-02338,Analytics,2026-02-09
CUST-02338,Call Routing,2026-02-02
CUST-02339,AI Assist,2026-01-12
CUST-02340,AI Assist,2026-01-26
CUST-02341,AI Voice Agent,2026-01-05
CUST-02341,AI Assist,2026-01-05
CUST-02342,WhatsApp,2026-01-05
CUST-02342,Analytics,2026-01-05
CUST-02342,Call Routing,2026-01-26
CUST-02343,Call Routing,2026-01-26
CUST-02344,WhatsApp,2026-02-16
CUST-02345,Analytics,2026-01-12
CUST-02346,AI Voice Agent,2026-01-12
CUST-02346,Analytics,2026-02-02
CUST-02346,Call Routing,2026-01-19
CUST-02347,WhatsApp,2026-01-05
CUST-02347,Call Routing,2026-03-02
CUST-02348,AI Voice Agent,2026-01-12
CUST-02348,WhatsApp,2026-01-19
CUST-02348,Analytics,2026-01-19
CUST-02349,Analytics,2026-03-23
CUST-02349,Call Routing,2026-02-02
CUST-02350,Call Routing,2026-02-16
CUST-02351,Analytics,2026-03-09
CUST-02351,Call Routing,2026-03-09
CUST-02351,Integrations,2026-02-16
CUST-02353,WhatsApp,2026-01-26
CUST-02353,Analytics,2026-01-19
CUST-02354,AI Voice Agent,2026-01-12
CUST-02354,Analytics,2026-02-02
CUST-02355,WhatsApp,2026-01-26
CUST-02356,WhatsApp,2026-01-26
CUST-02356,Analytics,2026-01-19
CUST-02357,Analytics,2026-02-09
CUST-02357,AI Assist,2026-01-26
CUST-02358,WhatsApp,2026-02-09
CUST-02358,Call Routing,2026-02-09
CUST-02358,AI Assist,2026-02-02
CUST-02359,AI Voice Agent,2026-02-02
CUST-02359,WhatsApp,2026-02-09
CUST-02359,Analytics,2026-02-09
CUST-02359,AI Assist,2026-02-09
CUST-02360,WhatsApp,2026-01-19
CUST-02360,Analytics,2026-01-05
CUST-02360,Call Routing,2026-01-19
CUST-02361,WhatsApp,2026-02-23
CUST-02362,Analytics,2026-03-09
CUST-02362,Call Routing,2026-03-02
CUST-02362,AI Assist,2026-02-02
CUST-02363,Call Routing,2026-02-23
CUST-02364,AI Voice Agent,2026-03-16
CUST-02364,Analytics,2026-03-16
CUST-02364,AI Assist,2026-03-16
CUST-02365,WhatsApp,2026-02-09
CUST-02365,AI Assist,2026-02-09
CUST-02366,AI Voice Agent,2026-03-02
CUST-02366,WhatsApp,2026-03-23
CUST-02366,Analytics,2026-03-16
CUST-02366,Integrations,2026-03-09
CUST-02367,WhatsApp,2026-03-23
CUST-02367,Analytics,2026-03-02
CUST-02367,Integrations,2026-03-02
CUST-02368,WhatsApp,2026-03-23
CUST-02368,Call Routing,2026-03-16
CUST-02368,AI Assist,2026-02-16
CUST-02368,Integrations,2026-03-16
CUST-02370,AI Assist,2026-02-16
CUST-02371,WhatsApp,2026-01-05
CUST-02371,Analytics,2026-01-05
CUST-02371,Call Routing,2026-01-05
CUST-02371,AI Assist,2026-01-05
CUST-02372,WhatsApp,2026-01-19
CUST-02372,Analytics,2026-01-05
CUST-02372,Call Routing,2026-01-19
CUST-02373,WhatsApp,2026-01-05
CUST-02373,Analytics,2026-01-05
CUST-02374,WhatsApp,2026-01-19
CUST-02374,AI Assist,2026-01-12
CUST-02376,AI Voice Agent,2026-01-12
CUST-02376,WhatsApp,2026-03-16
CUST-02378,WhatsApp,2026-01-12
CUST-02378,Analytics,2026-01-12
CUST-02378,Integrations,2026-01-12
CUST-02379,Analytics,2026-02-09
CUST-02379,Integrations,2026-03-09
CUST-02380,AI Voice Agent,2026-02-09
CUST-02380,AI Assist,2026-02-16
CUST-02381,WhatsApp,2026-02-16
CUST-02381,Analytics,2026-02-16
CUST-02382,Analytics,2026-03-23
CUST-02383,WhatsApp,2026-02-09
CUST-02384,Analytics,2026-01-19
CUST-02385,WhatsApp,2026-01-12
CUST-02386,AI Voice Agent,2026-02-09
CUST-02386,Analytics,2026-03-02
CUST-02386,Integrations,2026-02-02
CUST-02387,AI Voice Agent,2026-02-09
CUST-02387,WhatsApp,2026-02-16
CUST-02388,AI Voice Agent,2026-03-02
CUST-02388,Call Routing,2026-02-23
CUST-02389,AI Voice Agent,2026-03-09
CUST-02390,WhatsApp,2026-01-12
CUST-02391,AI Voice Agent,2026-02-09
CUST-02391,WhatsApp,2026-02-09
CUST-02391,Analytics,2026-03-23
CUST-02391,Call Routing,2026-03-16
CUST-02391,AI Assist,2026-01-19
CUST-02392,AI Voice Agent,2026-02-23
CUST-02393,WhatsApp,2026-02-16
CUST-02393,Analytics,2026-01-19
CUST-02393,Call Routing,2026-03-02
CUST-02394,AI Voice Agent,2026-03-02
CUST-02394,WhatsApp,2026-03-09
CUST-02394,AI Assist,2026-03-02
CUST-02395,AI Voice Agent,2026-01-26
CUST-02395,AI Assist,2026-02-02
CUST-02397,Analytics,2026-03-16
CUST-02398,AI Voice Agent,2026-02-02
CUST-02399,WhatsApp,2026-03-09
CUST-02399,Analytics,2026-03-09
CUST-02399,Call Routing,2026-03-02
CUST-02400,WhatsApp,2026-01-26
CUST-02400,Analytics,2026-03-02
CUST-02401,WhatsApp,2026-01-05
CUST-02402,WhatsApp,2026-03-09
CUST-02402,Call Routing,2026-03-02
CUST-02403,Analytics,2026-01-12
CUST-02403,Integrations,2026-03-16
CUST-02404,Call Routing,2026-03-02
CUST-02405,WhatsApp,2026-02-09
CUST-02405,AI Assist,2026-01-19
CUST-02406,WhatsApp,2026-01-19
CUST-02407,AI Voice Agent,2026-01-26
CUST-02407,WhatsApp,2026-01-26
CUST-02407,AI Assist,2026-02-02
CUST-02408,Analytics,2026-01-12
CUST-02409,AI Voice Agent,2026-02-02
CUST-02409,WhatsApp,2026-01-12
CUST-02409,AI Assist,2026-01-05
CUST-02410,WhatsApp,2026-02-02
CUST-02410,Call Routing,2026-02-16
CUST-02411,WhatsApp,2026-03-09
CUST-02411,Analytics,2026-03-02
CUST-02411,Call Routing,2026-03-09
CUST-02412,AI Voice Agent,2026-02-02
CUST-02412,Analytics,2026-01-26
CUST-02413,AI Voice Agent,2026-01-05
CUST-02413,Integrations,2026-01-05
CUST-02414,AI Voice Agent,2026-02-09
CUST-02414,WhatsApp,2026-02-16
CUST-02414,Analytics,2026-02-09
CUST-02414,Call Routing,2026-01-26
CUST-02415,AI Voice Agent,2026-02-09
CUST-02415,Analytics,2026-02-23
CUST-02416,AI Assist,2026-02-09
CUST-02417,Analytics,2026-02-23
CUST-02417,Call Routing,2026-03-09
CUST-02417,AI Assist,2026-03-02
CUST-02418,AI Voice Agent,2026-02-16
CUST-02418,AI Assist,2026-02-16
CUST-02420,AI Assist,2026-01-26
CUST-02421,WhatsApp,2026-01-19
CUST-02421,Analytics,2026-03-23
CUST-02421,Call Routing,2026-02-09
CUST-02421,Integrations,2026-01-19
CUST-02422,AI Voice Agent,2026-02-16
CUST-02422,Integrations,2026-02-16
CUST-02423,Call Routing,2026-02-02
CUST-02424,WhatsApp,2026-02-23
CUST-02424,Analytics,2026-02-23
CUST-02424,Call Routing,2026-02-02
CUST-02424,Integrations,2026-02-23
CUST-02425,WhatsApp,2026-01-26
CUST-02426,WhatsApp,2026-03-16
CUST-02427,WhatsApp,2026-03-23
CUST-02429,AI Voice Agent,2026-01-26
CUST-02429,WhatsApp,2026-03-23
CUST-02429,Call Routing,2026-02-02
CUST-02430,WhatsApp,2026-01-12
CUST-02431,AI Voice Agent,2026-02-23
CUST-02431,Analytics,2026-03-23
CUST-02431,Call Routing,2026-02-23
CUST-02431,AI Assist,2026-03-02
CUST-02432,WhatsApp,2026-03-16
CUST-02433,WhatsApp,2026-02-23
CUST-02434,AI Voice Agent,2026-01-26
CUST-02434,WhatsApp,2026-03-23
CUST-02434,Analytics,2026-01-12
CUST-02434,Call Routing,2026-01-05
CUST-02434,Integrations,2026-02-09
CUST-02435,WhatsApp,2026-02-02
CUST-02435,Analytics,2026-01-26
CUST-02435,Call Routing,2026-01-12
CUST-02435,AI Assist,2026-01-05
CUST-02436,WhatsApp,2026-01-26
CUST-02437,Analytics,2026-02-09
CUST-02437,Call Routing,2026-03-16
CUST-02438,WhatsApp,2026-01-26
CUST-02439,WhatsApp,2026-01-19
CUST-02440,AI Voice Agent,2026-01-12
CUST-02441,Analytics,2026-01-19
CUST-02441,Integrations,2026-02-02
CUST-02442,Integrations,2026-03-16
CUST-02443,Call Routing,2026-03-09
CUST-02444,WhatsApp,2026-03-02
CUST-02444,Analytics,2026-03-23
CUST-02447,WhatsApp,2026-02-02
CUST-02447,Analytics,2026-01-26
CUST-02448,Call Routing,2026-02-02
CUST-02450,AI Voice Agent,2026-02-09
CUST-02450,WhatsApp,2026-02-02
CUST-02450,Integrations,2026-02-09
CUST-02452,AI Voice Agent,2026-01-19
CUST-02452,WhatsApp,2026-02-09
CUST-02452,Call Routing,2026-01-26
CUST-02453,WhatsApp,2026-02-23
CUST-02453,Integrations,2026-02-02
CUST-02455,Analytics,2026-02-02
CUST-02455,Integrations,2026-03-23
CUST-02456,WhatsApp,2026-01-19
CUST-02456,Analytics,2026-02-02
CUST-02456,Call Routing,2026-02-09
CUST-02456,Integrations,2026-02-09
CUST-02457,WhatsApp,2026-03-09
CUST-02457,Integrations,2026-02-23
CUST-02458,WhatsApp,2026-01-19
CUST-02458,Analytics,2026-01-05
CUST-02458,AI Assist,2026-01-05
CUST-02459,WhatsApp,2026-03-16
CUST-02459,Analytics,2026-01-12
CUST-02460,Analytics,2026-01-19
CUST-02461,AI Voice Agent,2026-01-05
CUST-02461,WhatsApp,2026-01-19
CUST-02461,Call Routing,2026-02-23
CUST-02462,WhatsApp,2026-01-26
CUST-02463,AI Voice Agent,2026-01-12
CUST-02463,WhatsApp,2026-01-12
CUST-02464,AI Voice Agent,2026-03-09
CUST-02464,Analytics,2026-03-23
CUST-02465,AI Voice Agent,2026-03-09
CUST-02465,AI Assist,2026-03-23
CUST-02466,WhatsApp,2026-02-02
CUST-02466,Call Routing,2026-01-12
CUST-02466,AI Assist,2026-01-26
CUST-02467,Integrations,2026-03-23
CUST-02469,WhatsApp,2026-02-02
CUST-02469,Analytics,2026-01-19
CUST-02470,AI Voice Agent,2026-01-26
CUST-02470,WhatsApp,2026-03-16
CUST-02470,Analytics,2026-02-09
CUST-02470,Call Routing,2026-01-19
CUST-02470,AI Assist,2026-01-26
CUST-02470,Integrations,2026-03-16
CUST-02471,WhatsApp,2026-02-16
CUST-02471,AI Assist,2026-03-02
CUST-02472,WhatsApp,2026-02-02
CUST-02472,Analytics,2026-02-16
CUST-02472,Call Routing,2026-01-19
CUST-02472,Integrations,2026-02-09
CUST-02473,WhatsApp,2026-01-12
CUST-02473,Call Routing,2026-01-05
CUST-02473,AI Assist,2026-01-12
CUST-02474,Integrations,2026-03-23
CUST-02477,Call Routing,2026-02-23
CUST-02477,AI Assist,2026-02-02
CUST-02478,WhatsApp,2026-03-02
CUST-02478,Call Routing,2026-02-09
CUST-02478,AI Assist,2026-02-23
CUST-02479,AI Voice Agent,2026-01-05
CUST-02479,WhatsApp,2026-01-05
CUST-02479,Analytics,2026-03-02
CUST-02480,Analytics,2026-01-12
CUST-02480,Call Routing,2026-01-19
CUST-02481,WhatsApp,2026-02-09
CUST-02483,AI Voice Agent,2026-02-02
CUST-02483,Analytics,2026-03-16
CUST-02484,WhatsApp,2026-03-16
CUST-02484,Analytics,2026-02-16
CUST-02484,Call Routing,2026-03-09
CUST-02485,Analytics,2026-01-26
CUST-02485,Integrations,2026-03-23
CUST-02486,AI Voice Agent,2026-01-26
CUST-02486,WhatsApp,2026-03-09
CUST-02486,AI Assist,2026-03-02
CUST-02487,WhatsApp,2026-03-16
CUST-02487,Analytics,2026-03-02
CUST-02487,AI Assist,2026-01-26
CUST-02488,WhatsApp,2026-02-09
CUST-02488,Call Routing,2026-02-02
CUST-02490,Analytics,2026-02-16
CUST-02490,Call Routing,2026-01-05
CUST-02491,WhatsApp,2026-02-16
CUST-02492,WhatsApp,2026-02-02
CUST-02492,Call Routing,2026-02-02
CUST-02493,AI Voice Agent,2026-01-26
CUST-02493,WhatsApp,2026-02-16
CUST-02493,Integrations,2026-02-09
CUST-02495,Analytics,2026-02-02
CUST-02496,WhatsApp,2026-02-16
CUST-02496,AI Assist,2026-02-16
CUST-02497,AI Voice Agent,2026-02-16
CUST-02497,WhatsApp,2026-03-09
CUST-02497,Analytics,2026-02-23
CUST-02497,AI Assist,2026-02-02
CUST-02498,AI Voice Agent,2026-01-05
CUST-02499,AI Voice Agent,2026-01-05
CUST-02499,WhatsApp,2026-03-09
CUST-02499,Call Routing,2026-02-23
CUST-02500,AI Voice Agent,2026-01-12
CUST-02501,Analytics,2026-03-09
CUST-02501,Integrations,2026-03-02
CUST-02502,AI Voice Agent,2026-02-16
CUST-02502,Analytics,2026-01-19
CUST-02503,WhatsApp,2026-02-23
CUST-02503,Integrations,2026-03-02
CUST-02504,AI Voice Agent,2026-02-02
CUST-02504,WhatsApp,2026-03-16
CUST-02504,Analytics,2026-03-16
CUST-02504,Call Routing,2026-03-02
CUST-02504,AI Assist,2026-03-02
CUST-02505,Analytics,2026-02-23
CUST-02505,Call Routing,2026-02-23
CUST-02506,AI Voice Agent,2026-03-23
CUST-02506,Call Routing,2026-03-09
CUST-02506,AI Assist,2026-03-23
CUST-02506,Integrations,2026-03-09
CUST-02507,WhatsApp,2026-03-16
CUST-02507,Integrations,2026-02-09
CUST-02508,WhatsApp,2026-02-23
CUST-02509,WhatsApp,2026-01-05
CUST-02509,Integrations,2026-01-05
CUST-02510,WhatsApp,2026-01-12
CUST-02510,Call Routing,2026-03-23
CUST-02511,WhatsApp,2026-01-19
CUST-02511,Analytics,2026-01-19
CUST-02511,Call Routing,2026-01-12
CUST-02511,AI Assist,2026-01-19
CUST-02512,AI Voice Agent,2026-01-12
CUST-02513,AI Voice Agent,2026-01-19
CUST-02513,WhatsApp,2026-01-12
CUST-02513,Integrations,2026-01-12
CUST-02515,Analytics,2026-02-16
CUST-02515,Call Routing,2026-03-09
CUST-02515,AI Assist,2026-03-16
CUST-02516,WhatsApp,2026-03-16
CUST-02517,WhatsApp,2026-03-02
CUST-02517,Analytics,2026-03-09
CUST-02517,AI Assist,2026-02-23
CUST-02518,AI Voice Agent,2026-01-26
CUST-02518,Analytics,2026-01-12
CUST-02519,AI Assist,2026-02-09
CUST-02520,AI Voice Agent,2026-03-16
CUST-02520,Analytics,2026-02-16
CUST-02520,AI Assist,2026-02-09
CUST-02521,WhatsApp,2026-02-16
CUST-02521,Call Routing,2026-01-26
CUST-02522,AI Voice Agent,2026-01-26
CUST-02522,WhatsApp,2026-03-02
CUST-02522,Call Routing,2026-01-26
CUST-02522,Integrations,2026-02-09
CUST-02523,WhatsApp,2026-01-05
CUST-02523,Analytics,2026-01-05
CUST-02523,AI Assist,2026-01-05
CUST-02524,WhatsApp,2026-01-26
CUST-02525,WhatsApp,2026-02-23
CUST-02525,Call Routing,2026-02-16
CUST-02526,WhatsApp,2026-02-16
CUST-02526,Analytics,2026-01-26
CUST-02526,AI Assist,2026-02-02
CUST-02527,AI Assist,2026-03-09
CUST-02528,AI Voice Agent,2026-02-09
CUST-02528,AI Assist,2026-02-16
CUST-02529,AI Voice Agent,2026-03-23
CUST-02529,WhatsApp,2026-03-16
CUST-02529,Analytics,2026-03-09
CUST-02529,Call Routing,2026-03-23
CUST-02529,AI Assist,2026-03-23
CUST-02530,WhatsApp,2026-03-02
CUST-02530,Call Routing,2026-02-02
CUST-02531,WhatsApp,2026-03-09
CUST-02531,Call Routing,2026-02-09
CUST-02532,Analytics,2026-03-16
CUST-02532,Integrations,2026-03-02
CUST-02533,Call Routing,2026-03-09
CUST-02534,Analytics,2026-01-19
CUST-02535,AI Voice Agent,2026-01-05
CUST-02535,WhatsApp,2026-02-23
CUST-02535,Analytics,2026-03-02
CUST-02535,AI Assist,2026-02-23
CUST-02536,WhatsApp,2026-02-02
CUST-02536,Call Routing,2026-03-02
CUST-02537,Analytics,2026-03-09
CUST-02538,WhatsApp,2026-03-23
CUST-02538,Analytics,2026-01-12
CUST-02538,Call Routing,2026-02-16
CUST-02539,WhatsApp,2026-03-09
CUST-02539,AI Assist,2026-03-16
CUST-02540,AI Voice Agent,2026-01-26
CUST-02540,WhatsApp,2026-01-19
CUST-02540,Analytics,2026-02-23
CUST-02540,Call Routing,2026-03-09
CUST-02540,AI Assist,2026-03-09
CUST-02540,Integrations,2026-01-19
CUST-02541,WhatsApp,2026-03-16
CUST-02542,AI Assist,2026-01-12
CUST-02542,Integrations,2026-02-09
CUST-02543,Analytics,2026-03-23
CUST-02544,Analytics,2026-02-09
CUST-02545,Call Routing,2026-01-26
CUST-02547,WhatsApp,2026-03-16
CUST-02547,Analytics,2026-02-02
CUST-02548,WhatsApp,2026-01-12
CUST-02548,Call Routing,2026-02-16
CUST-02549,AI Voice Agent,2026-01-19
CUST-02549,WhatsApp,2026-01-12
CUST-02550,AI Voice Agent,2026-01-26
CUST-02551,Call Routing,2026-02-16
CUST-02552,WhatsApp,2026-01-19
CUST-02553,WhatsApp,2026-03-02
CUST-02553,Analytics,2026-03-16
CUST-02553,Call Routing,2026-03-09
CUST-02554,WhatsApp,2026-02-16
CUST-02554,Analytics,2026-02-02
CUST-02554,Call Routing,2026-01-19
CUST-02555,Analytics,2026-01-12
CUST-02555,Integrations,2026-01-26
CUST-02556,WhatsApp,2026-01-12
CUST-02557,AI Assist,2026-02-02
CUST-02557,Integrations,2026-01-19
CUST-02558,WhatsApp,2026-03-23
CUST-02559,WhatsApp,2026-01-12
CUST-02559,Analytics,2026-01-19
CUST-02559,Call Routing,2026-01-05
CUST-02560,AI Voice Agent,2026-01-26
CUST-02560,WhatsApp,2026-01-19
CUST-02561,AI Voice Agent,2026-01-05
CUST-02561,Call Routing,2026-02-16
CUST-02561,AI Assist,2026-01-12
CUST-02562,AI Voice Agent,2026-02-02
CUST-02562,Analytics,2026-03-02
CUST-02562,Call Routing,2026-02-16
CUST-02562,AI Assist,2026-03-23
CUST-02563,WhatsApp,2026-01-12
CUST-02564,Analytics,2026-02-02
CUST-02564,Call Routing,2026-01-05
CUST-02564,Integrations,2026-01-12
CUST-02565,AI Voice Agent,2026-01-05
CUST-02565,AI Assist,2026-02-16
CUST-02565,Integrations,2026-01-05
CUST-02566,AI Voice Agent,2026-01-12
CUST-02566,Call Routing,2026-02-09
CUST-02567,WhatsApp,2026-03-16
CUST-02568,WhatsApp,2026-01-05
CUST-02568,Call Routing,2026-01-19
CUST-02569,Integrations,2026-01-19
CUST-02570,Call Routing,2026-02-02
CUST-02570,Integrations,2026-02-02
CUST-02571,Call Routing,2026-01-19
CUST-02572,AI Voice Agent,2026-01-26
CUST-02572,AI Assist,2026-01-26
CUST-02573,AI Voice Agent,2026-01-12
CUST-02573,WhatsApp,2026-03-23
CUST-02573,AI Assist,2026-02-16
CUST-02574,Call Routing,2026-01-05
CUST-02574,Integrations,2026-01-05
CUST-02575,AI Voice Agent,2026-02-23
CUST-02575,WhatsApp,2026-03-23
CUST-02575,Call Routing,2026-03-09
CUST-02576,WhatsApp,2026-01-12
CUST-02576,AI Assist,2026-02-02
CUST-02577,AI Assist,2026-03-23
CUST-02578,AI Voice Agent,2026-02-23
CUST-02578,WhatsApp,2026-03-23
CUST-02578,Analytics,2026-03-23
CUST-02578,Call Routing,2026-02-23
CUST-02579,AI Voice Agent,2026-01-19
CUST-02579,WhatsApp,2026-01-05
CUST-02579,Analytics,2026-03-16
CUST-02579,Integrations,2026-03-02
CUST-02580,WhatsApp,2026-03-09
CUST-02581,AI Voice Agent,2026-03-09
CUST-02581,Analytics,2026-03-02
CUST-02582,Analytics,2026-02-23
CUST-02583,WhatsApp,2026-03-02
CUST-02583,Call Routing,2026-02-23
CUST-02584,AI Assist,2026-01-05
CUST-02585,AI Voice Agent,2026-03-09
CUST-02585,WhatsApp,2026-03-16
CUST-02585,Analytics,2026-03-16
CUST-02586,WhatsApp,2026-03-02
CUST-02587,WhatsApp,2026-01-19
CUST-02587,Analytics,2026-01-19
CUST-02588,AI Voice Agent,2026-01-26
CUST-02588,AI Assist,2026-02-23
CUST-02589,AI Voice Agent,2026-02-16
CUST-02589,WhatsApp,2026-02-09
CUST-02589,Analytics,2026-02-23
CUST-02589,Call Routing,2026-02-16
CUST-02590,Analytics,2026-02-23
CUST-02591,Analytics,2026-03-16
CUST-02591,Call Routing,2026-02-02
CUST-02591,AI Assist,2026-02-23
CUST-02591,Integrations,2026-02-02
CUST-02592,WhatsApp,2026-03-02
CUST-02592,Call Routing,2026-01-05
CUST-02592,AI Assist,2026-02-09
CUST-02594,Analytics,2026-03-16
CUST-02596,WhatsApp,2026-02-02
CUST-02596,Analytics,2026-03-16
CUST-02596,Call Routing,2026-01-26
CUST-02596,AI Assist,2026-01-05
CUST-02597,AI Voice Agent,2026-02-09
CUST-02597,WhatsApp,2026-02-16
CUST-02597,Analytics,2026-02-09
CUST-02597,Call Routing,2026-02-09
CUST-02597,AI Assist,2026-02-23
CUST-02599,AI Voice Agent,2026-01-26
CUST-02599,Call Routing,2026-01-12
CUST-02600,AI Voice Agent,2026-01-05
CUST-02600,WhatsApp,2026-02-09
CUST-02600,Analytics,2026-01-26
CUST-02600,AI Assist,2026-01-05
CUST-02601,Integrations,2026-01-19
CUST-02602,Analytics,2026-01-05
CUST-02603,Analytics,2026-01-19
CUST-02603,AI Assist,2026-01-19
CUST-02603,Integrations,2026-01-12
CUST-02604,WhatsApp,2026-03-09
CUST-02605,Integrations,2026-02-23
CUST-02606,WhatsApp,2026-03-09
CUST-02606,Call Routing,2026-03-09
CUST-02606,Integrations,2026-02-02
CUST-02607,WhatsApp,2026-03-23
CUST-02607,Analytics,2026-02-16
CUST-02607,Integrations,2026-02-02
CUST-02608,WhatsApp,2026-01-12
CUST-02608,Analytics,2026-01-12
CUST-02608,Call Routing,2026-01-12
CUST-02609,AI Voice Agent,2026-03-09
CUST-02609,WhatsApp,2026-03-02
CUST-02609,Analytics,2026-03-16
CUST-02609,Call Routing,2026-03-09
CUST-02609,AI Assist,2026-03-02
CUST-02610,AI Voice Agent,2026-02-02
CUST-02610,WhatsApp,2026-03-02
CUST-02610,Analytics,2026-01-05
CUST-02612,WhatsApp,2026-03-09
CUST-02612,AI Assist,2026-02-23
CUST-02612,Integrations,2026-03-23
CUST-02613,WhatsApp,2026-02-23
CUST-02613,Call Routing,2026-02-23
CUST-02613,Integrations,2026-02-23
CUST-02615,Analytics,2026-03-02
CUST-02615,Integrations,2026-03-23
CUST-02616,WhatsApp,2026-01-19
CUST-02616,AI Assist,2026-03-16
CUST-02617,WhatsApp,2026-01-26
CUST-02619,Analytics,2026-01-05
CUST-02619,AI Assist,2026-01-05
CUST-02620,WhatsApp,2026-03-09
CUST-02620,AI Assist,2026-03-09
CUST-02621,AI Voice Agent,2026-01-12
CUST-02621,WhatsApp,2026-01-19
CUST-02621,Analytics,2026-02-23
CUST-02621,Call Routing,2026-03-02
CUST-02621,AI Assist,2026-02-02
CUST-02622,WhatsApp,2026-01-19
CUST-02622,Analytics,2026-01-05
CUST-02622,Call Routing,2026-01-05
CUST-02623,AI Voice Agent,2026-02-09
CUST-02623,Analytics,2026-03-09
CUST-02624,AI Voice Agent,2026-01-26
CUST-02624,Analytics,2026-03-02
CUST-02625,AI Voice Agent,2026-01-12
CUST-02625,Call Routing,2026-02-23
CUST-02626,Analytics,2026-02-09
CUST-02626,Integrations,2026-01-05
CUST-02627,Analytics,2026-01-19
CUST-02628,Analytics,2026-03-23
CUST-02628,AI Assist,2026-03-16
CUST-02629,Call Routing,2026-02-16
CUST-02630,Analytics,2026-01-12
CUST-02631,Call Routing,2026-02-16
CUST-02632,AI Voice Agent,2026-01-05
CUST-02632,WhatsApp,2026-03-02
CUST-02632,Call Routing,2026-02-09
CUST-02633,AI Voice Agent,2026-01-19
CUST-02633,WhatsApp,2026-02-09
CUST-02633,Analytics,2026-02-09
CUST-02634,Call Routing,2026-01-05
CUST-02636,WhatsApp,2026-03-02
CUST-02636,AI Assist,2026-03-16
CUST-02637,WhatsApp,2026-01-05
CUST-02638,Analytics,2026-01-05
CUST-02638,Call Routing,2026-01-19
CUST-02639,AI Voice Agent,2026-01-26
CUST-02640,Analytics,2026-01-19
CUST-02640,Integrations,2026-01-05
CUST-02642,Integrations,2026-01-12
CUST-02643,Analytics,2026-02-02
CUST-02643,Call Routing,2026-03-23
CUST-02644,Call Routing,2026-02-09
CUST-02645,AI Voice Agent,2026-01-05
CUST-02645,WhatsApp,2026-01-05
CUST-02645,Call Routing,2026-01-05
CUST-02646,AI Voice Agent,2026-01-12
CUST-02646,Call Routing,2026-01-26
CUST-02647,AI Voice Agent,2026-01-12
CUST-02647,Call Routing,2026-03-02
CUST-02648,AI Assist,2026-02-02
CUST-02651,AI Assist,2026-02-09
CUST-02652,Call Routing,2026-02-23
CUST-02653,WhatsApp,2026-01-26
CUST-02654,WhatsApp,2026-01-26
CUST-02655,WhatsApp,2026-01-05
CUST-02655,Analytics,2026-02-02
CUST-02655,Call Routing,2026-02-23
CUST-02655,Integrations,2026-03-16
CUST-02656,WhatsApp,2026-03-16
CUST-02656,AI Assist,2026-01-12
CUST-02657,WhatsApp,2026-03-23
CUST-02657,Analytics,2026-01-19
CUST-02657,Call Routing,2026-02-16
CUST-02657,Integrations,2026-03-16
CUST-02658,AI Voice Agent,2026-03-23
CUST-02658,WhatsApp,2026-03-09
CUST-02658,Analytics,2026-03-09
CUST-02658,Call Routing,2026-03-02
CUST-02659,WhatsApp,2026-01-26
CUST-02662,WhatsApp,2026-02-09
CUST-02662,AI Assist,2026-02-16
CUST-02663,Integrations,2026-01-05
CUST-02664,AI Voice Agent,2026-01-05
CUST-02664,WhatsApp,2026-02-02
CUST-02664,Call Routing,2026-02-09
CUST-02664,AI Assist,2026-01-05
CUST-02665,WhatsApp,2026-03-02
CUST-02665,Analytics,2026-02-16
CUST-02666,WhatsApp,2026-01-05
CUST-02667,AI Voice Agent,2026-01-12
CUST-02667,WhatsApp,2026-02-09
CUST-02667,Call Routing,2026-02-09
CUST-02668,Integrations,2026-01-19
CUST-02669,WhatsApp,2026-03-23
CUST-02670,WhatsApp,2026-01-26
CUST-02671,WhatsApp,2026-02-23
CUST-02671,Analytics,2026-03-16
CUST-02672,AI Voice Agent,2026-02-09
CUST-02673,AI Voice Agent,2026-02-09
CUST-02673,Call Routing,2026-03-23
CUST-02675,AI Voice Agent,2026-03-02
CUST-02676,WhatsApp,2026-02-02
CUST-02676,Analytics,2026-01-19
CUST-02676,AI Assist,2026-02-02
CUST-02678,WhatsApp,2026-01-12
CUST-02679,AI Voice Agent,2026-02-09
CUST-02679,WhatsApp,2026-02-23
CUST-02679,Analytics,2026-03-02
CUST-02680,AI Voice Agent,2026-02-16
CUST-02680,WhatsApp,2026-01-19
CUST-02680,AI Assist,2026-02-02
CUST-02681,Analytics,2026-01-12
CUST-02682,WhatsApp,2026-03-02
CUST-02682,Analytics,2026-02-02
CUST-02682,Call Routing,2026-03-23
CUST-02684,Analytics,2026-01-26
CUST-02685,WhatsApp,2026-01-19
CUST-02685,Analytics,2026-01-12
CUST-02687,WhatsApp,2026-03-02
CUST-02688,Call Routing,2026-01-12
CUST-02689,AI Assist,2026-01-05
CUST-02690,WhatsApp,2026-03-16
CUST-02690,Analytics,2026-03-02
CUST-02690,Call Routing,2026-01-05
CUST-02691,WhatsApp,2026-03-09
CUST-02691,Analytics,2026-03-16
CUST-02691,AI Assist,2026-03-02
CUST-02692,AI Voice Agent,2026-01-12
CUST-02692,Analytics,2026-01-05
CUST-02692,AI Assist,2026-01-12
CUST-02694,AI Voice Agent,2026-01-19
CUST-02694,WhatsApp,2026-03-02
CUST-02694,Analytics,2026-03-02
CUST-02694,Integrations,2026-02-09
CUST-02695,Analytics,2026-02-16
CUST-02697,AI Voice Agent,2026-01-26
CUST-02697,Analytics,2026-02-02
CUST-02697,AI Assist,2026-01-19
CUST-02698,WhatsApp,2026-03-09
CUST-02698,Analytics,2026-03-16
CUST-02698,Integrations,2026-03-02
CUST-02699,WhatsApp,2026-01-05
CUST-02699,Analytics,2026-01-05
CUST-02700,WhatsApp,2026-03-09
CUST-02700,Analytics,2026-03-16
CUST-02701,WhatsApp,2026-02-09
CUST-02701,Call Routing,2026-03-09
CUST-02702,WhatsApp,2026-02-16
CUST-02702,Analytics,2026-03-02
CUST-02703,WhatsApp,2026-01-12
CUST-02705,Call Routing,2026-03-23
CUST-02706,WhatsApp,2026-03-16
CUST-02706,Analytics,2026-03-16
CUST-02706,Call Routing,2026-02-16
CUST-02707,AI Voice Agent,2026-02-23
CUST-02707,WhatsApp,2026-02-09
CUST-02707,Analytics,2026-03-16
CUST-02709,AI Voice Agent,2026-02-02
CUST-02709,Analytics,2026-01-26
CUST-02709,Call Routing,2026-02-09
CUST-02709,AI Assist,2026-03-02
CUST-02710,WhatsApp,2026-02-02
CUST-02710,Analytics,2026-01-26
CUST-02711,WhatsApp,2026-01-12
CUST-02711,Call Routing,2026-02-16
CUST-02713,AI Voice Agent,2026-01-12
CUST-02713,Analytics,2026-02-02
CUST-02713,AI Assist,2026-03-02
CUST-02714,WhatsApp,2026-01-05
CUST-02715,AI Voice Agent,2026-01-12
CUST-02715,Analytics,2026-03-16
CUST-02715,AI Assist,2026-02-23
CUST-02716,AI Voice Agent,2026-02-09
CUST-02716,Analytics,2026-01-19
CUST-02717,Analytics,2026-02-02
CUST-02717,AI Assist,2026-01-12
CUST-02718,WhatsApp,2026-01-19
CUST-02718,Analytics,2026-02-23
CUST-02718,Integrations,2026-01-12
CUST-02719,Analytics,2026-02-02
CUST-02719,Call Routing,2026-02-16
CUST-02720,Analytics,2026-03-23
CUST-02720,Integrations,2026-03-16
CUST-02721,AI Voice Agent,2026-01-12
CUST-02721,WhatsApp,2026-01-12
CUST-02721,Analytics,2026-02-09
CUST-02721,Call Routing,2026-02-02
CUST-02721,AI Assist,2026-02-23
CUST-02722,WhatsApp,2026-03-16
CUST-02722,Call Routing,2026-03-09
CUST-02723,AI Voice Agent,2026-01-26
CUST-02723,WhatsApp,2026-03-23
CUST-02723,Analytics,2026-03-23
CUST-02724,Analytics,2026-01-05
CUST-02724,Call Routing,2026-01-19
CUST-02724,AI Assist,2026-01-05
CUST-02725,AI Voice Agent,2026-02-16
CUST-02725,WhatsApp,2026-01-26
CUST-02727,WhatsApp,2026-01-19
CUST-02727,Integrations,2026-01-26
CUST-02730,AI Voice Agent,2026-01-26
CUST-02730,Analytics,2026-02-02
CUST-02730,Call Routing,2026-02-23
CUST-02731,AI Voice Agent,2026-02-16
CUST-02732,WhatsApp,2026-01-19
CUST-02733,Call Routing,2026-01-05
CUST-02735,Analytics,2026-01-12
CUST-02736,Integrations,2026-01-26
CUST-02737,Analytics,2026-03-02
CUST-02737,Call Routing,2026-03-02
CUST-02738,AI Voice Agent,2026-01-26
CUST-02738,Analytics,2026-02-02
CUST-02738,AI Assist,2026-02-02
CUST-02739,AI Voice Agent,2026-01-26
CUST-02739,AI Assist,2026-01-26
CUST-02740,WhatsApp,2026-03-16
CUST-02740,Analytics,2026-03-16
CUST-02740,Call Routing,2026-03-09
CUST-02741,AI Voice Agent,2026-03-16
CUST-02741,WhatsApp,2026-02-16
CUST-02742,WhatsApp,2026-03-09
CUST-02742,Analytics,2026-03-09
CUST-02742,Call Routing,2026-01-12
CUST-02742,AI Assist,2026-02-23
CUST-02742,Integrations,2026-03-09
CUST-02743,WhatsApp,2026-02-09
CUST-02743,Integrations,2026-02-16
CUST-02744,WhatsApp,2026-03-09
CUST-02744,Call Routing,2026-03-09
CUST-02744,AI Assist,2026-03-02
CUST-02745,WhatsApp,2026-01-05
CUST-02747,AI Assist,2026-02-02
CUST-02749,AI Voice Agent,2026-02-02
CUST-02750,WhatsApp,2026-01-12
CUST-02750,Analytics,2026-01-12
CUST-02750,Call Routing,2026-01-12
CUST-02751,Analytics,2026-01-19
CUST-02751,Integrations,2026-01-26
CUST-02752,Analytics,2026-03-02
CUST-02753,WhatsApp,2026-01-12
CUST-02753,Analytics,2026-01-12
CUST-02754,Analytics,2026-01-12
CUST-02754,Call Routing,2026-01-05
CUST-02755,WhatsApp,2026-01-05
CUST-02755,Call Routing,2026-01-19
CUST-02755,Integrations,2026-01-19
CUST-02756,AI Voice Agent,2026-01-19
CUST-02756,WhatsApp,2026-01-26
CUST-02756,Analytics,2026-01-05
CUST-02757,WhatsApp,2026-02-02
CUST-02758,AI Voice Agent,2026-02-02
CUST-02758,WhatsApp,2026-03-23
CUST-02758,Analytics,2026-01-19
CUST-02758,AI Assist,2026-03-23
CUST-02759,WhatsApp,2026-03-09
CUST-02759,Analytics,2026-03-23
CUST-02759,AI Assist,2026-02-09
CUST-02760,WhatsApp,2026-01-26
CUST-02760,Call Routing,2026-02-16
CUST-02760,AI Assist,2026-02-23
CUST-02761,Analytics,2026-02-23
CUST-02761,AI Assist,2026-02-23
CUST-02762,WhatsApp,2026-01-12
CUST-02762,Call Routing,2026-01-05
CUST-02762,AI Assist,2026-01-05
CUST-02763,Analytics,2026-01-05
CUST-02763,AI Assist,2026-01-05
CUST-02764,WhatsApp,2026-02-16
CUST-02764,Call Routing,2026-02-23
CUST-02764,AI Assist,2026-03-09
CUST-02764,Integrations,2026-02-23
CUST-02765,AI Voice Agent,2026-01-12
CUST-02765,AI Assist,2026-02-09
CUST-02766,WhatsApp,2026-02-02
CUST-02766,Analytics,2026-01-12
CUST-02766,Call Routing,2026-01-26
CUST-02766,Integrations,2026-02-02
CUST-02768,WhatsApp,2026-03-02
CUST-02768,Analytics,2026-03-16
CUST-02768,Call Routing,2026-02-09
CUST-02768,AI Assist,2026-02-16
CUST-02768,Integrations,2026-03-23
CUST-02769,AI Voice Agent,2026-01-26
CUST-02769,Analytics,2026-01-05
CUST-02769,Call Routing,2026-01-19
CUST-02769,AI Assist,2026-02-09
CUST-02770,Analytics,2026-02-09
CUST-02771,Analytics,2026-03-16
CUST-02771,Call Routing,2026-02-16
CUST-02772,AI Voice Agent,2026-02-09
CUST-02772,Analytics,2026-03-02
CUST-02772,Call Routing,2026-02-09
CUST-02773,AI Voice Agent,2026-03-23
CUST-02774,Call Routing,2026-01-12
CUST-02774,AI Assist,2026-01-05
CUST-02775,WhatsApp,2026-03-02
CUST-02775,Analytics,2026-02-23
CUST-02775,Call Routing,2026-01-26
CUST-02776,WhatsApp,2026-01-19
CUST-02776,Analytics,2026-01-26
CUST-02777,AI Voice Agent,2026-02-02
CUST-02777,WhatsApp,2026-03-16
CUST-02777,Analytics,2026-02-16
CUST-02777,AI Assist,2026-03-02
CUST-02778,WhatsApp,2026-03-02
CUST-02779,WhatsApp,2026-02-16
CUST-02779,Analytics,2026-02-02
CUST-02779,Call Routing,2026-01-19
CUST-02779,Integrations,2026-01-26
CUST-02780,WhatsApp,2026-03-02
CUST-02780,Analytics,2026-02-16
CUST-02780,Call Routing,2026-01-05
CUST-02781,Analytics,2026-03-16
CUST-02781,Call Routing,2026-03-16
CUST-02782,AI Voice Agent,2026-01-19
CUST-02782,WhatsApp,2026-01-19
CUST-02782,Analytics,2026-03-02
CUST-02783,AI Voice Agent,2026-01-26
CUST-02783,Analytics,2026-02-23
CUST-02783,Call Routing,2026-03-02
CUST-02784,Analytics,2026-03-16
CUST-02784,AI Assist,2026-03-09
CUST-02785,Call Routing,2026-02-23
CUST-02786,AI Voice Agent,2026-03-09
CUST-02786,AI Assist,2026-02-09
CUST-02787,WhatsApp,2026-03-23
CUST-02787,Analytics,2026-02-09
CUST-02787,AI Assist,2026-02-16
CUST-02788,WhatsApp,2026-03-16
CUST-02788,Analytics,2026-03-23
CUST-02788,AI Assist,2026-01-19
CUST-02789,WhatsApp,2026-02-23
CUST-02789,Analytics,2026-02-16
CUST-02790,Analytics,2026-02-23
CUST-02790,AI Assist,2026-02-23
CUST-02791,WhatsApp,2026-03-09
CUST-02791,AI Assist,2026-03-02
CUST-02792,Analytics,2026-01-12
CUST-02793,Analytics,2026-01-05
CUST-02796,WhatsApp,2026-02-02
CUST-02796,Analytics,2026-02-16
CUST-02796,AI Assist,2026-03-16
CUST-02797,WhatsApp,2026-02-16
CUST-02799,WhatsApp,2026-01-26
CUST-02799,Analytics,2026-02-02
CUST-02799,AI Assist,2026-02-09
CUST-02801,AI Voice Agent,2026-01-26
CUST-02801,Analytics,2026-02-09
CUST-02801,Call Routing,2026-02-16
CUST-02802,WhatsApp,2026-03-09
CUST-02803,WhatsApp,2026-03-16
CUST-02804,Analytics,2026-02-02
CUST-02804,Call Routing,2026-02-09
CUST-02805,AI Voice Agent,2026-01-19
CUST-02807,AI Voice Agent,2026-01-19
CUST-02807,WhatsApp,2026-01-05
CUST-02807,Analytics,2026-01-12
CUST-02808,AI Voice Agent,2026-02-23
CUST-02808,WhatsApp,2026-03-16
CUST-02809,Call Routing,2026-02-09
CUST-02809,AI Assist,2026-01-26
CUST-02809,Integrations,2026-02-02
CUST-02810,WhatsApp,2026-01-05
CUST-02810,Analytics,2026-01-05
CUST-02810,Call Routing,2026-01-12
CUST-02810,Integrations,2026-01-12
CUST-02811,AI Voice Agent,2026-02-02
CUST-02811,Analytics,2026-03-02
CUST-02811,AI Assist,2026-02-09
CUST-02812,AI Voice Agent,2026-02-16
CUST-02812,WhatsApp,2026-03-23
CUST-02812,Analytics,2026-02-23
CUST-02812,Call Routing,2026-03-02
CUST-02813,AI Voice Agent,2026-01-05
CUST-02813,Analytics,2026-02-16
CUST-02814,WhatsApp,2026-03-02
CUST-02815,Call Routing,2026-01-12
CUST-02817,AI Voice Agent,2026-01-19
CUST-02817,WhatsApp,2026-01-12
CUST-02817,Call Routing,2026-03-16
CUST-02817,AI Assist,2026-01-19
CUST-02818,AI Voice Agent,2026-02-02
CUST-02818,WhatsApp,2026-03-23
CUST-02818,Analytics,2026-02-09
CUST-02818,AI Assist,2026-01-12
CUST-02819,WhatsApp,2026-01-05
CUST-02819,Analytics,2026-01-05
CUST-02819,Call Routing,2026-01-12
CUST-02820,AI Voice Agent,2026-01-26
CUST-02820,WhatsApp,2026-02-02
CUST-02820,Analytics,2026-02-02
CUST-02821,WhatsApp,2026-01-26
CUST-02821,Integrations,2026-01-19
CUST-02822,AI Voice Agent,2026-01-19
CUST-02822,Analytics,2026-02-09
CUST-02822,AI Assist,2026-03-16
CUST-02824,AI Voice Agent,2026-03-02
CUST-02824,WhatsApp,2026-03-02
CUST-02824,Integrations,2026-03-16
CUST-02826,AI Voice Agent,2026-02-09
CUST-02827,AI Assist,2026-02-16
CUST-02827,Integrations,2026-02-23
CUST-02828,Analytics,2026-02-02
CUST-02829,WhatsApp,2026-03-16
CUST-02829,Call Routing,2026-03-09
CUST-02829,Integrations,2026-02-23
CUST-02832,WhatsApp,2026-03-23
CUST-02832,Call Routing,2026-03-16
CUST-02833,AI Voice Agent,2026-01-12
CUST-02833,WhatsApp,2026-01-12
CUST-02834,WhatsApp,2026-03-16
CUST-02835,Analytics,2026-03-09
CUST-02835,Call Routing,2026-02-16
CUST-02836,AI Voice Agent,2026-01-19
CUST-02836,Analytics,2026-01-12
CUST-02836,Call Routing,2026-03-02
CUST-02837,WhatsApp,2026-03-16
CUST-02837,Analytics,2026-03-23
CUST-02837,Integrations,2026-03-16
CUST-02838,WhatsApp,2026-02-02
CUST-02838,Analytics,2026-02-02
CUST-02838,Integrations,2026-01-19
CUST-02840,WhatsApp,2026-01-12
CUST-02841,AI Voice Agent,2026-01-26
CUST-02841,WhatsApp,2026-01-19
CUST-02842,AI Voice Agent,2026-01-26
CUST-02842,Analytics,2026-03-02
CUST-02842,Call Routing,2026-02-09
CUST-02843,AI Voice Agent,2026-02-09
CUST-02843,WhatsApp,2026-03-02
CUST-02843,Call Routing,2026-01-19
CUST-02845,WhatsApp,2026-03-16
CUST-02846,Analytics,2026-01-12
CUST-02847,AI Voice Agent,2026-01-05
CUST-02847,WhatsApp,2026-01-12
CUST-02848,Call Routing,2026-01-05
CUST-02849,WhatsApp,2026-02-02
CUST-02849,Call Routing,2026-01-19
CUST-02850,WhatsApp,2026-02-09
CUST-02851,Integrations,2026-02-09
CUST-02853,AI Assist,2026-02-09
CUST-02854,WhatsApp,2026-01-19
CUST-02854,Call Routing,2026-03-23
CUST-02855,WhatsApp,2026-01-19
CUST-02855,AI Assist,2026-01-19
CUST-02856,WhatsApp,2026-02-02
CUST-02856,Call Routing,2026-02-16
CUST-02856,AI Assist,2026-01-12
CUST-02857,Analytics,2026-01-26
CUST-02857,Integrations,2026-01-26
CUST-02858,AI Voice Agent,2026-01-12
CUST-02858,WhatsApp,2026-02-09
CUST-02858,Analytics,2026-03-16
CUST-02858,Call Routing,2026-01-12
CUST-02859,Analytics,2026-03-09
CUST-02859,Call Routing,2026-02-23
CUST-02860,AI Voice Agent,2026-02-09
CUST-02860,Analytics,2026-01-19
CUST-02860,AI Assist,2026-03-02
CUST-02861,Analytics,2026-03-02
CUST-02861,Call Routing,2026-02-23
CUST-02861,Integrations,2026-02-23
CUST-02862,AI Voice Agent,2026-01-19
CUST-02862,Analytics,2026-02-23
CUST-02862,AI Assist,2026-02-09
CUST-02863,Analytics,2026-02-09
CUST-02864,WhatsApp,2026-03-09
CUST-02864,Call Routing,2026-01-12
CUST-02864,AI Assist,2026-02-09
CUST-02865,WhatsApp,2026-03-09
CUST-02866,Integrations,2026-02-09
CUST-02867,WhatsApp,2026-02-09
CUST-02868,Analytics,2026-03-16
CUST-02868,AI Assist,2026-03-23
CUST-02870,Integrations,2026-02-09
CUST-02871,WhatsApp,2026-03-02
CUST-02871,Call Routing,2026-02-16
CUST-02872,WhatsApp,2026-03-02
CUST-02872,Analytics,2026-03-16
CUST-02873,AI Voice Agent,2026-02-02
CUST-02874,Analytics,2026-03-02
CUST-02874,AI Assist,2026-02-16
CUST-02875,Analytics,2026-03-02
CUST-02875,Call Routing,2026-01-26
CUST-02878,WhatsApp,2026-01-26
CUST-02878,AI Assist,2026-03-09
CUST-02879,WhatsApp,2026-01-05
CUST-02880,Analytics,2026-01-12
CUST-02881,WhatsApp,2026-02-09
CUST-02882,AI Voice Agent,2026-02-02
CUST-02882,Analytics,2026-03-16
CUST-02882,Call Routing,2026-01-26
CUST-02882,AI Assist,2026-01-05
CUST-02883,WhatsApp,2026-02-16
CUST-02883,Call Routing,2026-03-23
CUST-02884,AI Voice Agent,2026-01-19
CUST-02884,AI Assist,2026-01-12
CUST-02885,WhatsApp,2026-02-23
CUST-02885,Analytics,2026-01-19
CUST-02886,AI Voice Agent,2026-01-12
CUST-02886,AI Assist,2026-02-02
CUST-02887,AI Voice Agent,2026-01-12
CUST-02888,Call Routing,2026-02-16
CUST-02888,AI Assist,2026-01-26
CUST-02889,AI Voice Agent,2026-03-09
CUST-02889,Analytics,2026-03-02
CUST-02889,Call Routing,2026-03-09
CUST-02889,AI Assist,2026-03-02
CUST-02890,AI Voice Agent,2026-02-02
CUST-02890,Integrations,2026-03-02
CUST-02891,AI Voice Agent,2026-02-02
CUST-02891,WhatsApp,2026-03-02
CUST-02892,Analytics,2026-02-02
CUST-02892,Integrations,2026-02-02
CUST-02893,AI Voice Agent,2026-01-26
CUST-02893,Analytics,2026-01-12
CUST-02893,Integrations,2026-01-12
CUST-02894,Analytics,2026-02-23
CUST-02894,Call Routing,2026-02-09
CUST-02894,AI Assist,2026-02-16
CUST-02895,AI Voice Agent,2026-02-02
CUST-02895,WhatsApp,2026-01-12
CUST-02895,Analytics,2026-01-12
CUST-02896,WhatsApp,2026-01-12
CUST-02898,AI Voice Agent,2026-01-12
CUST-02898,Analytics,2026-03-09
CUST-02899,WhatsApp,2026-01-19
CUST-02899,Analytics,2026-01-05
CUST-02899,Call Routing,2026-01-19
CUST-02900,AI Voice Agent,2026-02-16
CUST-02900,Analytics,2026-01-12
CUST-02901,AI Voice Agent,2026-02-16
CUST-02901,WhatsApp,2026-02-02
CUST-02901,Analytics,2026-03-02
CUST-02902,Analytics,2026-01-19
CUST-02903,WhatsApp,2026-02-09
CUST-02903,Analytics,2026-02-16
CUST-02904,WhatsApp,2026-03-09
CUST-02904,AI Assist,2026-02-23
CUST-02905,AI Voice Agent,2026-01-19
CUST-02905,WhatsApp,2026-02-16
CUST-02905,Call Routing,2026-02-02
CUST-02905,Integrations,2026-01-19
CUST-02907,AI Voice Agent,2026-01-05
CUST-02907,Analytics,2026-02-09
CUST-02908,Analytics,2026-03-02
CUST-02908,Call Routing,2026-02-09
CUST-02908,AI Assist,2026-02-09
CUST-02909,WhatsApp,2026-03-02
CUST-02909,Call Routing,2026-01-12
CUST-02910,WhatsApp,2026-02-16
CUST-02910,Analytics,2026-01-26
CUST-02910,Call Routing,2026-01-26
CUST-02911,AI Voice Agent,2026-02-09
CUST-02911,WhatsApp,2026-03-09
CUST-02911,Call Routing,2026-02-02
CUST-02912,WhatsApp,2026-03-23
CUST-02912,Call Routing,2026-03-09
CUST-02914,WhatsApp,2026-01-19
CUST-02914,Analytics,2026-01-19
CUST-02916,WhatsApp,2026-03-16
CUST-02916,AI Assist,2026-02-23
CUST-02916,Integrations,2026-03-16
CUST-02917,Integrations,2026-01-26
CUST-02918,Call Routing,2026-03-16
CUST-02918,Integrations,2026-02-23
CUST-02919,AI Voice Agent,2026-01-05
CUST-02920,AI Voice Agent,2026-01-12
CUST-02920,WhatsApp,2026-02-02
CUST-02920,Analytics,2026-03-02
CUST-02920,Call Routing,2026-02-02
CUST-02920,Integrations,2026-03-09
CUST-02921,AI Voice Agent,2026-02-09
CUST-02921,Call Routing,2026-01-12
CUST-02921,AI Assist,2026-02-09
CUST-02922,WhatsApp,2026-01-12
CUST-02922,Integrations,2026-01-05
CUST-02923,AI Voice Agent,2026-01-05
CUST-02923,WhatsApp,2026-02-09
CUST-02923,Call Routing,2026-03-23
CUST-02923,Integrations,2026-03-09
CUST-02924,AI Voice Agent,2026-01-26
CUST-02924,AI Assist,2026-01-12
CUST-02925,AI Assist,2026-01-05
CUST-02926,Analytics,2026-03-16
CUST-02926,Call Routing,2026-03-02
CUST-02927,AI Assist,2026-02-09
CUST-02928,AI Voice Agent,2026-01-19
CUST-02928,WhatsApp,2026-01-05
CUST-02928,AI Assist,2026-01-26
CUST-02929,AI Voice Agent,2026-02-16
CUST-02929,WhatsApp,2026-02-09
CUST-02929,Analytics,2026-02-09
CUST-02929,AI Assist,2026-02-09
CUST-02930,Analytics,2026-01-12
CUST-02930,Call Routing,2026-02-23
CUST-02931,WhatsApp,2026-02-09
CUST-02931,Analytics,2026-02-16
CUST-02932,AI Voice Agent,2026-01-26
CUST-02933,AI Voice Agent,2026-01-26
CUST-02933,Integrations,2026-03-16
CUST-02934,AI Voice Agent,2026-01-05
CUST-02934,Analytics,2026-01-05
CUST-02934,AI Assist,2026-01-12
CUST-02935,WhatsApp,2026-02-16
CUST-02935,Analytics,2026-03-02
CUST-02935,Integrations,2026-03-09
CUST-02936,WhatsApp,2026-01-12
CUST-02937,AI Voice Agent,2026-02-09
CUST-02937,Analytics,2026-02-16
CUST-02937,Integrations,2026-03-23
CUST-02938,Analytics,2026-01-19
CUST-02939,Analytics,2026-02-09
CUST-02939,Call Routing,2026-01-12
CUST-02939,AI Assist,2026-01-19
CUST-02939,Integrations,2026-02-09
CUST-02940,Analytics,2026-01-12
CUST-02941,Analytics,2026-02-23
CUST-02941,Call Routing,2026-03-09
CUST-02942,WhatsApp,2026-01-12
CUST-02942,Call Routing,2026-02-02
CUST-02942,AI Assist,2026-01-19
CUST-02943,WhatsApp,2026-02-02
CUST-02944,Analytics,2026-03-02
CUST-02945,AI Voice Agent,2026-02-02
CUST-02946,Analytics,2026-03-09
CUST-02947,AI Voice Agent,2026-02-09
CUST-02947,Analytics,2026-02-02
CUST-02947,Call Routing,2026-02-02
CUST-02947,AI Assist,2026-02-02
CUST-02948,Analytics,2026-02-09
CUST-02948,Call Routing,2026-02-09
CUST-02949,AI Voice Agent,2026-03-02
CUST-02949,AI Assist,2026-02-16
CUST-02950,Analytics,2026-03-09
CUST-02952,WhatsApp,2026-01-12
CUST-02952,AI Assist,2026-01-12
CUST-02952,Integrations,2026-01-05
CUST-02953,WhatsApp,2026-03-02
CUST-02953,Analytics,2026-02-16
CUST-02954,AI Voice Agent,2026-01-05
CUST-02954,Analytics,2026-01-12
CUST-02955,WhatsApp,2026-01-05
CUST-02955,Call Routing,2026-01-05
CUST-02955,AI Assist,2026-01-12
CUST-02956,WhatsApp,2026-02-02
CUST-02957,WhatsApp,2026-02-09
CUST-02957,Call Routing,2026-03-02
CUST-02957,Integrations,2026-02-02
CUST-02958,Analytics,2026-02-02
CUST-02958,Call Routing,2026-03-23
CUST-02959,AI Voice Agent,2026-01-05
CUST-02959,WhatsApp,2026-01-19
CUST-02959,Analytics,2026-01-19
CUST-02960,AI Voice Agent,2026-02-23
CUST-02960,WhatsApp,2026-03-16
CUST-02961,WhatsApp,2026-01-26
CUST-02963,WhatsApp,2026-01-26
CUST-02963,Analytics,2026-01-12
CUST-02964,WhatsApp,2026-03-09
CUST-02965,WhatsApp,2026-01-19
CUST-02965,Analytics,2026-01-12
CUST-02965,Call Routing,2026-01-05
CUST-02966,AI Voice Agent,2026-03-23
CUST-02966,Call Routing,2026-03-09
CUST-02967,AI Voice Agent,2026-02-16
CUST-02967,Analytics,2026-01-19
CUST-02968,WhatsApp,2026-01-19
CUST-02968,Analytics,2026-01-19
CUST-02969,Analytics,2026-01-05
CUST-02970,AI Voice Agent,2026-02-09
CUST-02971,WhatsApp,2026-02-09
CUST-02971,Analytics,2026-01-12
CUST-02971,Call Routing,2026-01-12
CUST-02972,WhatsApp,2026-01-12
CUST-02972,Call Routing,2026-01-26
CUST-02972,Integrations,2026-01-19
CUST-02973,WhatsApp,2026-01-12
CUST-02973,Call Routing,2026-01-19
CUST-02974,WhatsApp,2026-03-02
CUST-02974,Analytics,2026-02-23
CUST-02975,WhatsApp,2026-03-02
CUST-02975,Analytics,2026-03-23
CUST-02975,Call Routing,2026-03-23
CUST-02976,AI Voice Agent,2026-01-05
CUST-02976,WhatsApp,2026-03-02
CUST-02976,Analytics,2026-02-16
CUST-02976,Call Routing,2026-02-02
CUST-02976,Integrations,2026-03-02
CUST-02977,WhatsApp,2026-01-19
CUST-02977,AI Assist,2026-02-09
CUST-02977,Integrations,2026-02-23
CUST-02978,Call Routing,2026-01-12
CUST-02978,AI Assist,2026-01-26
CUST-02978,Integrations,2026-01-12
CUST-02980,AI Voice Agent,2026-02-23
CUST-02980,AI Assist,2026-03-16
CUST-02980,Integrations,2026-03-23
CUST-02981,WhatsApp,2026-01-19
CUST-02981,Analytics,2026-01-26
CUST-02981,Call Routing,2026-03-23
CUST-02982,WhatsApp,2026-02-02
CUST-02983,WhatsApp,2026-03-02
CUST-02983,Call Routing,2026-01-19
CUST-02984,AI Voice Agent,2026-03-16
CUST-02984,WhatsApp,2026-03-02
CUST-02984,Call Routing,2026-03-16
CUST-02987,WhatsApp,2026-01-05
CUST-02987,Integrations,2026-01-05
CUST-02988,AI Assist,2026-03-16
CUST-02989,WhatsApp,2026-01-12
CUST-02989,Analytics,2026-03-09
CUST-02991,AI Voice Agent,2026-03-02
CUST-02991,WhatsApp,2026-03-09
CUST-02991,Call Routing,2026-03-23
CUST-02991,Integrations,2026-03-23
CUST-02993,AI Voice Agent,2026-01-05
CUST-02993,WhatsApp,2026-02-16
CUST-02994,AI Voice Agent,2026-02-09
CUST-02994,WhatsApp,2026-01-19
CUST-02994,Call Routing,2026-01-19
CUST-02994,AI Assist,2026-02-16
CUST-02994,Integrations,2026-01-26
CUST-02995,WhatsApp,2026-03-09
CUST-02995,Analytics,2026-03-02
CUST-02995,Call Routing,2026-02-09
CUST-02996,Analytics,2026-03-16
CUST-02997,AI Voice Agent,2026-02-02
CUST-02997,WhatsApp,2026-02-16
CUST-02999,AI Assist,2026-01-19
CUST-03000,AI Voice Agent,2026-02-02
CUST-03001,WhatsApp,2026-03-02
CUST-03001,Call Routing,2026-01-26
CUST-03002,AI Voice Agent,2026-02-23
CUST-03002,AI Assist,2026-02-23
CUST-03003,Call Routing,2026-01-26
CUST-03004,Analytics,2026-03-02
CUST-03004,Call Routing,2026-03-02
CUST-03005,WhatsApp,2026-02-16
CUST-03006,AI Voice Agent,2026-02-09
CUST-03006,AI Assist,2026-02-09
CUST-03007,AI Voice Agent,2026-01-26
CUST-03007,WhatsApp,2026-02-09
CUST-03007,Analytics,2026-01-26
CUST-03007,Integrations,2026-01-05
CUST-03008,WhatsApp,2026-01-26
CUST-03008,AI Assist,2026-01-19
CUST-03010,Call Routing,2026-01-26
CUST-03011,WhatsApp,2026-02-16
CUST-03011,AI Assist,2026-02-09
CUST-03012,WhatsApp,2026-01-19
CUST-03013,WhatsApp,2026-03-02
CUST-03013,Analytics,2026-02-23
CUST-03014,Call Routing,2026-02-23
CUST-03014,AI Assist,2026-03-23
CUST-03015,Call Routing,2026-01-19
CUST-03016,AI Voice Agent,2026-03-23
CUST-03016,WhatsApp,2026-03-23
CUST-03016,Analytics,2026-03-23
CUST-03016,AI Assist,2026-03-09
CUST-03017,Call Routing,2026-02-09
CUST-03018,AI Voice Agent,2026-03-23
CUST-03020,WhatsApp,2026-03-16
CUST-03021,AI Voice Agent,2026-01-26
CUST-03021,Call Routing,2026-02-02
CUST-03021,AI Assist,2026-02-02
CUST-03022,Integrations,2026-02-09
CUST-03023,AI Voice Agent,2026-01-26
CUST-03023,WhatsApp,2026-01-05
CUST-03023,Analytics,2026-01-19
CUST-03023,Call Routing,2026-01-05
CUST-03023,AI Assist,2026-01-05
CUST-03024,WhatsApp,2026-03-02
CUST-03024,Analytics,2026-02-09
CUST-03025,WhatsApp,2026-02-02
CUST-03025,Analytics,2026-02-23
CUST-03025,Call Routing,2026-03-16
CUST-03025,Integrations,2026-02-09
CUST-03026,WhatsApp,2026-03-16
CUST-03027,WhatsApp,2026-01-19
CUST-03027,Analytics,2026-01-19
CUST-03027,Integrations,2026-01-19
CUST-03029,AI Voice Agent,2026-02-02
CUST-03029,WhatsApp,2026-01-26
CUST-03029,Analytics,2026-02-09
CUST-03029,AI Assist,2026-03-23
CUST-03029,Integrations,2026-03-16
CUST-03030,WhatsApp,2026-03-09
CUST-03030,Analytics,2026-02-16
CUST-03030,AI Assist,2026-02-16
CUST-03031,AI Voice Agent,2026-01-05
CUST-03031,WhatsApp,2026-03-09
CUST-03031,Analytics,2026-02-02
CUST-03032,WhatsApp,2026-03-16
CUST-03033,WhatsApp,2026-01-26
CUST-03033,Analytics,2026-02-09
CUST-03033,Call Routing,2026-03-23
CUST-03034,WhatsApp,2026-03-09
CUST-03034,Analytics,2026-01-12
CUST-03034,Call Routing,2026-02-02
CUST-03035,AI Voice Agent,2026-03-09
CUST-03035,WhatsApp,2026-03-02
CUST-03035,Analytics,2026-03-02
CUST-03036,AI Voice Agent,2026-02-23
CUST-03036,Analytics,2026-02-16
CUST-03036,AI Assist,2026-03-02
CUST-03037,AI Voice Agent,2026-01-26
CUST-03037,WhatsApp,2026-02-02
CUST-03037,Analytics,2026-01-26
CUST-03037,AI Assist,2026-02-23
CUST-03038,WhatsApp,2026-01-12
CUST-03038,Call Routing,2026-02-02
CUST-03039,AI Voice Agent,2026-03-09
CUST-03039,Analytics,2026-02-16
CUST-03039,AI Assist,2026-02-23
CUST-03040,Call Routing,2026-03-09
CUST-03041,AI Voice Agent,2026-03-23
CUST-03041,Analytics,2026-03-23
CUST-03042,AI Assist,2026-02-23
CUST-03043,WhatsApp,2026-01-05
CUST-03043,Analytics,2026-01-12
CUST-03043,Call Routing,2026-01-05
CUST-03044,Analytics,2026-01-12
CUST-03045,Analytics,2026-02-23
CUST-03046,Call Routing,2026-02-02
CUST-03046,AI Assist,2026-02-16
CUST-03047,Analytics,2026-03-09
CUST-03047,Integrations,2026-03-16
CUST-03048,WhatsApp,2026-02-09
CUST-03048,Analytics,2026-02-02
CUST-03048,Integrations,2026-02-09
CUST-03049,Analytics,2026-03-23
CUST-03049,Call Routing,2026-03-09
CUST-03050,Call Routing,2026-01-26
CUST-03051,AI Voice Agent,2026-02-23
CUST-03051,WhatsApp,2026-03-16
CUST-03051,Integrations,2026-02-23
CUST-03052,AI Voice Agent,2026-01-05
CUST-03052,Analytics,2026-03-16
CUST-03053,AI Assist,2026-01-12
CUST-03054,WhatsApp,2026-02-02
CUST-03054,AI Assist,2026-01-19
CUST-03056,AI Voice Agent,2026-01-12
CUST-03056,WhatsApp,2026-02-02
CUST-03056,Analytics,2026-03-16
CUST-03058,WhatsApp,2026-02-16
CUST-03058,Analytics,2026-02-09
CUST-03059,Call Routing,2026-02-02
CUST-03060,AI Voice Agent,2026-01-19
CUST-03060,WhatsApp,2026-03-02
CUST-03060,AI Assist,2026-02-09
CUST-03061,AI Voice Agent,2026-02-09
CUST-03061,Integrations,2026-01-26
CUST-03062,WhatsApp,2026-01-19
CUST-03062,Call Routing,2026-01-26
CUST-03062,AI Assist,2026-02-09
CUST-03063,Analytics,2026-02-23
CUST-03063,Call Routing,2026-03-09
CUST-03063,AI Assist,2026-02-23
CUST-03064,Analytics,2026-03-09
CUST-03065,WhatsApp,2026-03-23
CUST-03065,Call Routing,2026-01-12
CUST-03065,AI Assist,2026-02-16
CUST-03066,WhatsApp,2026-03-23
CUST-03067,Call Routing,2026-02-23
CUST-03068,AI Voice Agent,2026-02-09
CUST-03068,AI Assist,2026-01-19
CUST-03068,Integrations,2026-01-19
CUST-03069,AI Voice Agent,2026-01-19
CUST-03069,Analytics,2026-02-23
CUST-03069,Call Routing,2026-02-09
CUST-03070,WhatsApp,2026-02-09
CUST-03071,WhatsApp,2026-01-05
CUST-03072,Analytics,2026-01-26
CUST-03072,Call Routing,2026-01-26
CUST-03073,AI Voice Agent,2026-01-12
CUST-03073,WhatsApp,2026-02-16
CUST-03074,Analytics,2026-03-09
CUST-03074,Call Routing,2026-02-23
CUST-03075,Analytics,2026-01-19
CUST-03076,AI Voice Agent,2026-01-19
CUST-03076,WhatsApp,2026-01-05
CUST-03076,Analytics,2026-02-09
CUST-03076,Call Routing,2026-03-09
CUST-03076,AI Assist,2026-03-23
CUST-03078,AI Voice Agent,2026-01-19
CUST-03078,AI Assist,2026-03-16
CUST-03079,AI Voice Agent,2026-02-02
CUST-03079,WhatsApp,2026-02-23
CUST-03079,Call Routing,2026-01-26
CUST-03080,AI Voice Agent,2026-03-16
CUST-03080,Call Routing,2026-03-16
CUST-03081,WhatsApp,2026-02-23
CUST-03081,Call Routing,2026-02-23
CUST-03081,Integrations,2026-02-23
CUST-03082,WhatsApp,2026-02-23
CUST-03082,Call Routing,2026-02-16
CUST-03083,WhatsApp,2026-02-16
CUST-03083,Call Routing,2026-02-09
CUST-03083,Integrations,2026-02-16
CUST-03086,WhatsApp,2026-01-26
CUST-03086,Analytics,2026-01-05
CUST-03087,Call Routing,2026-01-19
CUST-03088,AI Assist,2026-03-16
CUST-03089,WhatsApp,2026-03-02
CUST-03089,Analytics,2026-03-16
CUST-03089,Call Routing,2026-03-16
CUST-03091,WhatsApp,2026-01-05
CUST-03091,Analytics,2026-01-19
CUST-03091,Call Routing,2026-01-19
CUST-03091,AI Assist,2026-01-05
CUST-03092,WhatsApp,2026-01-05
CUST-03094,Analytics,2026-03-09
CUST-03094,Call Routing,2026-03-02
CUST-03095,WhatsApp,2026-02-09
CUST-03095,Call Routing,2026-02-16
CUST-03096,AI Voice Agent,2026-02-23
CUST-03096,Analytics,2026-02-16
CUST-03096,AI Assist,2026-03-02
CUST-03096,Integrations,2026-02-09
CUST-03097,AI Voice Agent,2026-01-19
CUST-03097,WhatsApp,2026-01-19
CUST-03097,Integrations,2026-02-09
CUST-03099,AI Voice Agent,2026-01-05
CUST-03100,AI Voice Agent,2026-01-26
CUST-03100,Analytics,2026-01-19
CUST-03101,AI Voice Agent,2026-01-12
CUST-03101,WhatsApp,2026-03-16
CUST-03101,Integrations,2026-03-23
CUST-03102,AI Voice Agent,2026-01-26
CUST-03102,WhatsApp,2026-03-09
CUST-03102,Analytics,2026-02-23
CUST-03102,AI Assist,2026-02-02
CUST-03102,Integrations,2026-01-05
CUST-03103,AI Voice Agent,2026-01-05
CUST-03103,WhatsApp,2026-01-19
CUST-03103,Analytics,2026-03-02
CUST-03103,AI Assist,2026-03-02
CUST-03104,AI Voice Agent,2026-02-09
CUST-03104,Call Routing,2026-03-02
CUST-03105,Call Routing,2026-03-02
CUST-03106,AI Voice Agent,2026-01-26
CUST-03107,WhatsApp,2026-01-19
CUST-03107,Analytics,2026-02-02
CUST-03107,Call Routing,2026-02-09
CUST-03109,WhatsApp,2026-02-09
CUST-03109,Analytics,2026-02-09
CUST-03109,Call Routing,2026-03-09
CUST-03110,AI Voice Agent,2026-03-02
CUST-03110,WhatsApp,2026-03-02
CUST-03110,Analytics,2026-03-02
CUST-03110,AI Assist,2026-03-02
CUST-03111,WhatsApp,2026-02-02
CUST-03112,AI Voice Agent,2026-02-09
CUST-03112,Analytics,2026-03-16
CUST-03113,Analytics,2026-02-09
CUST-03114,WhatsApp,2026-03-02
CUST-03114,AI Assist,2026-02-02
CUST-03115,AI Voice Agent,2026-01-05
CUST-03116,WhatsApp,2026-01-19
CUST-03116,Call Routing,2026-01-26
CUST-03116,AI Assist,2026-01-26
CUST-03117,WhatsApp,2026-02-02
CUST-03117,Analytics,2026-03-09
CUST-03118,AI Voice Agent,2026-02-02
CUST-03118,WhatsApp,2026-02-16
CUST-03118,Analytics,2026-02-02
CUST-03118,Integrations,2026-01-19
CUST-03119,WhatsApp,2026-01-05
CUST-03120,Call Routing,2026-01-05
CUST-03120,AI Assist,2026-03-09
CUST-03121,WhatsApp,2026-03-02
CUST-03121,AI Assist,2026-01-12
CUST-03122,WhatsApp,2026-01-19
CUST-03122,Call Routing,2026-03-16
CUST-03123,AI Voice Agent,2026-01-12
CUST-03123,WhatsApp,2026-01-12
CUST-03123,Analytics,2026-02-02
CUST-03124,WhatsApp,2026-02-23
CUST-03125,WhatsApp,2026-03-23
CUST-03125,Call Routing,2026-03-09
CUST-03125,AI Assist,2026-03-09
CUST-03126,Analytics,2026-02-23
CUST-03127,AI Voice Agent,2026-02-23
CUST-03127,Call Routing,2026-03-09
CUST-03127,AI Assist,2026-02-23
CUST-03127,Integrations,2026-01-19
CUST-03129,Analytics,2026-01-26
CUST-03129,AI Assist,2026-01-05
CUST-03130,WhatsApp,2026-01-05
CUST-03130,Analytics,2026-01-05
CUST-03130,Call Routing,2026-01-12
CUST-03133,WhatsApp,2026-01-05
CUST-03133,Call Routing,2026-01-05
CUST-03134,WhatsApp,2026-01-26
CUST-03136,WhatsApp,2026-01-19
CUST-03137,WhatsApp,2026-03-23
CUST-03137,Analytics,2026-03-09
CUST-03138,AI Voice Agent,2026-03-02
CUST-03138,WhatsApp,2026-03-16
CUST-03138,Call Routing,2026-03-16
CUST-03138,AI Assist,2026-03-02
CUST-03140,AI Voice Agent,2026-02-02
CUST-03140,WhatsApp,2026-02-09
CUST-03140,Analytics,2026-01-26
CUST-03140,Call Routing,2026-01-19
CUST-03140,AI Assist,2026-01-05
CUST-03141,WhatsApp,2026-01-19
CUST-03141,Analytics,2026-02-09
CUST-03141,AI Assist,2026-02-02
CUST-03142,AI Assist,2026-01-05
CUST-03143,AI Voice Agent,2026-01-26
CUST-03143,WhatsApp,2026-01-05
CUST-03143,Call Routing,2026-03-16
CUST-03143,AI Assist,2026-03-09
CUST-03145,WhatsApp,2026-01-26
CUST-03145,Call Routing,2026-01-19
CUST-03145,AI Assist,2026-01-19
CUST-03146,WhatsApp,2026-01-26
CUST-03146,Analytics,2026-01-26
CUST-03147,AI Voice Agent,2026-02-16
CUST-03147,WhatsApp,2026-03-09
CUST-03147,Analytics,2026-02-16
CUST-03147,Call Routing,2026-03-23
CUST-03147,AI Assist,2026-03-16
CUST-03148,WhatsApp,2026-03-09
CUST-03148,Analytics,2026-03-09
CUST-03149,WhatsApp,2026-01-26
CUST-03150,WhatsApp,2026-02-23
CUST-03150,Call Routing,2026-02-23
CUST-03151,AI Voice Agent,2026-01-12
CUST-03151,WhatsApp,2026-02-16
CUST-03152,AI Voice Agent,2026-03-02
CUST-03152,WhatsApp,2026-03-09
CUST-03153,WhatsApp,2026-01-19
CUST-03153,AI Assist,2026-02-09
CUST-03155,WhatsApp,2026-01-12
CUST-03155,Analytics,2026-01-12
CUST-03155,Call Routing,2026-01-12
CUST-03155,Integrations,2026-01-19
CUST-03156,AI Voice Agent,2026-02-02
CUST-03156,WhatsApp,2026-02-23
CUST-03156,Analytics,2026-03-02
CUST-03156,AI Assist,2026-02-09
CUST-03157,WhatsApp,2026-03-23
CUST-03157,Analytics,2026-02-09
CUST-03158,WhatsApp,2026-01-05
CUST-03158,Call Routing,2026-01-05
CUST-03159,AI Voice Agent,2026-02-23
CUST-03159,Analytics,2026-02-23
CUST-03159,Call Routing,2026-02-23
CUST-03160,AI Voice Agent,2026-02-02
CUST-03160,Analytics,2026-02-09
CUST-03160,AI Assist,2026-01-12
CUST-03161,AI Voice Agent,2026-03-09
CUST-03161,WhatsApp,2026-03-09
CUST-03162,WhatsApp,2026-03-09
CUST-03163,Call Routing,2026-01-05
CUST-03164,WhatsApp,2026-01-19
CUST-03165,AI Voice Agent,2026-02-16
CUST-03165,Analytics,2026-02-02
CUST-03165,Call Routing,2026-03-16
CUST-03165,AI Assist,2026-03-02
CUST-03166,AI Voice Agent,2026-01-19
CUST-03166,WhatsApp,2026-02-16
CUST-03166,Analytics,2026-03-09
CUST-03167,WhatsApp,2026-02-16
CUST-03167,Call Routing,2026-03-02
CUST-03167,Integrations,2026-01-19
CUST-03168,Call Routing,2026-01-19
CUST-03168,AI Assist,2026-01-19
CUST-03169,AI Voice Agent,2026-02-02
CUST-03170,Analytics,2026-01-12
CUST-03170,Call Routing,2026-02-09
CUST-03171,Analytics,2026-02-16
CUST-03172,AI Voice Agent,2026-03-23
CUST-03173,WhatsApp,2026-01-12
CUST-03174,AI Voice Agent,2026-03-09
CUST-03174,WhatsApp,2026-03-02
CUST-03174,Analytics,2026-03-02
CUST-03174,Integrations,2026-03-09
CUST-03175,AI Voice Agent,2026-01-26
CUST-03176,AI Voice Agent,2026-01-19
CUST-03176,WhatsApp,2026-01-26
CUST-03176,Analytics,2026-02-23
CUST-03177,WhatsApp,2026-03-23
CUST-03177,Integrations,2026-03-09
CUST-03179,Integrations,2026-02-16
CUST-03180,AI Voice Agent,2026-03-23
CUST-03180,Analytics,2026-03-02
CUST-03181,WhatsApp,2026-03-16
CUST-03181,Analytics,2026-03-16
CUST-03181,AI Assist,2026-03-23
CUST-03182,AI Assist,2026-03-02
CUST-03183,AI Voice Agent,2026-03-09
CUST-03183,Analytics,2026-03-09
CUST-03184,Analytics,2026-03-16
CUST-03185,AI Voice Agent,2026-02-09
CUST-03186,WhatsApp,2026-02-09
CUST-03186,Call Routing,2026-02-23
CUST-03187,WhatsApp,2026-01-19
CUST-03187,Analytics,2026-03-23
CUST-03187,Call Routing,2026-02-23
CUST-03188,Call Routing,2026-03-09
CUST-03188,AI Assist,2026-02-02
CUST-03189,Analytics,2026-01-26
CUST-03189,Call Routing,2026-03-09
CUST-03190,Analytics,2026-02-09
CUST-03190,Integrations,2026-02-23
CUST-03192,Integrations,2026-01-19
CUST-03193,Analytics,2026-01-26
CUST-03193,Call Routing,2026-02-02
CUST-03195,AI Voice Agent,2026-02-02
CUST-03195,Analytics,2026-03-16
CUST-03195,Call Routing,2026-01-19
CUST-03196,WhatsApp,2026-01-05
CUST-03196,Call Routing,2026-03-23
CUST-03197,WhatsApp,2026-02-09
CUST-03197,Analytics,2026-02-09
CUST-03197,Call Routing,2026-02-09
CUST-03198,AI Voice Agent,2026-02-02
CUST-03198,Analytics,2026-01-05
CUST-03198,AI Assist,2026-03-16
CUST-03199,AI Voice Agent,2026-01-05
CUST-03199,WhatsApp,2026-01-12
CUST-03199,Analytics,2026-01-05
CUST-03199,Call Routing,2026-01-12
CUST-03200,WhatsApp,2026-02-09
CUST-03200,Call Routing,2026-02-09
CUST-03201,AI Voice Agent,2026-02-09
CUST-03201,WhatsApp,2026-03-16
CUST-03201,Call Routing,2026-01-19
CUST-03202,AI Voice Agent,2026-01-19
CUST-03202,Analytics,2026-02-23
CUST-03202,AI Assist,2026-01-12
CUST-03203,WhatsApp,2026-02-16
CUST-03203,Integrations,2026-03-16
CUST-03204,WhatsApp,2026-03-09
CUST-03204,Call Routing,2026-01-19
CUST-03204,AI Assist,2026-03-16
CUST-03204,Integrations,2026-01-12
CUST-03205,AI Voice Agent,2026-02-23
CUST-03205,Analytics,2026-02-16
CUST-03206,AI Voice Agent,2026-02-16
CUST-03206,WhatsApp,2026-02-16
CUST-03206,Call Routing,2026-02-09
CUST-03210,WhatsApp,2026-02-23
CUST-03210,AI Assist,2026-03-09
CUST-03211,WhatsApp,2026-02-09
CUST-03211,Analytics,2026-02-09
CUST-03211,Integrations,2026-03-23
CUST-03212,Analytics,2026-03-16
CUST-03212,Integrations,2026-02-23
CUST-03213,AI Voice Agent,2026-02-02
CUST-03213,WhatsApp,2026-03-09
CUST-03214,WhatsApp,2026-03-16
CUST-03214,Analytics,2026-02-02
CUST-03214,Call Routing,2026-01-12
CUST-03214,AI Assist,2026-02-02
CUST-03215,AI Assist,2026-03-16
CUST-03216,Analytics,2026-01-12
CUST-03217,AI Voice Agent,2026-03-09
CUST-03217,WhatsApp,2026-03-09
CUST-03217,AI Assist,2026-03-16
CUST-03218,Analytics,2026-01-05
CUST-03218,Call Routing,2026-01-05
CUST-03219,AI Voice Agent,2026-01-05
CUST-03219,AI Assist,2026-01-12
CUST-03220,Analytics,2026-02-23
CUST-03220,Call Routing,2026-03-02
CUST-03220,Integrations,2026-02-16
CUST-03221,WhatsApp,2026-02-16
CUST-03221,Call Routing,2026-02-16
CUST-03222,AI Voice Agent,2026-02-09
CUST-03222,Analytics,2026-01-12
CUST-03222,AI Assist,2026-02-16
CUST-03223,Analytics,2026-01-19
CUST-03224,Analytics,2026-02-09
CUST-03224,AI Assist,2026-02-02
CUST-03225,WhatsApp,2026-02-16
CUST-03226,WhatsApp,2026-03-16
CUST-03226,Analytics,2026-02-23
CUST-03226,Call Routing,2026-02-16
CUST-03226,Integrations,2026-02-23
CUST-03228,Analytics,2026-01-12
CUST-03228,Call Routing,2026-01-05
CUST-03228,Integrations,2026-01-19
CUST-03229,AI Assist,2026-02-09
CUST-03230,WhatsApp,2026-02-23
CUST-03230,Analytics,2026-03-02
CUST-03231,WhatsApp,2026-02-02
CUST-03231,Analytics,2026-03-02
CUST-03231,Call Routing,2026-03-02
CUST-03231,AI Assist,2026-01-19
CUST-03231,Integrations,2026-02-09
CUST-03232,AI Voice Agent,2026-01-05
CUST-03232,Call Routing,2026-03-16
CUST-03233,AI Assist,2026-03-16
CUST-03234,WhatsApp,2026-03-16
CUST-03235,WhatsApp,2026-03-23
CUST-03235,Analytics,2026-02-09
CUST-03235,Call Routing,2026-02-16
CUST-03237,AI Voice Agent,2026-01-19
CUST-03237,WhatsApp,2026-03-02
CUST-03237,AI Assist,2026-03-23
CUST-03238,AI Assist,2026-01-26
CUST-03238,Integrations,2026-02-02
CUST-03239,AI Voice Agent,2026-01-19
CUST-03239,Analytics,2026-01-05
CUST-03239,Call Routing,2026-01-12
CUST-03239,AI Assist,2026-01-19
CUST-03239,Integrations,2026-02-23
CUST-03240,Call Routing,2026-01-26
CUST-03241,WhatsApp,2026-02-16
CUST-03242,AI Voice Agent,2026-02-23
CUST-03242,Analytics,2026-03-09
CUST-03242,Call Routing,2026-03-09
CUST-03243,WhatsApp,2026-01-26
CUST-03244,AI Voice Agent,2026-01-12
CUST-03244,Analytics,2026-03-23
CUST-03244,Call Routing,2026-01-12
CUST-03244,Integrations,2026-03-23
CUST-03245,Analytics,2026-02-02
CUST-03245,Call Routing,2026-03-16
CUST-03246,AI Voice Agent,2026-01-19
CUST-03246,Call Routing,2026-03-16
CUST-03246,AI Assist,2026-01-26
CUST-03248,WhatsApp,2026-02-23
CUST-03249,WhatsApp,2026-02-16
CUST-03249,Analytics,2026-01-19
CUST-03250,WhatsApp,2026-01-26
CUST-03250,Analytics,2026-01-19
CUST-03251,AI Voice Agent,2026-01-05
CUST-03252,AI Voice Agent,2026-01-05
CUST-03252,Call Routing,2026-03-16
CUST-03252,AI Assist,2026-02-09
CUST-03253,Call Routing,2026-02-02
CUST-03254,AI Voice Agent,2026-03-02
CUST-03254,WhatsApp,2026-03-02
CUST-03254,Integrations,2026-02-23
CUST-03255,AI Voice Agent,2026-01-12
CUST-03255,Analytics,2026-02-02
CUST-03255,Call Routing,2026-03-09
CUST-03255,AI Assist,2026-02-16
CUST-03256,AI Voice Agent,2026-02-23
CUST-03256,AI Assist,2026-02-16
CUST-03257,WhatsApp,2026-03-09
CUST-03257,Analytics,2026-03-02
CUST-03257,Integrations,2026-03-02
CUST-03258,AI Voice Agent,2026-02-02
CUST-03258,WhatsApp,2026-03-16
CUST-03259,Call Routing,2026-01-19
CUST-03259,AI Assist,2026-01-12
CUST-03260,WhatsApp,2026-02-23
CUST-03260,Integrations,2026-03-16
CUST-03261,AI Voice Agent,2026-01-12
CUST-03261,AI Assist,2026-01-19
CUST-03261,Integrations,2026-01-05
CUST-03262,WhatsApp,2026-01-26
CUST-03262,Call Routing,2026-02-09
CUST-03263,WhatsApp,2026-01-26
CUST-03263,Call Routing,2026-02-09
CUST-03264,AI Voice Agent,2026-01-19
CUST-03265,AI Assist,2026-02-09
CUST-03266,Analytics,2026-03-09
CUST-03266,Integrations,2026-03-23
CUST-03267,Analytics,2026-02-09
CUST-03268,AI Voice Agent,2026-02-09
CUST-03268,WhatsApp,2026-02-16
CUST-03269,Call Routing,2026-03-16
CUST-03270,Analytics,2026-01-19
CUST-03271,AI Voice Agent,2026-03-23
CUST-03271,WhatsApp,2026-03-23
CUST-03272,AI Voice Agent,2026-02-02
CUST-03272,WhatsApp,2026-02-16
CUST-03273,WhatsApp,2026-01-12
CUST-03273,Call Routing,2026-01-05
CUST-03274,WhatsApp,2026-01-19
CUST-03274,Analytics,2026-01-05
CUST-03274,AI Assist,2026-03-02
CUST-03275,AI Voice Agent,2026-02-23
CUST-03275,Analytics,2026-03-23
CUST-03276,WhatsApp,2026-01-05
CUST-03276,Call Routing,2026-01-12
CUST-03277,AI Voice Agent,2026-02-23
CUST-03278,WhatsApp,2026-01-26
CUST-03278,Analytics,2026-03-09
CUST-03279,AI Voice Agent,2026-03-09
CUST-03279,WhatsApp,2026-03-02
CUST-03280,AI Voice Agent,2026-01-26
CUST-03280,Analytics,2026-02-02
CUST-03281,WhatsApp,2026-02-09
CUST-03283,WhatsApp,2026-02-02
CUST-03284,Call Routing,2026-03-09
CUST-03284,Integrations,2026-03-09
CUST-03285,WhatsApp,2026-02-02
CUST-03285,Call Routing,2026-02-09
CUST-03286,AI Assist,2026-03-02
CUST-03287,WhatsApp,2026-03-02
CUST-03287,Analytics,2026-03-16
CUST-03288,WhatsApp,2026-02-02
CUST-03288,Analytics,2026-02-02
CUST-03290,AI Voice Agent,2026-02-09
CUST-03290,Analytics,2026-03-16
CUST-03290,Integrations,2026-03-16
CUST-03291,WhatsApp,2026-02-02
CUST-03291,Analytics,2026-03-09
CUST-03292,Analytics,2026-01-12
CUST-03292,Call Routing,2026-01-19
CUST-03293,WhatsApp,2026-02-23
CUST-03293,AI Assist,2026-03-09
CUST-03293,Integrations,2026-02-23
CUST-03294,WhatsApp,2026-01-05
CUST-03294,Call Routing,2026-01-05
CUST-03294,AI Assist,2026-01-19
CUST-03295,Call Routing,2026-03-02
CUST-03296,WhatsApp,2026-01-19
CUST-03296,Integrations,2026-01-26
CUST-03297,Analytics,2026-02-23
CUST-03297,AI Assist,2026-01-26
CUST-03297,Integrations,2026-01-19
CUST-03298,WhatsApp,2026-02-09
CUST-03298,Integrations,2026-03-02
CUST-03299,AI Assist,2026-02-16
CUST-03300,AI Voice Agent,2026-03-16
CUST-03300,WhatsApp,2026-03-23
CUST-03300,Analytics,2026-03-16
CUST-03300,AI Assist,2026-03-09
CUST-03301,AI Voice Agent,2026-02-09
CUST-03302,AI Voice Agent,2026-01-12
CUST-03302,WhatsApp,2026-03-09
CUST-03302,Analytics,2026-02-16
CUST-03302,Call Routing,2026-02-16
CUST-03303,WhatsApp,2026-02-02
CUST-03303,Analytics,2026-02-23
CUST-03303,Call Routing,2026-03-16
CUST-03304,Analytics,2026-02-23
CUST-03304,Call Routing,2026-01-19
CUST-03304,Integrations,2026-03-02
CUST-03305,AI Voice Agent,2026-01-12
CUST-03305,Analytics,2026-03-23
CUST-03306,AI Assist,2026-02-23
CUST-03306,Integrations,2026-01-26
CUST-03307,WhatsApp,2026-03-02
CUST-03307,Analytics,2026-03-16
CUST-03308,AI Voice Agent,2026-03-09
CUST-03308,Analytics,2026-03-23
CUST-03309,WhatsApp,2026-01-26
CUST-03309,Analytics,2026-01-12
CUST-03310,WhatsApp,2026-01-12
CUST-03311,AI Voice Agent,2026-01-12
CUST-03311,Analytics,2026-01-05
CUST-03311,Integrations,2026-03-16
CUST-03312,AI Voice Agent,2026-02-23
CUST-03312,Call Routing,2026-02-02
CUST-03313,AI Voice Agent,2026-03-23
CUST-03313,Analytics,2026-03-09
CUST-03314,AI Voice Agent,2026-01-26
CUST-03314,WhatsApp,2026-03-23
CUST-03316,WhatsApp,2026-01-26
CUST-03316,Analytics,2026-01-12
CUST-03316,Call Routing,2026-03-09
CUST-03318,Analytics,2026-01-12
CUST-03318,AI Assist,2026-01-12
CUST-03318,Integrations,2026-02-02
CUST-03319,AI Voice Agent,2026-01-05
CUST-03319,Analytics,2026-01-19
CUST-03319,Call Routing,2026-01-05
CUST-03319,AI Assist,2026-01-12
CUST-03321,WhatsApp,2026-01-26
CUST-03321,Analytics,2026-03-16
CUST-03322,AI Voice Agent,2026-02-02
CUST-03324,AI Assist,2026-01-26
CUST-03324,Integrations,2026-01-26
CUST-03325,AI Voice Agent,2026-03-23
CUST-03325,Analytics,2026-02-23
CUST-03326,WhatsApp,2026-01-19
CUST-03327,AI Voice Agent,2026-03-23
CUST-03327,WhatsApp,2026-03-23
CUST-03328,Integrations,2026-03-09
CUST-03329,Call Routing,2026-01-12
CUST-03330,Call Routing,2026-01-12
CUST-03331,WhatsApp,2026-03-23
CUST-03333,AI Voice Agent,2026-03-16
CUST-03333,WhatsApp,2026-03-23
CUST-03334,WhatsApp,2026-01-12
CUST-03335,WhatsApp,2026-02-09
CUST-03335,AI Assist,2026-03-02
CUST-03335,Integrations,2026-03-23
CUST-03336,Analytics,2026-01-19
CUST-03336,Call Routing,2026-03-09
CUST-03337,AI Voice Agent,2026-02-09
CUST-03337,WhatsApp,2026-01-12
CUST-03337,Analytics,2026-01-05
CUST-03339,WhatsApp,2026-03-16
CUST-03339,Call Routing,2026-02-23
CUST-03339,Integrations,2026-01-19
CUST-03340,AI Voice Agent,2026-03-02
CUST-03340,Call Routing,2026-02-09
CUST-03340,AI Assist,2026-02-23
CUST-03341,AI Voice Agent,2026-01-19
CUST-03341,WhatsApp,2026-02-16
CUST-03341,Analytics,2026-01-05
CUST-03341,Integrations,2026-02-23
CUST-03343,Analytics,2026-01-26
CUST-03344,AI Voice Agent,2026-01-19
CUST-03344,WhatsApp,2026-02-02
CUST-03345,WhatsApp,2026-03-09
CUST-03345,Analytics,2026-03-02
CUST-03345,Call Routing,2026-02-09
CUST-03345,AI Assist,2026-02-23
CUST-03345,Integrations,2026-02-16
CUST-03346,AI Voice Agent,2026-03-09
CUST-03346,WhatsApp,2026-02-16
CUST-03346,Analytics,2026-03-09
CUST-03349,WhatsApp,2026-03-09
CUST-03349,Analytics,2026-03-23
CUST-03350,WhatsApp,2026-02-02
CUST-03350,Integrations,2026-02-09
CUST-03351,WhatsApp,2026-02-23
CUST-03351,AI Assist,2026-01-26
CUST-03352,Call Routing,2026-02-09
CUST-03353,AI Voice Agent,2026-02-02
CUST-03354,WhatsApp,2026-03-02
CUST-03354,Analytics,2026-03-16
CUST-03354,Call Routing,2026-03-09
CUST-03354,Integrations,2026-03-09
CUST-03355,AI Voice Agent,2026-03-16
CUST-03355,Analytics,2026-02-23
CUST-03355,AI Assist,2026-03-23
CUST-03356,WhatsApp,2026-01-12
CUST-03356,Analytics,2026-01-05
CUST-03357,AI Voice Agent,2026-02-23
CUST-03357,WhatsApp,2026-02-09
CUST-03357,Integrations,2026-02-02
CUST-03360,WhatsApp,2026-02-02
CUST-03360,Analytics,2026-03-02
CUST-03361,AI Voice Agent,2026-01-05
CUST-03361,WhatsApp,2026-03-16
CUST-03361,AI Assist,2026-01-26
CUST-03362,WhatsApp,2026-01-05
CUST-03362,AI Assist,2026-01-05
CUST-03363,WhatsApp,2026-03-09
CUST-03363,AI Assist,2026-03-09
CUST-03364,WhatsApp,2026-02-16
CUST-03364,Analytics,2026-02-23
CUST-03364,Call Routing,2026-02-09
CUST-03365,AI Voice Agent,2026-02-23
CUST-03365,AI Assist,2026-02-16
CUST-03366,AI Voice Agent,2026-01-19
CUST-03366,WhatsApp,2026-01-26
CUST-03366,Analytics,2026-01-19
CUST-03366,AI Assist,2026-01-12
CUST-03366,Integrations,2026-01-19
CUST-03369,WhatsApp,2026-03-16
CUST-03369,Call Routing,2026-03-09
CUST-03371,Call Routing,2026-01-26
CUST-03371,Integrations,2026-02-02
CUST-03372,Analytics,2026-03-02
CUST-03373,AI Voice Agent,2026-01-12
CUST-03373,AI Assist,2026-01-12
CUST-03374,Analytics,2026-02-23
CUST-03376,AI Assist,2026-03-23
CUST-03376,Integrations,2026-03-09
CUST-03377,AI Voice Agent,2026-01-05
CUST-03377,Analytics,2026-01-19
CUST-03377,Integrations,2026-02-09
CUST-03378,AI Voice Agent,2026-01-05
CUST-03378,WhatsApp,2026-01-19
CUST-03378,Analytics,2026-01-19
CUST-03379,AI Voice Agent,2026-03-23
CUST-03379,WhatsApp,2026-03-23
CUST-03379,Call Routing,2026-03-23
CUST-03379,AI Assist,2026-03-23
CUST-03380,AI Voice Agent,2026-01-19
CUST-03380,WhatsApp,2026-01-12
CUST-03380,Analytics,2026-01-26
CUST-03381,AI Voice Agent,2026-02-02
CUST-03382,Call Routing,2026-02-02
CUST-03383,WhatsApp,2026-02-09
CUST-03384,WhatsApp,2026-03-16
CUST-03384,Call Routing,2026-03-23
CUST-03385,AI Voice Agent,2026-01-19
CUST-03385,Call Routing,2026-01-12
CUST-03385,AI Assist,2026-01-05
CUST-03386,Analytics,2026-02-09
CUST-03386,Call Routing,2026-01-26
CUST-03387,Analytics,2026-01-05
CUST-03388,AI Voice Agent,2026-02-09
CUST-03388,WhatsApp,2026-03-02
CUST-03388,Integrations,2026-03-16
CUST-03389,WhatsApp,2026-02-16
CUST-03389,Analytics,2026-02-16
CUST-03389,Call Routing,2026-02-16
CUST-03389,Integrations,2026-02-09
CUST-03390,AI Voice Agent,2026-02-02
CUST-03390,WhatsApp,2026-03-16
CUST-03390,Call Routing,2026-02-16
CUST-03391,AI Voice Agent,2026-01-05
CUST-03391,WhatsApp,2026-03-09
CUST-03391,Analytics,2026-01-26
CUST-03391,Call Routing,2026-03-09
CUST-03392,Integrations,2026-02-09
CUST-03393,AI Voice Agent,2026-01-26
CUST-03393,WhatsApp,2026-01-19
CUST-03393,AI Assist,2026-01-05
CUST-03394,WhatsApp,2026-02-09
CUST-03394,Analytics,2026-02-02
CUST-03395,AI Voice Agent,2026-01-19
CUST-03395,WhatsApp,2026-01-19
CUST-03395,Analytics,2026-01-19
CUST-03395,Call Routing,2026-01-19
CUST-03396,AI Voice Agent,2026-01-05
CUST-03396,WhatsApp,2026-02-23
CUST-03396,Analytics,2026-01-19
CUST-03397,WhatsApp,2026-02-23
CUST-03397,Call Routing,2026-03-16
CUST-03399,AI Voice Agent,2026-01-05
CUST-03399,WhatsApp,2026-03-02
CUST-03399,Call Routing,2026-02-16
CUST-03399,Integrations,2026-01-12
CUST-03400,WhatsApp,2026-02-23
CUST-03401,WhatsApp,2026-02-23
CUST-03401,Analytics,2026-01-26
CUST-03402,AI Voice Agent,2026-03-23
CUST-03402,Analytics,2026-03-02
CUST-03402,Call Routing,2026-03-23
CUST-03402,AI Assist,2026-03-09
CUST-03404,AI Voice Agent,2026-02-23
CUST-03404,Analytics,2026-03-02
CUST-03405,WhatsApp,2026-01-26
CUST-03405,Analytics,2026-02-02
CUST-03406,AI Voice Agent,2026-02-02
CUST-03406,Analytics,2026-02-23
CUST-03407,AI Voice Agent,2026-01-19
CUST-03407,WhatsApp,2026-03-02
CUST-03408,AI Voice Agent,2026-01-05
CUST-03408,WhatsApp,2026-01-05
CUST-03408,Call Routing,2026-01-05
CUST-03408,Integrations,2026-01-05
CUST-03409,Analytics,2026-01-05
CUST-03409,Call Routing,2026-01-05
CUST-03410,AI Voice Agent,2026-01-05
CUST-03410,Analytics,2026-01-12
CUST-03410,Call Routing,2026-01-12
CUST-03410,AI Assist,2026-01-19
CUST-03410,Integrations,2026-01-12
CUST-03411,WhatsApp,2026-03-02
CUST-03411,Call Routing,2026-03-02
CUST-03412,WhatsApp,2026-02-23
CUST-03413,WhatsApp,2026-01-19
CUST-03413,Analytics,2026-01-19
CUST-03413,Call Routing,2026-01-12
CUST-03413,AI Assist,2026-01-12
CUST-03414,Call Routing,2026-02-23
CUST-03415,Call Routing,2026-03-02
CUST-03416,Analytics,2026-01-26
CUST-03416,Integrations,2026-01-19
CUST-03417,AI Voice Agent,2026-02-09
CUST-03417,WhatsApp,2026-02-23
CUST-03417,AI Assist,2026-02-23
CUST-03418,WhatsApp,2026-01-12
CUST-03418,Analytics,2026-02-02
CUST-03419,WhatsApp,2026-02-09
CUST-03419,Call Routing,2026-02-09
CUST-03419,AI Assist,2026-02-09
CUST-03420,Analytics,2026-01-05
CUST-03421,Analytics,2026-03-16
CUST-03421,Integrations,2026-03-09
CUST-03422,WhatsApp,2026-02-09
CUST-03422,Analytics,2026-02-02
CUST-03422,Call Routing,2026-02-09
CUST-03422,AI Assist,2026-01-05
CUST-03422,Integrations,2026-02-16
CUST-03423,Call Routing,2026-01-05
CUST-03423,Integrations,2026-02-02
CUST-03424,WhatsApp,2026-03-09
CUST-03424,Analytics,2026-03-09
CUST-03425,WhatsApp,2026-01-26
CUST-03425,Call Routing,2026-01-26
CUST-03426,WhatsApp,2026-03-16
CUST-03426,Call Routing,2026-03-16
CUST-03426,AI Assist,2026-03-16
CUST-03427,AI Voice Agent,2026-01-12
CUST-03427,WhatsApp,2026-03-16
CUST-03427,Analytics,2026-01-26
CUST-03428,Analytics,2026-03-02
CUST-03428,Call Routing,2026-02-02
CUST-03429,Call Routing,2026-01-19
CUST-03430,AI Voice Agent,2026-02-09
CUST-03430,Integrations,2026-02-02
CUST-03431,WhatsApp,2026-02-16
CUST-03431,Analytics,2026-03-23
CUST-03431,AI Assist,2026-03-16
CUST-03432,AI Voice Agent,2026-01-26
CUST-03433,Integrations,2026-02-23
CUST-03434,WhatsApp,2026-01-19
CUST-03434,AI Assist,2026-01-05
CUST-03434,Integrations,2026-02-16
CUST-03436,AI Voice Agent,2026-03-02
CUST-03437,Call Routing,2026-02-23
CUST-03438,Analytics,2026-01-12
CUST-03439,WhatsApp,2026-01-26
CUST-03439,Analytics,2026-02-02
CUST-03439,Call Routing,2026-03-16
CUST-03440,WhatsApp,2026-03-02
CUST-03440,Analytics,2026-03-16
CUST-03441,Call Routing,2026-02-16
CUST-03442,WhatsApp,2026-01-12
CUST-03443,WhatsApp,2026-01-19
CUST-03443,Analytics,2026-01-26
CUST-03444,Integrations,2026-01-26
CUST-03445,AI Voice Agent,2026-02-09
CUST-03445,WhatsApp,2026-01-19
CUST-03445,Analytics,2026-02-02
CUST-03446,AI Voice Agent,2026-01-19
CUST-03446,Call Routing,2026-02-09
CUST-03446,Integrations,2026-02-23
CUST-03447,AI Voice Agent,2026-01-12
CUST-03447,WhatsApp,2026-02-16
CUST-03447,Analytics,2026-02-23
CUST-03447,Call Routing,2026-02-02
CUST-03447,AI Assist,2026-03-16
CUST-03447,Integrations,2026-03-23
CUST-03448,AI Voice Agent,2026-01-19
CUST-03448,Analytics,2026-03-09
CUST-03449,WhatsApp,2026-01-12
CUST-03450,WhatsApp,2026-01-26
CUST-03450,Call Routing,2026-01-26
CUST-03450,AI Assist,2026-01-19
CUST-03451,WhatsApp,2026-02-09
CUST-03451,Call Routing,2026-02-02
CUST-03451,AI Assist,2026-02-23
CUST-03452,WhatsApp,2026-03-16
CUST-03454,Call Routing,2026-01-12
CUST-03454,AI Assist,2026-01-05
CUST-03455,AI Voice Agent,2026-01-12
CUST-03455,WhatsApp,2026-03-23
CUST-03455,Analytics,2026-01-12
CUST-03455,Call Routing,2026-02-02
CUST-03456,Analytics,2026-02-09
CUST-03457,AI Voice Agent,2026-01-26
CUST-03457,WhatsApp,2026-01-26
CUST-03457,Analytics,2026-01-12
CUST-03457,AI Assist,2026-01-12
CUST-03457,Integrations,2026-01-26
CUST-03458,Call Routing,2026-01-12
CUST-03458,AI Assist,2026-01-12
CUST-03459,AI Voice Agent,2026-01-19
CUST-03459,Call Routing,2026-03-16
CUST-03459,AI Assist,2026-03-23
CUST-03460,AI Voice Agent,2026-01-26
CUST-03460,Analytics,2026-01-26
CUST-03462,WhatsApp,2026-02-09
CUST-03462,AI Assist,2026-03-16
CUST-03463,WhatsApp,2026-02-09
CUST-03463,AI Assist,2026-02-23
CUST-03465,AI Voice Agent,2026-01-05
CUST-03465,AI Assist,2026-03-09
CUST-03465,Integrations,2026-03-02
CUST-03466,AI Voice Agent,2026-02-09
CUST-03466,WhatsApp,2026-03-23
CUST-03466,Call Routing,2026-01-12
CUST-03467,WhatsApp,2026-03-16
CUST-03467,AI Assist,2026-02-23
CUST-03468,WhatsApp,2026-03-09
CUST-03468,Call Routing,2026-03-16
CUST-03469,Analytics,2026-01-12
CUST-03470,WhatsApp,2026-02-02
CUST-03470,Integrations,2026-02-02
CUST-03471,Analytics,2026-02-23
CUST-03471,AI Assist,2026-01-26
CUST-03472,WhatsApp,2026-01-12
CUST-03472,Analytics,2026-01-19
CUST-03472,Call Routing,2026-01-19
CUST-03473,Analytics,2026-02-02
CUST-03474,WhatsApp,2026-02-23
CUST-03474,Analytics,2026-03-02
CUST-03475,WhatsApp,2026-01-19
CUST-03475,Call Routing,2026-02-16
CUST-03476,WhatsApp,2026-03-09
CUST-03476,Analytics,2026-02-23
CUST-03477,AI Voice Agent,2026-02-09
CUST-03477,Integrations,2026-02-23
CUST-03478,Call Routing,2026-02-23
CUST-03479,WhatsApp,2026-03-09
CUST-03479,Integrations,2026-03-09
CUST-03480,AI Assist,2026-02-16
CUST-03481,Analytics,2026-03-23
CUST-03481,Call Routing,2026-03-23
CUST-03481,AI Assist,2026-02-16
CUST-03482,Integrations,2026-02-02
CUST-03483,AI Voice Agent,2026-01-05
CUST-03483,Call Routing,2026-01-05
CUST-03483,AI Assist,2026-01-05
CUST-03484,AI Voice Agent,2026-01-26
CUST-03484,WhatsApp,2026-03-16
CUST-03484,Analytics,2026-03-02
CUST-03484,Call Routing,2026-02-02
CUST-03484,AI Assist,2026-02-23
CUST-03485,AI Voice Agent,2026-01-12
CUST-03485,WhatsApp,2026-03-16
CUST-03485,Call Routing,2026-03-23
CUST-03486,WhatsApp,2026-03-09
CUST-03486,Analytics,2026-03-23
CUST-03487,AI Assist,2026-01-19
CUST-03489,WhatsApp,2026-02-09
CUST-03490,WhatsApp,2026-01-19
CUST-03490,Analytics,2026-02-02
CUST-03490,Integrations,2026-01-26
CUST-03492,Analytics,2026-01-26
CUST-03493,AI Voice Agent,2026-02-02
CUST-03493,Analytics,2026-02-23
CUST-03494,WhatsApp,2026-02-09
CUST-03494,Call Routing,2026-01-26
CUST-03494,Integrations,2026-01-26
CUST-03495,AI Assist,2026-03-09
CUST-03496,WhatsApp,2026-01-26
CUST-03496,Analytics,2026-01-05
CUST-03497,WhatsApp,2026-01-19
CUST-03498,WhatsApp,2026-01-12
CUST-03499,Analytics,2026-03-02
CUST-03499,Call Routing,2026-01-19
CUST-03500,AI Voice Agent,2026-02-23
CUST-03500,WhatsApp,2026-03-23
CUST-03500,Analytics,2026-03-02
CUST-03500,Integrations,2026-03-23
CUST-03501,WhatsApp,2026-01-26
CUST-03501,Call Routing,2026-02-02
CUST-03503,WhatsApp,2026-01-19
CUST-03503,Analytics,2026-01-19
CUST-03503,Integrations,2026-01-19
CUST-03504,WhatsApp,2026-02-23
CUST-03504,Call Routing,2026-03-09
CUST-03505,AI Voice Agent,2026-03-09
CUST-03505,Analytics,2026-03-16
CUST-03505,Call Routing,2026-03-16
CUST-03505,Integrations,2026-03-09
CUST-03506,WhatsApp,2026-02-02
CUST-03506,Call Routing,2026-03-09
CUST-03506,Integrations,2026-03-23
CUST-03507,WhatsApp,2026-03-09
CUST-03507,AI Assist,2026-01-05
CUST-03509,AI Voice Agent,2026-01-05
CUST-03509,WhatsApp,2026-01-26
CUST-03510,AI Voice Agent,2026-01-19
CUST-03510,WhatsApp,2026-02-23
CUST-03511,Call Routing,2026-01-19
CUST-03512,Analytics,2026-01-26
CUST-03512,Call Routing,2026-01-26
CUST-03513,AI Voice Agent,2026-01-19
CUST-03513,WhatsApp,2026-01-19
CUST-03513,AI Assist,2026-01-05
CUST-03514,WhatsApp,2026-01-12
CUST-03514,Analytics,2026-01-19
CUST-03515,WhatsApp,2026-01-12
CUST-03515,Call Routing,2026-01-26
CUST-03515,Integrations,2026-02-02
CUST-03516,AI Voice Agent,2026-01-05
CUST-03516,Analytics,2026-03-16
CUST-03516,AI Assist,2026-01-19
CUST-03517,Analytics,2026-02-09
CUST-03519,WhatsApp,2026-01-19
CUST-03520,Analytics,2026-02-16
CUST-03520,Call Routing,2026-02-16
CUST-03521,WhatsApp,2026-03-23
CUST-03522,AI Voice Agent,2026-01-26
CUST-03522,WhatsApp,2026-01-05
CUST-03522,Call Routing,2026-03-16
CUST-03523,AI Voice Agent,2026-01-19
CUST-03523,WhatsApp,2026-02-09
CUST-03523,AI Assist,2026-02-09
CUST-03524,Call Routing,2026-01-05
CUST-03525,AI Voice Agent,2026-02-02
CUST-03525,Call Routing,2026-02-09
CUST-03528,WhatsApp,2026-03-02
CUST-03528,Analytics,2026-03-16
CUST-03529,WhatsApp,2026-02-02
CUST-03529,Analytics,2026-02-16
CUST-03529,Call Routing,2026-01-26
CUST-03530,Call Routing,2026-03-02
CUST-03530,Integrations,2026-03-09
CUST-03531,WhatsApp,2026-02-16
CUST-03532,AI Voice Agent,2026-01-26
CUST-03532,Call Routing,2026-01-05
CUST-03533,Analytics,2026-02-09
CUST-03533,Call Routing,2026-03-09
CUST-03533,AI Assist,2026-03-09
CUST-03534,WhatsApp,2026-02-16
CUST-03534,Call Routing,2026-03-02
CUST-03534,Integrations,2026-02-23
CUST-03535,AI Voice Agent,2026-01-26
CUST-03536,Integrations,2026-03-16
CUST-03537,Call Routing,2026-03-02
CUST-03538,WhatsApp,2026-01-12
CUST-03538,Analytics,2026-03-09
CUST-03538,Call Routing,2026-03-16
CUST-03538,Integrations,2026-02-09
CUST-03539,Call Routing,2026-02-02
CUST-03540,WhatsApp,2026-01-26
CUST-03540,Analytics,2026-01-12
CUST-03540,AI Assist,2026-02-02
CUST-03542,WhatsApp,2026-03-02
CUST-03542,Analytics,2026-03-02
CUST-03542,Integrations,2026-03-09
CUST-03543,WhatsApp,2026-02-02
CUST-03543,Analytics,2026-02-02
CUST-03543,Call Routing,2026-01-26
CUST-03544,WhatsApp,2026-02-16
CUST-03545,AI Voice Agent,2026-02-23
CUST-03545,WhatsApp,2026-03-09
CUST-03545,Call Routing,2026-01-26
CUST-03545,AI Assist,2026-02-02
CUST-03546,Call Routing,2026-02-09
CUST-03546,Integrations,2026-01-26
CUST-03549,AI Voice Agent,2026-03-16
CUST-03549,WhatsApp,2026-03-16
CUST-03549,Analytics,2026-03-02
CUST-03549,Call Routing,2026-03-02
CUST-03550,AI Voice Agent,2026-02-02
CUST-03550,WhatsApp,2026-01-12
CUST-03551,Call Routing,2026-03-02
CUST-03552,AI Voice Agent,2026-03-02
CUST-03552,WhatsApp,2026-02-09
CUST-03552,AI Assist,2026-02-23
CUST-03553,AI Voice Agent,2026-02-23
CUST-03553,Analytics,2026-02-09
CUST-03553,AI Assist,2026-02-16
CUST-03554,Call Routing,2026-01-26
CUST-03554,AI Assist,2026-02-02
CUST-03555,WhatsApp,2026-01-05
CUST-03555,Call Routing,2026-01-05
CUST-03557,AI Voice Agent,2026-02-23
CUST-03557,Call Routing,2026-03-16
CUST-03558,WhatsApp,2026-02-23
CUST-03558,Call Routing,2026-03-23
CUST-03559,AI Voice Agent,2026-02-02
CUST-03559,Analytics,2026-02-02
CUST-03559,Integrations,2026-03-16
CUST-03560,WhatsApp,2026-03-02
CUST-03560,AI Assist,2026-03-16
CUST-03561,Call Routing,2026-02-02
CUST-03561,AI Assist,2026-02-02
CUST-03562,Call Routing,2026-02-23
CUST-03563,WhatsApp,2026-01-05
CUST-03563,Integrations,2026-01-05
CUST-03564,AI Assist,2026-01-19
CUST-03565,WhatsApp,2026-03-09
CUST-03567,AI Voice Agent,2026-01-12
CUST-03567,WhatsApp,2026-01-19
CUST-03568,AI Voice Agent,2026-01-12
CUST-03568,Analytics,2026-02-09
CUST-03568,AI Assist,2026-02-16
CUST-03569,AI Voice Agent,2026-02-23
CUST-03569,WhatsApp,2026-02-09
CUST-03569,Call Routing,2026-03-02
CUST-03569,AI Assist,2026-03-09
CUST-03570,WhatsApp,2026-02-02
CUST-03570,Analytics,2026-01-26
CUST-03571,AI Voice Agent,2026-02-02
CUST-03571,WhatsApp,2026-01-12
CUST-03571,Call Routing,2026-01-05
CUST-03571,Integrations,2026-02-23
CUST-03572,Analytics,2026-02-16
CUST-03574,AI Voice Agent,2026-03-23
CUST-03574,WhatsApp,2026-03-16
CUST-03574,Call Routing,2026-03-16
CUST-03576,WhatsApp,2026-01-05
CUST-03576,AI Assist,2026-01-05
CUST-03578,WhatsApp,2026-03-09
CUST-03578,Call Routing,2026-03-02
CUST-03579,Call Routing,2026-01-19
CUST-03580,Analytics,2026-03-09
CUST-03581,WhatsApp,2026-03-09
CUST-03581,Call Routing,2026-03-02
CUST-03582,Analytics,2026-03-09
CUST-03583,Analytics,2026-01-12
CUST-03584,WhatsApp,2026-02-23
CUST-03584,Analytics,2026-03-09
CUST-03584,Call Routing,2026-03-23
CUST-03585,Analytics,2026-02-23
CUST-03586,WhatsApp,2026-01-12
CUST-03586,Call Routing,2026-01-12
CUST-03587,AI Voice Agent,2026-01-19
CUST-03587,Call Routing,2026-03-09
CUST-03588,AI Voice Agent,2026-01-26
CUST-03588,WhatsApp,2026-01-12
CUST-03588,Analytics,2026-01-19
CUST-03589,WhatsApp,2026-01-19
CUST-03589,Call Routing,2026-01-12
CUST-03590,Call Routing,2026-01-12
CUST-03591,AI Voice Agent,2026-01-19
CUST-03591,WhatsApp,2026-02-16
CUST-03591,Call Routing,2026-01-19
CUST-03591,AI Assist,2026-01-12
CUST-03592,AI Voice Agent,2026-02-09
CUST-03592,WhatsApp,2026-03-16
CUST-03592,Analytics,2026-02-16
CUST-03592,AI Assist,2026-01-12
CUST-03593,AI Voice Agent,2026-02-09
CUST-03593,Call Routing,2026-01-19
CUST-03593,AI Assist,2026-01-19
CUST-03594,AI Voice Agent,2026-01-05
CUST-03594,Call Routing,2026-01-05
CUST-03594,AI Assist,2026-01-05
CUST-03594,Integrations,2026-01-05
CUST-03595,WhatsApp,2026-03-16
CUST-03596,Analytics,2026-03-16
CUST-03596,AI Assist,2026-03-16
CUST-03596,Integrations,2026-03-09
CUST-03597,WhatsApp,2026-01-26
CUST-03597,Call Routing,2026-01-26
CUST-03597,Integrations,2026-01-26
CUST-03598,WhatsApp,2026-03-09
CUST-03598,Call Routing,2026-02-23
CUST-03599,AI Voice Agent,2026-01-26
CUST-03599,Analytics,2026-01-05
CUST-03599,Call Routing,2026-03-09
CUST-03599,Integrations,2026-02-09
CUST-03600,WhatsApp,2026-02-09
CUST-03600,Call Routing,2026-01-26
CUST-03601,AI Voice Agent,2026-02-09
CUST-03601,WhatsApp,2026-03-23
CUST-03601,Analytics,2026-03-16
CUST-03601,AI Assist,2026-02-23
CUST-03601,Integrations,2026-02-16
CUST-03603,AI Voice Agent,2026-01-05
CUST-03603,Analytics,2026-01-26
CUST-03603,Call Routing,2026-02-09
CUST-03603,AI Assist,2026-01-26
CUST-03604,AI Voice Agent,2026-02-02
CUST-03604,AI Assist,2026-02-23
CUST-03605,WhatsApp,2026-01-12
CUST-03606,AI Voice Agent,2026-03-09
CUST-03607,AI Voice Agent,2026-02-09
CUST-03607,WhatsApp,2026-01-19
CUST-03607,Analytics,2026-02-16
CUST-03607,Integrations,2026-01-12
CUST-03608,WhatsApp,2026-02-16
CUST-03608,Analytics,2026-02-16
CUST-03608,AI Assist,2026-02-09
CUST-03609,WhatsApp,2026-02-02
CUST-03611,WhatsApp,2026-02-16
CUST-03611,Analytics,2026-02-02
CUST-03612,AI Voice Agent,2026-01-12
CUST-03612,Analytics,2026-02-23
CUST-03614,WhatsApp,2026-02-02
CUST-03614,AI Assist,2026-03-09
CUST-03616,AI Voice Agent,2026-01-26
CUST-03616,WhatsApp,2026-02-23
CUST-03616,Analytics,2026-02-16
CUST-03616,Call Routing,2026-02-16
CUST-03616,AI Assist,2026-03-02
CUST-03616,Integrations,2026-02-23
CUST-03617,Analytics,2026-01-19
CUST-03618,Call Routing,2026-03-16
CUST-03619,AI Voice Agent,2026-02-02
CUST-03619,WhatsApp,2026-03-09
CUST-03619,Integrations,2026-03-16
CUST-03620,WhatsApp,2026-03-16
CUST-03620,Integrations,2026-03-09
CUST-03622,Analytics,2026-03-16
CUST-03622,Call Routing,2026-02-16
CUST-03622,AI Assist,2026-03-16
CUST-03623,AI Voice Agent,2026-03-09
CUST-03623,Analytics,2026-02-23
CUST-03623,Call Routing,2026-03-16
CUST-03623,AI Assist,2026-03-23
CUST-03624,Analytics,2026-01-19
CUST-03625,WhatsApp,2026-01-19
CUST-03626,AI Voice Agent,2026-03-23
CUST-03626,WhatsApp,2026-03-09
CUST-03627,WhatsApp,2026-03-23
CUST-03627,Call Routing,2026-03-02
CUST-03628,Analytics,2026-01-26
CUST-03628,AI Assist,2026-02-16
CUST-03629,WhatsApp,2026-03-16
CUST-03629,Call Routing,2026-01-26
CUST-03629,AI Assist,2026-03-16
CUST-03631,AI Voice Agent,2026-01-12
CUST-03631,AI Assist,2026-01-05
CUST-03632,AI Voice Agent,2026-02-09
CUST-03632,Analytics,2026-03-02
CUST-03632,Integrations,2026-03-09
CUST-03633,WhatsApp,2026-01-12
CUST-03634,WhatsApp,2026-02-02
CUST-03634,Integrations,2026-03-09
CUST-03635,AI Voice Agent,2026-02-02
CUST-03635,WhatsApp,2026-01-26
CUST-03636,WhatsApp,2026-02-16
CUST-03637,AI Voice Agent,2026-01-19
CUST-03637,Call Routing,2026-01-12
CUST-03637,AI Assist,2026-02-09
CUST-03638,WhatsApp,2026-02-09
CUST-03638,Analytics,2026-03-16
CUST-03640,AI Voice Agent,2026-03-16
CUST-03640,WhatsApp,2026-03-02
CUST-03641,Analytics,2026-03-16
CUST-03643,Analytics,2026-02-02
CUST-03643,AI Assist,2026-03-02
CUST-03643,Integrations,2026-03-02
CUST-03644,WhatsApp,2026-01-26
CUST-03644,Integrations,2026-01-19
CUST-03645,Analytics,2026-02-23
CUST-03645,Call Routing,2026-02-23
CUST-03646,AI Voice Agent,2026-03-23
CUST-03646,Analytics,2026-03-23
CUST-03646,Call Routing,2026-03-16
CUST-03646,AI Assist,2026-02-23
CUST-03646,Integrations,2026-03-23
CUST-03647,Analytics,2026-01-12
CUST-03647,Call Routing,2026-01-12
CUST-03648,WhatsApp,2026-03-23
CUST-03648,Analytics,2026-02-16
CUST-03648,AI Assist,2026-03-16
CUST-03649,AI Voice Agent,2026-01-19
CUST-03649,Call Routing,2026-01-19
CUST-03649,Integrations,2026-02-23
CUST-03650,Call Routing,2026-03-02
CUST-03650,Integrations,2026-03-23
CUST-03651,WhatsApp,2026-01-12
CUST-03652,WhatsApp,2026-03-09
CUST-03652,Analytics,2026-02-09
CUST-03653,AI Voice Agent,2026-03-09
CUST-03653,Analytics,2026-03-23
CUST-03653,AI Assist,2026-03-16
CUST-03654,Call Routing,2026-01-05
CUST-03654,Integrations,2026-03-09
CUST-03655,Analytics,2026-01-12
CUST-03655,AI Assist,2026-01-12
CUST-03655,Integrations,2026-01-12
CUST-03656,WhatsApp,2026-02-02
CUST-03656,Analytics,2026-01-26
CUST-03656,Call Routing,2026-01-12
CUST-03657,Call Routing,2026-01-05
CUST-03658,WhatsApp,2026-01-05
CUST-03658,Analytics,2026-01-12
CUST-03658,Integrations,2026-01-05
CUST-03660,Analytics,2026-02-09
CUST-03660,Call Routing,2026-01-19
CUST-03661,WhatsApp,2026-02-09
CUST-03661,Analytics,2026-02-23
CUST-03661,AI Assist,2026-02-09
CUST-03662,Call Routing,2026-02-16
CUST-03663,WhatsApp,2026-03-16
CUST-03663,Analytics,2026-03-02
CUST-03664,WhatsApp,2026-02-02
CUST-03664,AI Assist,2026-01-12
CUST-03665,Analytics,2026-03-02
CUST-03667,Analytics,2026-02-02
CUST-03668,WhatsApp,2026-03-09
CUST-03669,Analytics,2026-01-12
CUST-03670,AI Voice Agent,2026-02-09
CUST-03670,WhatsApp,2026-02-02
CUST-03670,Analytics,2026-01-12
CUST-03670,AI Assist,2026-02-02
CUST-03671,AI Voice Agent,2026-01-26
CUST-03671,WhatsApp,2026-02-09
CUST-03671,Analytics,2026-01-19
CUST-03672,WhatsApp,2026-01-26
CUST-03672,Call Routing,2026-01-19
CUST-03673,AI Voice Agent,2026-02-09
CUST-03673,WhatsApp,2026-02-16
CUST-03673,Analytics,2026-01-12
CUST-03673,AI Assist,2026-01-12
CUST-03674,Analytics,2026-02-02
CUST-03674,Call Routing,2026-02-02
CUST-03675,WhatsApp,2026-01-26
CUST-03675,AI Assist,2026-01-19
CUST-03676,Analytics,2026-03-02
CUST-03678,AI Voice Agent,2026-01-05
CUST-03678,WhatsApp,2026-02-09
CUST-03678,Analytics,2026-02-09
CUST-03679,WhatsApp,2026-03-09
CUST-03679,Analytics,2026-03-16
CUST-03679,AI Assist,2026-03-23
CUST-03680,AI Voice Agent,2026-01-26
CUST-03680,WhatsApp,2026-01-26
CUST-03680,Call Routing,2026-02-02
CUST-03681,WhatsApp,2026-03-02
CUST-03681,Analytics,2026-03-02
CUST-03682,AI Assist,2026-03-16
CUST-03684,Analytics,2026-02-23
CUST-03686,WhatsApp,2026-01-26
CUST-03686,Analytics,2026-02-02
CUST-03687,WhatsApp,2026-02-09
CUST-03688,AI Voice Agent,2026-02-02
CUST-03688,Integrations,2026-03-02
CUST-03689,AI Assist,2026-01-12
CUST-03689,Integrations,2026-01-12
CUST-03690,Call Routing,2026-01-12
CUST-03691,WhatsApp,2026-01-26
CUST-03691,Analytics,2026-03-09
CUST-03691,Call Routing,2026-01-05
CUST-03692,WhatsApp,2026-01-05
CUST-03693,WhatsApp,2026-02-09
CUST-03693,Call Routing,2026-02-09
CUST-03694,Analytics,2026-01-05
CUST-03694,Call Routing,2026-03-16
CUST-03696,WhatsApp,2026-01-19
CUST-03697,WhatsApp,2026-02-09
CUST-03698,AI Voice Agent,2026-02-09
CUST-03698,WhatsApp,2026-01-19
CUST-03698,Analytics,2026-03-23
CUST-03699,AI Voice Agent,2026-01-05
CUST-03699,WhatsApp,2026-01-12
CUST-03699,Analytics,2026-01-12
CUST-03699,Call Routing,2026-01-12
CUST-03700,AI Voice Agent,2026-01-12
CUST-03700,WhatsApp,2026-01-12
CUST-03700,Call Routing,2026-01-12
CUST-03700,AI Assist,2026-01-19
CUST-03701,WhatsApp,2026-02-16
CUST-03701,Call Routing,2026-03-02
CUST-03701,AI Assist,2026-02-02
CUST-03702,Analytics,2026-02-09
CUST-03702,Call Routing,2026-02-23
CUST-03702,AI Assist,2026-01-12
CUST-03702,Integrations,2026-01-19
CUST-03703,AI Voice Agent,2026-02-09
CUST-03704,AI Voice Agent,2026-02-02
CUST-03705,AI Voice Agent,2026-01-26
CUST-03705,WhatsApp,2026-01-12
CUST-03705,Call Routing,2026-03-16
CUST-03705,Integrations,2026-02-02
CUST-03706,WhatsApp,2026-02-23
CUST-03706,Call Routing,2026-02-23
CUST-03707,WhatsApp,2026-01-12
CUST-03707,Call Routing,2026-01-26
CUST-03708,Analytics,2026-02-16
CUST-03708,Call Routing,2026-02-09
CUST-03709,WhatsApp,2026-03-02
CUST-03709,Analytics,2026-02-16
CUST-03709,AI Assist,2026-02-16
CUST-03710,Analytics,2026-01-12
CUST-03710,Call Routing,2026-01-12
CUST-03711,WhatsApp,2026-03-09
CUST-03712,WhatsApp,2026-02-09
CUST-03712,Analytics,2026-02-09
CUST-03712,AI Assist,2026-02-02
CUST-03714,AI Voice Agent,2026-03-23
CUST-03714,WhatsApp,2026-03-09
CUST-03715,Analytics,2026-03-23
CUST-03715,Call Routing,2026-03-16
CUST-03716,WhatsApp,2026-01-12
CUST-03716,Analytics,2026-01-19
CUST-03717,AI Voice Agent,2026-01-19
CUST-03717,Analytics,2026-01-12
CUST-03717,AI Assist,2026-01-19
CUST-03718,WhatsApp,2026-02-16
CUST-03720,AI Voice Agent,2026-03-23
CUST-03720,WhatsApp,2026-03-09
CUST-03720,Call Routing,2026-03-09
CUST-03721,Call Routing,2026-03-02
CUST-03722,Call Routing,2026-01-12
CUST-03722,Integrations,2026-01-12
CUST-03723,AI Voice Agent,2026-02-23
CUST-03723,WhatsApp,2026-03-16
CUST-03723,AI Assist,2026-03-09
CUST-03723,Integrations,2026-03-23
CUST-03724,AI Voice Agent,2026-01-05
CUST-03724,WhatsApp,2026-01-05
CUST-03724,Analytics,2026-02-16
CUST-03725,WhatsApp,2026-01-26
CUST-03725,Analytics,2026-01-12
CUST-03725,Integrations,2026-01-12
CUST-03726,Analytics,2026-03-02
CUST-03727,AI Voice Agent,2026-03-02
CUST-03727,Analytics,2026-03-16
CUST-03727,Call Routing,2026-03-02
CUST-03727,AI Assist,2026-03-09
CUST-03728,AI Voice Agent,2026-02-23
CUST-03729,AI Voice Agent,2026-02-09
CUST-03729,WhatsApp,2026-02-02
CUST-03729,Call Routing,2026-02-16
CUST-03730,WhatsApp,2026-03-23
CUST-03730,Call Routing,2026-03-16
CUST-03731,Call Routing,2026-02-09
CUST-03732,AI Voice Agent,2026-01-19
CUST-03732,WhatsApp,2026-01-19
CUST-03733,Call Routing,2026-03-09
CUST-03733,AI Assist,2026-02-16
CUST-03734,AI Voice Agent,2026-03-02
CUST-03734,WhatsApp,2026-02-23
CUST-03734,AI Assist,2026-03-02
CUST-03735,Analytics,2026-01-19
CUST-03735,Call Routing,2026-01-26
CUST-03737,Analytics,2026-01-12
CUST-03737,Call Routing,2026-01-12
CUST-03737,AI Assist,2026-01-12
CUST-03738,WhatsApp,2026-01-19
CUST-03738,Analytics,2026-01-26
CUST-03739,WhatsApp,2026-03-16
CUST-03739,Analytics,2026-02-02
CUST-03739,Call Routing,2026-03-09
CUST-03739,AI Assist,2026-03-02
CUST-03740,AI Voice Agent,2026-03-23
CUST-03741,Integrations,2026-02-23
CUST-03742,AI Voice Agent,2026-01-05
CUST-03742,Call Routing,2026-01-19
CUST-03743,WhatsApp,2026-01-19
CUST-03743,Call Routing,2026-01-12
CUST-03744,AI Voice Agent,2026-01-05
CUST-03744,Analytics,2026-01-19
CUST-03745,Analytics,2026-01-05
CUST-03746,AI Voice Agent,2026-02-09
CUST-03746,WhatsApp,2026-03-23
CUST-03746,Analytics,2026-01-26
CUST-03746,AI Assist,2026-02-16
CUST-03747,AI Voice Agent,2026-02-09
CUST-03747,WhatsApp,2026-03-09
CUST-03747,Call Routing,2026-03-02
CUST-03747,AI Assist,2026-03-02
CUST-03747,Integrations,2026-03-02
CUST-03748,AI Voice Agent,2026-02-16
CUST-03748,WhatsApp,2026-01-26
CUST-03749,WhatsApp,2026-03-02
CUST-03750,Analytics,2026-01-19
CUST-03751,AI Voice Agent,2026-01-05
CUST-03751,Analytics,2026-02-23
CUST-03751,Call Routing,2026-01-19
CUST-03751,AI Assist,2026-01-19
CUST-03752,WhatsApp,2026-01-12
CUST-03753,Call Routing,2026-01-19
CUST-03754,Call Routing,2026-03-16
CUST-03755,AI Voice Agent,2026-02-02
CUST-03755,WhatsApp,2026-02-02
CUST-03755,Analytics,2026-03-09
CUST-03755,AI Assist,2026-03-02
CUST-03756,AI Voice Agent,2026-01-26
CUST-03756,Analytics,2026-02-16
CUST-03756,Call Routing,2026-02-09
CUST-03756,AI Assist,2026-02-23
CUST-03757,AI Voice Agent,2026-01-05
CUST-03757,WhatsApp,2026-02-23
CUST-03758,WhatsApp,2026-02-09
CUST-03758,AI Assist,2026-01-12
CUST-03759,Analytics,2026-01-12
CUST-03759,Integrations,2026-02-23
CUST-03760,WhatsApp,2026-01-26
CUST-03760,Analytics,2026-01-05
CUST-03760,Call Routing,2026-01-26
CUST-03761,AI Voice Agent,2026-02-16
CUST-03761,Analytics,2026-02-23
CUST-03762,WhatsApp,2026-03-09
CUST-03762,Call Routing,2026-02-09
CUST-03763,AI Voice Agent,2026-01-12
CUST-03763,AI Assist,2026-01-05
CUST-03763,Integrations,2026-01-12
CUST-03764,AI Voice Agent,2026-01-12
CUST-03764,Call Routing,2026-01-05
CUST-03764,AI Assist,2026-01-19
CUST-03765,WhatsApp,2026-02-09
CUST-03765,Analytics,2026-03-16
CUST-03765,Call Routing,2026-02-16
CUST-03765,AI Assist,2026-03-09
CUST-03766,Analytics,2026-01-26
CUST-03767,AI Voice Agent,2026-03-23
CUST-03767,Analytics,2026-03-23
CUST-03769,WhatsApp,2026-03-02
CUST-03769,AI Assist,2026-01-19
CUST-03770,AI Voice Agent,2026-02-16
CUST-03770,WhatsApp,2026-02-16
CUST-03770,Call Routing,2026-03-09
CUST-03771,AI Voice Agent,2026-01-19
CUST-03771,WhatsApp,2026-01-19
CUST-03771,Analytics,2026-01-12
CUST-03772,AI Voice Agent,2026-01-05
CUST-03772,WhatsApp,2026-03-16
CUST-03772,Analytics,2026-02-23
CUST-03772,Integrations,2026-01-26
CUST-03773,Analytics,2026-03-16
CUST-03774,Call Routing,2026-01-12
CUST-03775,WhatsApp,2026-03-16
CUST-03775,Call Routing,2026-03-16
CUST-03777,WhatsApp,2026-01-26
CUST-03777,Integrations,2026-01-12
CUST-03778,AI Voice Agent,2026-01-05
CUST-03778,Analytics,2026-02-16
CUST-03778,Call Routing,2026-02-02
CUST-03778,AI Assist,2026-01-12
CUST-03779,Analytics,2026-01-05
CUST-03779,Integrations,2026-01-19
CUST-03780,WhatsApp,2026-02-16
CUST-03780,Call Routing,2026-02-23
CUST-03781,WhatsApp,2026-02-09
CUST-03781,Call Routing,2026-02-09
CUST-03781,AI Assist,2026-01-12
CUST-03781,Integrations,2026-03-02
CUST-03782,AI Voice Agent,2026-01-12
CUST-03782,WhatsApp,2026-02-09
CUST-03782,Call Routing,2026-02-16
CUST-03782,AI Assist,2026-01-12
CUST-03782,Integrations,2026-01-19
CUST-03783,Analytics,2026-01-05
CUST-03784,Analytics,2026-01-05
CUST-03784,Call Routing,2026-01-05
CUST-03784,AI Assist,2026-01-19
CUST-03785,Call Routing,2026-02-02
CUST-03786,WhatsApp,2026-03-23
CUST-03786,Analytics,2026-03-16
CUST-03786,Call Routing,2026-03-09
CUST-03787,AI Voice Agent,2026-01-12
CUST-03787,AI Assist,2026-02-02
CUST-03788,AI Voice Agent,2026-01-19
CUST-03788,Analytics,2026-02-09
CUST-03788,Call Routing,2026-01-19
CUST-03789,WhatsApp,2026-01-19
CUST-03789,Analytics,2026-03-09
CUST-03789,Call Routing,2026-02-16
CUST-03790,AI Voice Agent,2026-02-23
CUST-03790,WhatsApp,2026-03-23
CUST-03790,Analytics,2026-03-09
CUST-03790,Call Routing,2026-02-23
CUST-03791,AI Voice Agent,2026-02-23
CUST-03791,WhatsApp,2026-02-02
CUST-03791,Analytics,2026-03-02
CUST-03791,Integrations,2026-02-09
CUST-03792,WhatsApp,2026-02-23
CUST-03792,Analytics,2026-02-23
CUST-03792,AI Assist,2026-02-23
CUST-03793,AI Assist,2026-03-09
CUST-03793,Integrations,2026-02-16
CUST-03794,WhatsApp,2026-03-02
CUST-03796,WhatsApp,2026-03-09
CUST-03796,Analytics,2026-03-09
CUST-03797,WhatsApp,2026-02-09
CUST-03799,WhatsApp,2026-03-16
CUST-03800,AI Voice Agent,2026-03-02
CUST-03800,WhatsApp,2026-03-16
CUST-03800,Call Routing,2026-03-02
CUST-03800,AI Assist,2026-03-09
CUST-03801,WhatsApp,2026-03-09
CUST-03801,Call Routing,2026-03-23
CUST-03802,WhatsApp,2026-03-09
CUST-03803,Analytics,2026-01-05
CUST-03803,Call Routing,2026-02-09
CUST-03805,AI Voice Agent,2026-03-02
CUST-03806,WhatsApp,2026-01-26
CUST-03806,AI Assist,2026-01-19
CUST-03807,AI Voice Agent,2026-01-05
CUST-03807,WhatsApp,2026-01-19
CUST-03807,AI Assist,2026-01-19
CUST-03808,AI Voice Agent,2026-01-12
CUST-03808,Integrations,2026-02-09
CUST-03809,AI Voice Agent,2026-01-05
CUST-03809,Call Routing,2026-02-09
CUST-03809,AI Assist,2026-01-26
CUST-03810,AI Voice Agent,2026-01-05
CUST-03810,WhatsApp,2026-02-23
CUST-03810,Integrations,2026-02-02
CUST-03811,Integrations,2026-01-19
CUST-03812,WhatsApp,2026-01-12
CUST-03812,Analytics,2026-01-12
CUST-03813,AI Voice Agent,2026-03-09
CUST-03813,WhatsApp,2026-02-23
CUST-03813,Analytics,2026-02-23
CUST-03813,Call Routing,2026-02-23
CUST-03814,AI Voice Agent,2026-01-26
CUST-03814,WhatsApp,2026-01-05
CUST-03814,Call Routing,2026-01-05
CUST-03814,AI Assist,2026-01-05
CUST-03815,AI Voice Agent,2026-01-12
CUST-03815,Call Routing,2026-03-09
CUST-03816,AI Assist,2026-03-23
CUST-03817,Call Routing,2026-03-23
CUST-03817,Integrations,2026-03-02
CUST-03818,WhatsApp,2026-01-12
CUST-03818,Call Routing,2026-01-12
CUST-03818,AI Assist,2026-02-02
CUST-03819,AI Voice Agent,2026-01-12
CUST-03819,WhatsApp,2026-03-23
CUST-03820,WhatsApp,2026-03-09
CUST-03821,WhatsApp,2026-01-12
CUST-03821,Call Routing,2026-01-05
CUST-03822,Integrations,2026-02-02
CUST-03823,WhatsApp,2026-01-05
CUST-03823,Call Routing,2026-01-19
CUST-03824,WhatsApp,2026-02-09
CUST-03825,Call Routing,2026-02-02
CUST-03825,AI Assist,2026-03-02
CUST-03826,WhatsApp,2026-02-02
CUST-03826,Call Routing,2026-01-19
CUST-03826,Integrations,2026-01-05
CUST-03827,WhatsApp,2026-03-02
CUST-03828,WhatsApp,2026-02-09
CUST-03828,Analytics,2026-01-26
CUST-03828,Call Routing,2026-01-19
CUST-03829,Call Routing,2026-02-02
CUST-03829,Integrations,2026-03-23
CUST-03830,AI Voice Agent,2026-01-12
CUST-03830,WhatsApp,2026-03-09
CUST-03831,AI Voice Agent,2026-02-02
CUST-03831,WhatsApp,2026-03-09
CUST-03831,Analytics,2026-02-09
CUST-03831,Call Routing,2026-03-23
CUST-03832,WhatsApp,2026-01-05
CUST-03832,Analytics,2026-01-26
CUST-03832,AI Assist,2026-01-05
CUST-03833,WhatsApp,2026-02-02
CUST-03833,Analytics,2026-01-26
CUST-03834,AI Voice Agent,2026-01-12
CUST-03835,WhatsApp,2026-03-16
CUST-03835,Analytics,2026-02-23
CUST-03835,Call Routing,2026-02-23
CUST-03835,Integrations,2026-03-09
CUST-03836,WhatsApp,2026-01-05
CUST-03837,AI Voice Agent,2026-02-02
CUST-03837,WhatsApp,2026-02-02
CUST-03837,Analytics,2026-02-02
CUST-03837,Call Routing,2026-02-09
CUST-03838,Call Routing,2026-01-05
CUST-03838,AI Assist,2026-01-19
CUST-03839,WhatsApp,2026-02-09
CUST-03839,AI Assist,2026-02-23
CUST-03840,WhatsApp,2026-02-23
CUST-03840,Integrations,2026-01-05
CUST-03841,AI Voice Agent,2026-02-16
CUST-03841,WhatsApp,2026-02-09
CUST-03842,AI Voice Agent,2026-03-16
CUST-03842,WhatsApp,2026-03-09
CUST-03842,Call Routing,2026-03-16
CUST-03844,WhatsApp,2026-03-16
CUST-03844,Call Routing,2026-03-09
CUST-03845,WhatsApp,2026-03-02
CUST-03845,Analytics,2026-03-02
CUST-03846,WhatsApp,2026-02-16
CUST-03846,Analytics,2026-03-16
CUST-03846,Integrations,2026-03-09
CUST-03847,AI Assist,2026-02-09
CUST-03847,Integrations,2026-02-02
CUST-03849,WhatsApp,2026-01-05
CUST-03849,Analytics,2026-01-12
CUST-03850,AI Voice Agent,2026-01-26
CUST-03850,WhatsApp,2026-03-23
CUST-03850,Analytics,2026-02-09
CUST-03851,Call Routing,2026-01-26
CUST-03853,WhatsApp,2026-01-05
CUST-03853,Analytics,2026-01-19
CUST-03853,Call Routing,2026-01-26
CUST-03854,WhatsApp,2026-02-02
CUST-03854,Analytics,2026-01-26
CUST-03854,Integrations,2026-01-12
CUST-03855,WhatsApp,2026-01-19
CUST-03855,Analytics,2026-01-12
CUST-03855,Call Routing,2026-01-19
CUST-03857,WhatsApp,2026-03-02
CUST-03857,Analytics,2026-02-02
CUST-03858,WhatsApp,2026-02-23
CUST-03858,Call Routing,2026-01-05
CUST-03858,AI Assist,2026-03-16
CUST-03858,Integrations,2026-01-12
CUST-03860,AI Voice Agent,2026-01-26
CUST-03860,Analytics,2026-03-09
CUST-03861,WhatsApp,2026-03-09
CUST-03861,Integrations,2026-03-16
CUST-03862,AI Voice Agent,2026-03-09
CUST-03862,WhatsApp,2026-03-02
CUST-03862,Analytics,2026-03-02
CUST-03862,Call Routing,2026-02-23
CUST-03863,Analytics,2026-03-16
CUST-03863,Call Routing,2026-03-09
CUST-03865,Analytics,2026-01-12
CUST-03866,AI Voice Agent,2026-01-26
CUST-03866,WhatsApp,2026-03-09
CUST-03867,WhatsApp,2026-01-26
CUST-03867,Analytics,2026-01-26
CUST-03867,Call Routing,2026-01-05
CUST-03867,Integrations,2026-02-02
CUST-03868,WhatsApp,2026-01-05
CUST-03868,Call Routing,2026-01-05
CUST-03868,Integrations,2026-01-12
CUST-03869,WhatsApp,2026-02-02
CUST-03869,Analytics,2026-02-23
CUST-03869,Call Routing,2026-02-23
CUST-03870,AI Voice Agent,2026-02-09
CUST-03870,Analytics,2026-03-02
CUST-03870,AI Assist,2026-02-09
CUST-03871,AI Voice Agent,2026-01-12
CUST-03871,Call Routing,2026-03-09
CUST-03872,AI Voice Agent,2026-01-19
CUST-03872,WhatsApp,2026-01-12
CUST-03872,Integrations,2026-01-05
CUST-03873,Analytics,2026-01-26
CUST-03873,Call Routing,2026-01-19
CUST-03873,Integrations,2026-02-09
CUST-03874,WhatsApp,2026-02-09
CUST-03874,Analytics,2026-02-09
CUST-03874,Call Routing,2026-03-23
CUST-03875,Call Routing,2026-02-16
CUST-03876,Call Routing,2026-03-09
CUST-03877,AI Voice Agent,2026-02-02
CUST-03877,WhatsApp,2026-03-02
CUST-03877,Analytics,2026-03-23
CUST-03877,Call Routing,2026-01-19
CUST-03878,AI Voice Agent,2026-01-12
CUST-03879,WhatsApp,2026-03-02
CUST-03880,AI Voice Agent,2026-01-19
CUST-03881,AI Assist,2026-03-02
CUST-03884,WhatsApp,2026-03-16
CUST-03884,Integrations,2026-02-23
CUST-03885,WhatsApp,2026-02-16
CUST-03885,Analytics,2026-02-16
CUST-03885,Call Routing,2026-02-02
CUST-03886,WhatsApp,2026-01-12
CUST-03887,AI Voice Agent,2026-01-26
CUST-03887,Analytics,2026-01-19
CUST-03887,Call Routing,2026-01-26
CUST-03887,AI Assist,2026-02-02
CUST-03888,AI Voice Agent,2026-01-12
CUST-03889,WhatsApp,2026-03-02
CUST-03889,AI Assist,2026-03-16
CUST-03889,Integrations,2026-01-19
CUST-03890,AI Voice Agent,2026-02-23
CUST-03890,WhatsApp,2026-03-02
CUST-03890,Analytics,2026-02-23
CUST-03890,Call Routing,2026-03-02
CUST-03890,AI Assist,2026-03-09
CUST-03891,WhatsApp,2026-01-12
CUST-03892,WhatsApp,2026-02-02
CUST-03892,AI Assist,2026-01-19
CUST-03893,Analytics,2026-02-23
CUST-03893,Call Routing,2026-02-02
CUST-03894,WhatsApp,2026-01-12
CUST-03895,WhatsApp,2026-01-19
CUST-03895,Call Routing,2026-01-19
CUST-03896,AI Voice Agent,2026-01-26
CUST-03896,WhatsApp,2026-02-02
CUST-03896,Analytics,2026-01-19
CUST-03896,Call Routing,2026-01-19
CUST-03896,AI Assist,2026-01-26
CUST-03897,AI Voice Agent,2026-01-12
CUST-03897,WhatsApp,2026-03-23
CUST-03897,Analytics,2026-02-23
CUST-03897,Call Routing,2026-01-19
CUST-03897,AI Assist,2026-02-16
CUST-03898,Call Routing,2026-02-02
CUST-03899,WhatsApp,2026-01-12
CUST-03899,Call Routing,2026-02-09
CUST-03900,WhatsApp,2026-01-26
CUST-03900,Integrations,2026-02-02
CUST-03901,AI Voice Agent,2026-03-23
CUST-03901,Integrations,2026-03-16
CUST-03902,Analytics,2026-03-02
CUST-03902,Call Routing,2026-03-16
CUST-03903,WhatsApp,2026-03-16
CUST-03904,AI Voice Agent,2026-01-19
CUST-03904,Call Routing,2026-02-16
CUST-03904,AI Assist,2026-03-23
CUST-03905,WhatsApp,2026-02-23
CUST-03906,AI Voice Agent,2026-01-12
CUST-03906,WhatsApp,2026-01-26
CUST-03906,AI Assist,2026-01-12
CUST-03907,Analytics,2026-02-16
CUST-03908,AI Assist,2026-01-05
CUST-03909,AI Voice Agent,2026-01-19
CUST-03909,WhatsApp,2026-03-02
CUST-03909,Call Routing,2026-03-16
CUST-03909,AI Assist,2026-01-12
CUST-03909,Integrations,2026-03-16
CUST-03910,Analytics,2026-01-12
CUST-03911,AI Assist,2026-03-23
CUST-03912,Analytics,2026-03-02
CUST-03912,Call Routing,2026-02-23
CUST-03912,AI Assist,2026-02-09
CUST-03913,WhatsApp,2026-02-02
CUST-03915,WhatsApp,2026-01-19
CUST-03915,Call Routing,2026-01-19
CUST-03916,WhatsApp,2026-01-26
CUST-03916,Integrations,2026-01-05
CUST-03917,AI Voice Agent,2026-01-26
CUST-03918,WhatsApp,2026-03-23
CUST-03918,AI Assist,2026-03-02
CUST-03919,WhatsApp,2026-03-09
CUST-03919,AI Assist,2026-02-23
CUST-03920,Integrations,2026-01-19
CUST-03921,WhatsApp,2026-03-09
CUST-03921,AI Assist,2026-02-09
CUST-03922,WhatsApp,2026-02-02
CUST-03922,Analytics,2026-02-16
CUST-03923,WhatsApp,2026-02-02
CUST-03923,Analytics,2026-02-02
CUST-03923,Call Routing,2026-01-19
CUST-03924,WhatsApp,2026-01-05
CUST-03924,Analytics,2026-01-05
CUST-03924,Call Routing,2026-01-05
CUST-03924,AI Assist,2026-01-05
CUST-03924,Integrations,2026-01-05
CUST-03925,AI Voice Agent,2026-01-12
CUST-03928,AI Voice Agent,2026-01-05
CUST-03928,WhatsApp,2026-01-05
CUST-03928,Analytics,2026-01-12
CUST-03928,Call Routing,2026-01-12
CUST-03928,AI Assist,2026-01-12
CUST-03928,Integrations,2026-01-12
CUST-03930,AI Voice Agent,2026-03-02
CUST-03930,WhatsApp,2026-03-09
CUST-03930,Call Routing,2026-03-09
CUST-03931,AI Voice Agent,2026-02-16
CUST-03931,WhatsApp,2026-02-02
CUST-03931,Analytics,2026-02-23
CUST-03931,AI Assist,2026-02-09
CUST-03932,WhatsApp,2026-01-19
CUST-03933,AI Voice Agent,2026-01-26
CUST-03934,Analytics,2026-01-26
CUST-03935,AI Voice Agent,2026-01-05
CUST-03935,WhatsApp,2026-03-02
CUST-03935,Analytics,2026-03-02
CUST-03935,Integrations,2026-03-02
CUST-03937,Call Routing,2026-01-12
CUST-03938,WhatsApp,2026-01-05
CUST-03938,Analytics,2026-01-05
CUST-03938,AI Assist,2026-02-09
CUST-03938,Integrations,2026-01-19
CUST-03939,WhatsApp,2026-02-02
CUST-03939,Analytics,2026-02-02
CUST-03939,Integrations,2026-01-26
CUST-03940,WhatsApp,2026-01-26
CUST-03940,AI Assist,2026-01-19
CUST-03942,WhatsApp,2026-03-02
CUST-03942,Analytics,2026-01-26
CUST-03942,Call Routing,2026-03-02
CUST-03942,Integrations,2026-03-02
CUST-03943,WhatsApp,2026-01-12
CUST-03943,Analytics,2026-03-02
CUST-03944,WhatsApp,2026-01-26
CUST-03944,Analytics,2026-01-19
CUST-03945,AI Voice Agent,2026-01-19
CUST-03945,AI Assist,2026-02-02
CUST-03945,Integrations,2026-01-19
CUST-03946,AI Voice Agent,2026-02-16
CUST-03946,Analytics,2026-02-09
CUST-03946,AI Assist,2026-01-26
CUST-03947,AI Assist,2026-02-16
CUST-03949,Analytics,2026-02-02
CUST-03950,WhatsApp,2026-01-12
CUST-03950,Analytics,2026-01-12
CUST-03951,AI Voice Agent,2026-02-02
CUST-03951,WhatsApp,2026-01-26
CUST-03951,Call Routing,2026-03-02
CUST-03951,AI Assist,2026-03-23
CUST-03952,WhatsApp,2026-01-05
CUST-03953,WhatsApp,2026-03-09
CUST-03953,Analytics,2026-03-09
CUST-03954,WhatsApp,2026-03-09
CUST-03954,Analytics,2026-03-16
CUST-03954,AI Assist,2026-03-09
CUST-03955,WhatsApp,2026-03-23
CUST-03955,Analytics,2026-02-02
CUST-03955,AI Assist,2026-01-12
CUST-03956,WhatsApp,2026-03-23
CUST-03956,Analytics,2026-03-16
CUST-03956,AI Assist,2026-03-16
CUST-03957,AI Voice Agent,2026-02-02
CUST-03957,WhatsApp,2026-02-16
CUST-03957,AI Assist,2026-01-12
CUST-03958,AI Voice Agent,2026-01-12
CUST-03958,WhatsApp,2026-02-16
CUST-03958,Analytics,2026-03-02
CUST-03958,AI Assist,2026-01-26
CUST-03959,WhatsApp,2026-02-16
CUST-03959,Call Routing,2026-01-19
CUST-03959,AI Assist,2026-02-23
CUST-03960,AI Voice Agent,2026-02-16
CUST-03960,WhatsApp,2026-02-09
CUST-03960,AI Assist,2026-03-02
CUST-03960,Integrations,2026-02-16
CUST-03961,WhatsApp,2026-02-16
CUST-03962,AI Voice Agent,2026-01-19
CUST-03962,Integrations,2026-01-19
CUST-03964,Analytics,2026-03-16
CUST-03964,Call Routing,2026-01-19
CUST-03964,AI Assist,2026-01-12
CUST-03965,WhatsApp,2026-01-05
CUST-03965,Analytics,2026-01-12
CUST-03966,AI Voice Agent,2026-02-16
CUST-03966,WhatsApp,2026-02-02
CUST-03966,Analytics,2026-02-23
CUST-03966,AI Assist,2026-03-16
CUST-03967,Call Routing,2026-03-16
CUST-03967,AI Assist,2026-02-02
CUST-03968,WhatsApp,2026-01-12
CUST-03968,Analytics,2026-01-12
CUST-03968,AI Assist,2026-01-12
CUST-03969,Analytics,2026-01-19
CUST-03970,WhatsApp,2026-01-26
CUST-03970,Analytics,2026-01-26
CUST-03970,Call Routing,2026-01-26
CUST-03971,AI Voice Agent,2026-01-26
CUST-03971,WhatsApp,2026-01-26
CUST-03971,Analytics,2026-01-26
CUST-03971,AI Assist,2026-01-12
CUST-03972,Analytics,2026-03-09
CUST-03972,Integrations,2026-01-19
CUST-03973,AI Voice Agent,2026-03-09
CUST-03973,AI Assist,2026-03-09
CUST-03974,AI Voice Agent,2026-03-09
CUST-03974,WhatsApp,2026-02-23
CUST-03974,Call Routing,2026-03-16
CUST-03975,Analytics,2026-03-16
CUST-03975,Call Routing,2026-03-16
CUST-03976,AI Voice Agent,2026-01-26
CUST-03976,WhatsApp,2026-02-02
CUST-03976,Analytics,2026-01-12
CUST-03976,Call Routing,2026-01-12
CUST-03976,AI Assist,2026-02-23
CUST-03976,Integrations,2026-02-09
CUST-03977,Call Routing,2026-02-09
CUST-03978,Call Routing,2026-02-16
CUST-03979,WhatsApp,2026-03-09
CUST-03980,WhatsApp,2026-02-23
CUST-03980,AI Assist,2026-01-12
CUST-03981,AI Voice Agent,2026-03-09
CUST-03981,WhatsApp,2026-02-16
CUST-03981,Call Routing,2026-03-02
CUST-03981,AI Assist,2026-02-09
CUST-03982,AI Voice Agent,2026-01-12
CUST-03983,AI Voice Agent,2026-03-23
CUST-03983,WhatsApp,2026-02-23
CUST-03983,AI Assist,2026-03-02
CUST-03984,AI Voice Agent,2026-02-16
CUST-03984,WhatsApp,2026-02-09
CUST-03984,AI Assist,2026-03-16
CUST-03985,WhatsApp,2026-01-12
CUST-03985,Call Routing,2026-03-23
CUST-03986,AI Voice Agent,2026-02-16
CUST-03986,Analytics,2026-01-19
CUST-03987,AI Voice Agent,2026-02-23
CUST-03987,WhatsApp,2026-02-23
CUST-03987,AI Assist,2026-02-16
CUST-03988,AI Voice Agent,2026-01-19
CUST-03988,WhatsApp,2026-03-09
CUST-03989,AI Voice Agent,2026-01-19
CUST-03989,Analytics,2026-02-09
CUST-03990,AI Voice Agent,2026-01-26
CUST-03990,WhatsApp,2026-03-09
CUST-03990,Integrations,2026-02-16
CUST-03991,AI Voice Agent,2026-01-12
CUST-03991,Analytics,2026-02-02
CUST-03992,AI Voice Agent,2026-01-26
CUST-03992,WhatsApp,2026-03-02
CUST-03992,Analytics,2026-01-12
CUST-03992,Call Routing,2026-01-05
CUST-03992,AI Assist,2026-01-19
CUST-03992,Integrations,2026-02-09
CUST-03993,WhatsApp,2026-01-12
CUST-03993,Call Routing,2026-01-12
CUST-03994,AI Voice Agent,2026-01-26
CUST-03994,Analytics,2026-01-19
CUST-03994,Call Routing,2026-02-23
CUST-03996,Analytics,2026-02-23
CUST-03997,WhatsApp,2026-02-02
CUST-03997,AI Assist,2026-02-23
CUST-03998,WhatsApp,2026-01-05
CUST-03998,Call Routing,2026-03-16
CUST-03998,Integrations,2026-01-19
CUST-03999,AI Voice Agent,2026-02-23
CUST-03999,WhatsApp,2026-03-16
CUST-03999,Analytics,2026-03-09
CUST-03999,Call Routing,2026-02-16
CUST-04000,WhatsApp,2026-02-02
CUST-04001,WhatsApp,2026-01-19
CUST-04002,Analytics,2026-01-26
CUST-04002,Call Routing,2026-02-23
CUST-04002,Integrations,2026-01-19
CUST-04003,AI Assist,2026-02-16
CUST-04004,Analytics,2026-01-19
CUST-04004,Call Routing,2026-01-26
CUST-04005,WhatsApp,2026-01-19
CUST-04007,AI Voice Agent,2026-01-05
CUST-04007,WhatsApp,2026-01-26
CUST-04009,AI Voice Agent,2026-03-23
CUST-04009,WhatsApp,2026-03-02
CUST-04009,Analytics,2026-03-16
CUST-04010,WhatsApp,2026-03-23
CUST-04010,Analytics,2026-03-16
CUST-04012,AI Voice Agent,2026-01-05
CUST-04013,AI Voice Agent,2026-01-19
CUST-04013,WhatsApp,2026-01-05
CUST-04013,Call Routing,2026-02-23
CUST-04013,AI Assist,2026-01-05
CUST-04014,WhatsApp,2026-02-23
CUST-04014,Analytics,2026-02-23
CUST-04016,WhatsApp,2026-02-02
CUST-04016,Analytics,2026-02-23
CUST-04016,AI Assist,2026-02-16
CUST-04018,WhatsApp,2026-01-12
CUST-04018,Analytics,2026-01-26
CUST-04018,AI Assist,2026-01-12
CUST-04020,Call Routing,2026-02-02
CUST-04021,WhatsApp,2026-01-12
CUST-04021,Analytics,2026-01-19
CUST-04021,Call Routing,2026-02-02
CUST-04022,AI Voice Agent,2026-02-09
CUST-04022,Integrations,2026-03-09
CUST-04023,Analytics,2026-02-09
CUST-04023,Call Routing,2026-02-09
CUST-04023,AI Assist,2026-02-16
CUST-04024,WhatsApp,2026-02-09
CUST-04024,Integrations,2026-02-02
CUST-04025,WhatsApp,2026-02-16
CUST-04025,Analytics,2026-03-09
CUST-04025,Call Routing,2026-02-23
CUST-04026,AI Voice Agent,2026-02-16
CUST-04027,WhatsApp,2026-01-12
CUST-04027,Analytics,2026-03-16
CUST-04027,Call Routing,2026-01-05
CUST-04028,Analytics,2026-02-02
CUST-04028,Call Routing,2026-01-19
CUST-04029,AI Voice Agent,2026-01-05
CUST-04029,Call Routing,2026-01-12
CUST-04030,WhatsApp,2026-01-05
CUST-04030,Call Routing,2026-01-05
CUST-04031,Analytics,2026-03-09
CUST-04031,Call Routing,2026-03-23
CUST-04031,AI Assist,2026-01-12
CUST-04031,Integrations,2026-03-16
CUST-04032,WhatsApp,2026-02-02
CUST-04033,Analytics,2026-03-02
CUST-04034,Analytics,2026-03-02
CUST-04034,AI Assist,2026-03-23
CUST-04034,Integrations,2026-02-02
CUST-04035,WhatsApp,2026-03-02
CUST-04035,Analytics,2026-02-02
CUST-04036,AI Voice Agent,2026-01-12
CUST-04036,WhatsApp,2026-03-02
CUST-04036,Analytics,2026-02-09
CUST-04036,Call Routing,2026-02-09
CUST-04036,AI Assist,2026-02-02
CUST-04037,AI Voice Agent,2026-01-12
CUST-04037,Call Routing,2026-01-05
CUST-04037,AI Assist,2026-01-12
CUST-04038,AI Voice Agent,2026-02-02
CUST-04038,Call Routing,2026-01-19
CUST-04039,Analytics,2026-01-19
CUST-04040,Integrations,2026-03-02
CUST-04041,AI Voice Agent,2026-03-23
CUST-04041,WhatsApp,2026-03-23
CUST-04041,Analytics,2026-03-16
CUST-04041,Call Routing,2026-03-23
CUST-04041,AI Assist,2026-03-16
CUST-04042,Call Routing,2026-01-26
CUST-04043,WhatsApp,2026-01-12
CUST-04043,Call Routing,2026-01-05
CUST-04044,AI Voice Agent,2026-01-19
CUST-04044,Call Routing,2026-01-26
CUST-04045,WhatsApp,2026-01-05
CUST-04046,WhatsApp,2026-02-23
CUST-04046,Analytics,2026-01-05
CUST-04047,Call Routing,2026-03-02
CUST-04048,AI Voice Agent,2026-03-23
CUST-04049,Analytics,2026-03-02
CUST-04049,Call Routing,2026-03-23
CUST-04049,AI Assist,2026-01-26
CUST-04050,AI Voice Agent,2026-01-26
CUST-04050,WhatsApp,2026-03-02
CUST-04050,Analytics,2026-03-16
CUST-04050,Call Routing,2026-01-19
CUST-04050,AI Assist,2026-03-02
CUST-04051,Call Routing,2026-02-23
CUST-04052,Analytics,2026-02-02
CUST-04053,AI Voice Agent,2026-01-05
CUST-04053,Call Routing,2026-02-23
CUST-04053,AI Assist,2026-03-02
CUST-04054,AI Voice Agent,2026-02-02
CUST-04054,AI Assist,2026-01-26
CUST-04055,Analytics,2026-01-19
CUST-04055,AI Assist,2026-03-16
CUST-04056,AI Voice Agent,2026-01-12
CUST-04056,WhatsApp,2026-01-05
CUST-04057,Analytics,2026-01-05
CUST-04057,Integrations,2026-01-26
CUST-04058,AI Voice Agent,2026-01-19
CUST-04058,Call Routing,2026-02-02
CUST-04059,Call Routing,2026-02-16
CUST-04060,AI Voice Agent,2026-02-09
CUST-04060,WhatsApp,2026-02-02
CUST-04060,Call Routing,2026-02-16
CUST-04061,AI Voice Agent,2026-02-16
CUST-04061,Analytics,2026-03-16
CUST-04061,Call Routing,2026-02-16
CUST-04061,AI Assist,2026-03-02
CUST-04061,Integrations,2026-03-09
CUST-04062,AI Voice Agent,2026-02-02
CUST-04062,Analytics,2026-01-12
CUST-04064,WhatsApp,2026-01-26
CUST-04064,Analytics,2026-02-02
CUST-04064,Call Routing,2026-02-16
CUST-04066,WhatsApp,2026-02-16
CUST-04066,Call Routing,2026-03-09
CUST-04066,AI Assist,2026-03-09
CUST-04067,AI Voice Agent,2026-03-16
CUST-04067,Call Routing,2026-03-09
CUST-04067,AI Assist,2026-03-16
CUST-04068,WhatsApp,2026-01-19
CUST-04069,Analytics,2026-01-19
CUST-04069,Call Routing,2026-01-26
CUST-04070,WhatsApp,2026-01-26
CUST-04070,Analytics,2026-01-26
CUST-04070,AI Assist,2026-02-02
CUST-04071,AI Voice Agent,2026-02-02
CUST-04071,WhatsApp,2026-02-02
CUST-04071,Integrations,2026-02-16
CUST-04073,AI Voice Agent,2026-01-19
CUST-04073,WhatsApp,2026-03-16
CUST-04073,Analytics,2026-03-23
CUST-04074,WhatsApp,2026-01-12
CUST-04074,AI Assist,2026-01-05
CUST-04074,Integrations,2026-02-16
CUST-04075,WhatsApp,2026-01-05
CUST-04075,Analytics,2026-02-09
CUST-04076,WhatsApp,2026-02-16
CUST-04076,Analytics,2026-02-16
CUST-04077,Call Routing,2026-02-09
CUST-04078,WhatsApp,2026-02-23
CUST-04078,Call Routing,2026-02-09
CUST-04078,Integrations,2026-01-26
CUST-04079,WhatsApp,2026-03-16
CUST-04079,Analytics,2026-03-02
CUST-04079,AI Assist,2026-03-16
CUST-04080,Analytics,2026-01-19
CUST-04081,AI Voice Agent,2026-03-16
CUST-04081,WhatsApp,2026-03-16
CUST-04081,Analytics,2026-03-09
CUST-04081,Call Routing,2026-03-02
CUST-04081,AI Assist,2026-03-02
CUST-04082,AI Voice Agent,2026-01-19
CUST-04082,WhatsApp,2026-01-19
CUST-04082,Call Routing,2026-01-12
CUST-04082,AI Assist,2026-01-12
CUST-04083,AI Voice Agent,2026-02-09
CUST-04083,WhatsApp,2026-03-02
CUST-04083,AI Assist,2026-02-23
CUST-04084,AI Voice Agent,2026-02-02
CUST-04084,WhatsApp,2026-02-09
CUST-04084,Analytics,2026-03-23
CUST-04084,AI Assist,2026-02-02
CUST-04086,WhatsApp,2026-03-09
CUST-04086,Call Routing,2026-03-09
CUST-04087,Call Routing,2026-02-09
CUST-04088,WhatsApp,2026-03-16
CUST-04088,Analytics,2026-03-09
CUST-04088,Call Routing,2026-01-19
CUST-04089,WhatsApp,2026-01-05
CUST-04089,AI Assist,2026-01-12
CUST-04089,Integrations,2026-01-12
CUST-04090,WhatsApp,2026-01-12
CUST-04090,Call Routing,2026-01-12
CUST-04091,Analytics,2026-01-12
CUST-04093,AI Voice Agent,2026-01-19
CUST-04093,WhatsApp,2026-01-12
CUST-04093,AI Assist,2026-02-16
CUST-04093,Integrations,2026-01-26
CUST-04094,WhatsApp,2026-02-23
CUST-04094,Call Routing,2026-02-23
CUST-04095,WhatsApp,2026-01-19
CUST-04095,Call Routing,2026-01-12
CUST-04096,WhatsApp,2026-01-19
CUST-04096,AI Assist,2026-01-26
CUST-04096,Integrations,2026-02-09
CUST-04097,AI Assist,2026-03-02
CUST-04098,WhatsApp,2026-03-09
CUST-04098,Analytics,2026-02-09
CUST-04098,Call Routing,2026-02-02
CUST-04098,AI Assist,2026-01-12
CUST-04099,Analytics,2026-02-23
CUST-04100,Analytics,2026-02-02
CUST-04100,Call Routing,2026-02-02
CUST-04101,Call Routing,2026-01-19
CUST-04101,AI Assist,2026-01-05
CUST-04102,Analytics,2026-02-02
CUST-04103,WhatsApp,2026-01-26
CUST-04103,Integrations,2026-01-26
CUST-04104,AI Voice Agent,2026-01-05
CUST-04104,WhatsApp,2026-01-05
CUST-04104,AI Assist,2026-01-05
CUST-04106,WhatsApp,2026-02-02
CUST-04106,Analytics,2026-03-02
CUST-04108,AI Voice Agent,2026-03-23
CUST-04108,Analytics,2026-03-23
CUST-04108,Integrations,2026-03-23
CUST-04109,WhatsApp,2026-03-02
CUST-04109,Analytics,2026-02-23
CUST-04109,Integrations,2026-03-09
CUST-04111,Analytics,2026-01-19
CUST-04112,AI Voice Agent,2026-02-09
CUST-04112,WhatsApp,2026-02-09
CUST-04113,AI Voice Agent,2026-01-19
CUST-04113,Analytics,2026-03-02
CUST-04113,Call Routing,2026-02-09
CUST-04113,AI Assist,2026-02-09
CUST-04113,Integrations,2026-01-26
CUST-04114,WhatsApp,2026-03-02
CUST-04115,WhatsApp,2026-03-16
CUST-04115,Call Routing,2026-02-23
CUST-04115,AI Assist,2026-02-16
CUST-04115,Integrations,2026-03-02
CUST-04116,AI Voice Agent,2026-01-19
CUST-04116,Analytics,2026-03-09
CUST-04117,Analytics,2026-02-23
CUST-04118,Analytics,2026-02-23
CUST-04119,Analytics,2026-02-09
CUST-04119,AI Assist,2026-02-02
CUST-04120,WhatsApp,2026-01-26
CUST-04120,Analytics,2026-02-02
CUST-04121,WhatsApp,2026-02-23
CUST-04121,Integrations,2026-01-26
CUST-04122,AI Voice Agent,2026-01-19
CUST-04122,WhatsApp,2026-03-16
CUST-04122,Call Routing,2026-02-23
CUST-04123,Analytics,2026-02-02
CUST-04123,Call Routing,2026-02-09
CUST-04124,Analytics,2026-03-23
CUST-04124,Call Routing,2026-02-23
CUST-04125,WhatsApp,2026-01-05
CUST-04126,Analytics,2026-01-19
CUST-04126,Integrations,2026-01-05
CUST-04127,Call Routing,2026-02-09
CUST-04128,WhatsApp,2026-02-16
CUST-04129,WhatsApp,2026-01-26
CUST-04129,Analytics,2026-02-02
CUST-04129,Call Routing,2026-01-19
CUST-04129,AI Assist,2026-02-02
CUST-04130,AI Voice Agent,2026-02-02
CUST-04130,WhatsApp,2026-02-23
CUST-04130,AI Assist,2026-02-23
CUST-04131,Call Routing,2026-01-19
CUST-04132,WhatsApp,2026-01-05
CUST-04133,AI Voice Agent,2026-01-26
CUST-04133,WhatsApp,2026-01-26
CUST-04135,AI Voice Agent,2026-01-19
CUST-04135,Analytics,2026-03-02
CUST-04136,WhatsApp,2026-01-19
CUST-04136,AI Assist,2026-03-09
CUST-04137,WhatsApp,2026-01-12
CUST-04137,Analytics,2026-01-19
CUST-04138,WhatsApp,2026-02-23
CUST-04138,Analytics,2026-01-05
CUST-04138,Call Routing,2026-01-05
CUST-04139,WhatsApp,2026-03-16
CUST-04139,Analytics,2026-03-09
CUST-04139,Call Routing,2026-03-02
CUST-04139,Integrations,2026-03-02
CUST-04140,AI Voice Agent,2026-01-19
CUST-04141,Integrations,2026-01-19
CUST-04142,WhatsApp,2026-02-16
CUST-04143,WhatsApp,2026-03-02
CUST-04144,Analytics,2026-01-26
CUST-04145,Analytics,2026-03-09
CUST-04145,AI Assist,2026-01-26
CUST-04146,AI Voice Agent,2026-02-16
CUST-04146,Call Routing,2026-02-16
CUST-04147,AI Voice Agent,2026-01-26
CUST-04147,Analytics,2026-01-05
CUST-04147,Call Routing,2026-01-12
CUST-04147,AI Assist,2026-02-02
CUST-04147,Integrations,2026-02-16
CUST-04148,Analytics,2026-03-02
CUST-04148,Integrations,2026-03-23
CUST-04149,AI Voice Agent,2026-01-26
CUST-04150,AI Voice Agent,2026-01-19
CUST-04150,WhatsApp,2026-01-19
CUST-04150,Call Routing,2026-03-16
CUST-04152,AI Voice Agent,2026-02-09
CUST-04152,WhatsApp,2026-02-09
CUST-04152,Analytics,2026-01-05
CUST-04152,Call Routing,2026-02-09
CUST-04152,AI Assist,2026-01-19
CUST-04153,AI Voice Agent,2026-02-09
CUST-04153,Call Routing,2026-01-26
CUST-04154,AI Voice Agent,2026-01-12
CUST-04154,WhatsApp,2026-01-05
CUST-04154,Analytics,2026-01-05
CUST-04154,Call Routing,2026-01-05
CUST-04154,AI Assist,2026-01-05
CUST-04155,Integrations,2026-02-09
CUST-04156,AI Voice Agent,2026-01-05
CUST-04157,WhatsApp,2026-02-23
CUST-04157,Analytics,2026-03-09
CUST-04157,Call Routing,2026-03-09
CUST-04157,AI Assist,2026-02-02
CUST-04158,AI Voice Agent,2026-01-12
CUST-04158,WhatsApp,2026-01-05
CUST-04158,Analytics,2026-01-05
CUST-04159,Analytics,2026-02-16
CUST-04159,Call Routing,2026-03-09
CUST-04159,AI Assist,2026-03-09
CUST-04159,Integrations,2026-01-26
CUST-04160,AI Voice Agent,2026-02-09
CUST-04160,WhatsApp,2026-02-09
CUST-04161,WhatsApp,2026-01-12
CUST-04161,Analytics,2026-01-12
CUST-04161,Call Routing,2026-01-12
CUST-04162,AI Assist,2026-03-16
CUST-04162,Integrations,2026-01-19
CUST-04163,WhatsApp,2026-01-12
CUST-04163,Analytics,2026-01-05
CUST-04163,Call Routing,2026-01-05
CUST-04164,WhatsApp,2026-01-26
CUST-04164,AI Assist,2026-02-02
CUST-04165,AI Assist,2026-02-23
CUST-04166,AI Voice Agent,2026-02-16
CUST-04166,AI Assist,2026-02-16
CUST-04167,Analytics,2026-03-09
CUST-04168,AI Voice Agent,2026-01-05
CUST-04168,Call Routing,2026-03-23
CUST-04168,AI Assist,2026-03-23
CUST-04169,AI Voice Agent,2026-02-09
CUST-04169,WhatsApp,2026-02-02
CUST-04169,AI Assist,2026-03-23
CUST-04169,Integrations,2026-01-19
CUST-04170,Call Routing,2026-01-19
CUST-04170,Integrations,2026-01-19
CUST-04171,WhatsApp,2026-01-19
CUST-04171,Call Routing,2026-01-19
CUST-04172,Analytics,2026-01-12
CUST-04172,Call Routing,2026-01-19
CUST-04172,AI Assist,2026-01-05
CUST-04172,Integrations,2026-01-05
CUST-04173,Integrations,2026-03-16
CUST-04174,AI Voice Agent,2026-02-09
CUST-04174,Analytics,2026-02-09
CUST-04174,Call Routing,2026-01-26
CUST-04175,AI Voice Agent,2026-03-02
CUST-04175,WhatsApp,2026-03-02
CUST-04175,Analytics,2026-02-23
CUST-04175,Call Routing,2026-02-23
CUST-04176,Analytics,2026-02-23
CUST-04176,Call Routing,2026-01-26
CUST-04177,WhatsApp,2026-03-16
CUST-04178,WhatsApp,2026-02-02
CUST-04178,Call Routing,2026-02-16
CUST-04179,AI Voice Agent,2026-02-09
CUST-04179,WhatsApp,2026-02-02
CUST-04179,Call Routing,2026-02-16
CUST-04179,Integrations,2026-01-12
CUST-04180,WhatsApp,2026-02-16
CUST-04180,Call Routing,2026-01-19
CUST-04181,WhatsApp,2026-01-26
CUST-04182,AI Voice Agent,2026-01-26
CUST-04182,WhatsApp,2026-01-05
CUST-04183,AI Voice Agent,2026-02-02
CUST-04183,WhatsApp,2026-01-19
CUST-04183,Analytics,2026-03-02
CUST-04183,AI Assist,2026-01-05
CUST-04184,Analytics,2026-03-23
CUST-04184,Call Routing,2026-03-09
CUST-04185,AI Voice Agent,2026-02-23
CUST-04185,WhatsApp,2026-02-23
CUST-04185,Call Routing,2026-03-09
CUST-04187,AI Voice Agent,2026-01-26
CUST-04187,WhatsApp,2026-01-26
CUST-04187,Analytics,2026-03-02
CUST-04187,Call Routing,2026-03-23
CUST-04188,AI Voice Agent,2026-02-02
CUST-04188,Call Routing,2026-02-09
CUST-04188,AI Assist,2026-03-16
CUST-04189,WhatsApp,2026-02-02
CUST-04189,Call Routing,2026-01-26
CUST-04190,WhatsApp,2026-03-23
CUST-04191,AI Voice Agent,2026-03-16
CUST-04192,WhatsApp,2026-03-02
CUST-04192,Analytics,2026-02-23
CUST-04192,AI Assist,2026-03-09
CUST-04194,WhatsApp,2026-03-02
CUST-04194,Analytics,2026-01-19
CUST-04194,Call Routing,2026-02-23
CUST-04194,AI Assist,2026-01-12
CUST-04195,WhatsApp,2026-01-12
CUST-04195,AI Assist,2026-01-12
CUST-04196,AI Voice Agent,2026-02-09
CUST-04196,Analytics,2026-02-16
CUST-04196,AI Assist,2026-01-26
CUST-04198,AI Voice Agent,2026-03-02
CUST-04198,WhatsApp,2026-03-02
CUST-04199,AI Voice Agent,2026-03-23
CUST-04199,WhatsApp,2026-03-23
CUST-04199,Analytics,2026-03-09
CUST-04199,Call Routing,2026-03-16
CUST-04200,WhatsApp,2026-01-12
CUST-04200,Analytics,2026-01-05
CUST-04201,Analytics,2026-01-26
CUST-04201,Call Routing,2026-01-26
CUST-04202,WhatsApp,2026-01-12
CUST-04202,Analytics,2026-01-05
CUST-04203,AI Voice Agent,2026-02-02
CUST-04203,Analytics,2026-01-26
CUST-04203,Call Routing,2026-01-12
CUST-04205,Call Routing,2026-02-09
CUST-04206,AI Voice Agent,2026-01-12
CUST-04206,WhatsApp,2026-01-26
CUST-04206,Analytics,2026-01-12
CUST-04206,Call Routing,2026-02-16
CUST-04207,WhatsApp,2026-01-26
CUST-04207,Analytics,2026-01-26
CUST-04208,Call Routing,2026-01-26
CUST-04210,WhatsApp,2026-03-09
CUST-04210,Integrations,2026-01-12
CUST-04211,WhatsApp,2026-01-05
CUST-04211,Call Routing,2026-01-26
CUST-04212,WhatsApp,2026-01-12
CUST-04212,Analytics,2026-02-02
CUST-04212,Call Routing,2026-02-09
CUST-04213,AI Voice Agent,2026-02-09
CUST-04214,AI Voice Agent,2026-02-16
CUST-04214,WhatsApp,2026-02-09
CUST-04214,Analytics,2026-02-09
CUST-04215,WhatsApp,2026-03-02
CUST-04215,Analytics,2026-02-23
CUST-04216,Call Routing,2026-02-16
CUST-04218,WhatsApp,2026-02-23
CUST-04218,Analytics,2026-03-23
CUST-04219,AI Voice Agent,2026-02-02
CUST-04219,Integrations,2026-03-09
CUST-04220,WhatsApp,2026-01-12
CUST-04222,WhatsApp,2026-03-23
CUST-04223,WhatsApp,2026-03-23
CUST-04223,Call Routing,2026-02-02
CUST-04224,Analytics,2026-03-02
CUST-04224,Call Routing,2026-03-02
CUST-04224,AI Assist,2026-03-02
CUST-04225,AI Voice Agent,2026-02-09
CUST-04225,WhatsApp,2026-02-09
CUST-04225,Analytics,2026-02-16
CUST-04225,Call Routing,2026-03-09
CUST-04225,AI Assist,2026-02-16
CUST-04226,AI Voice Agent,2026-01-19
CUST-04226,WhatsApp,2026-01-05
CUST-04226,AI Assist,2026-01-05
CUST-04227,WhatsApp,2026-02-02
CUST-04227,Analytics,2026-02-02
CUST-04228,WhatsApp,2026-03-02
CUST-04228,Analytics,2026-03-02
CUST-04228,Call Routing,2026-03-02
CUST-04230,WhatsApp,2026-02-02
CUST-04231,Analytics,2026-01-19
CUST-04231,Call Routing,2026-02-16
CUST-04232,WhatsApp,2026-01-12
CUST-04232,Call Routing,2026-01-12
CUST-04233,AI Voice Agent,2026-03-02
CUST-04233,WhatsApp,2026-03-09
CUST-04233,AI Assist,2026-02-23
CUST-04233,Integrations,2026-02-23
CUST-04235,Call Routing,2026-03-16
CUST-04235,AI Assist,2026-01-26
CUST-04236,WhatsApp,2026-01-05
CUST-04236,Analytics,2026-01-05
CUST-04236,AI Assist,2026-01-05
CUST-04237,AI Voice Agent,2026-02-16
CUST-04237,WhatsApp,2026-03-23
CUST-04237,Analytics,2026-03-23
CUST-04237,AI Assist,2026-02-16
CUST-04237,Integrations,2026-03-02
CUST-04238,AI Voice Agent,2026-02-23
CUST-04238,AI Assist,2026-02-16
CUST-04239,WhatsApp,2026-03-02
CUST-04240,Analytics,2026-02-23
CUST-04241,AI Voice Agent,2026-03-23
CUST-04241,Call Routing,2026-02-23
CUST-04243,AI Voice Agent,2026-01-05
CUST-04243,WhatsApp,2026-03-23
CUST-04243,AI Assist,2026-01-26
CUST-04244,WhatsApp,2026-02-16
CUST-04245,Analytics,2026-03-02
CUST-04245,Call Routing,2026-03-02
CUST-04246,Analytics,2026-01-26
CUST-04246,AI Assist,2026-01-19
CUST-04246,Integrations,2026-01-26
CUST-04247,WhatsApp,2026-03-09
CUST-04247,Analytics,2026-01-12
CUST-04248,AI Voice Agent,2026-02-09
CUST-04248,Analytics,2026-01-12
CUST-04249,Analytics,2026-03-02
CUST-04249,Integrations,2026-03-02
CUST-04250,WhatsApp,2026-02-23
CUST-04250,Analytics,2026-02-09
CUST-04250,Call Routing,2026-02-23
CUST-04251,AI Voice Agent,2026-01-05
CUST-04251,AI Assist,2026-01-26
CUST-04252,Analytics,2026-02-23
CUST-04253,AI Voice Agent,2026-01-12
CUST-04253,WhatsApp,2026-01-05
CUST-04253,AI Assist,2026-01-05
CUST-04254,AI Assist,2026-02-23
CUST-04255,AI Voice Agent,2026-02-09
CUST-04256,Call Routing,2026-02-23
CUST-04256,Integrations,2026-03-09
CUST-04257,WhatsApp,2026-01-05
CUST-04258,AI Voice Agent,2026-01-19
CUST-04258,WhatsApp,2026-03-02
CUST-04258,Analytics,2026-03-16
CUST-04258,AI Assist,2026-01-26
CUST-04259,AI Voice Agent,2026-02-16
CUST-04259,WhatsApp,2026-03-09
CUST-04260,WhatsApp,2026-01-05
CUST-04260,Integrations,2026-01-05
CUST-04261,WhatsApp,2026-02-16
CUST-04261,AI Assist,2026-02-23
CUST-04262,Integrations,2026-01-12
CUST-04263,AI Voice Agent,2026-02-02
CUST-04263,Analytics,2026-01-26
CUST-04263,Call Routing,2026-03-23
CUST-04263,AI Assist,2026-01-26
CUST-04264,WhatsApp,2026-03-09
CUST-04264,Analytics,2026-03-02
CUST-04266,WhatsApp,2026-01-26
CUST-04266,Call Routing,2026-02-02
CUST-04267,AI Voice Agent,2026-01-05
CUST-04267,WhatsApp,2026-01-12
CUST-04267,AI Assist,2026-01-26
CUST-04268,AI Voice Agent,2026-03-02
CUST-04268,Call Routing,2026-03-16
CUST-04269,Analytics,2026-02-02
CUST-04269,Integrations,2026-02-23
CUST-04270,AI Voice Agent,2026-02-02
CUST-04270,Integrations,2026-02-16
CUST-04271,Analytics,2026-01-19
CUST-04271,Call Routing,2026-01-26
CUST-04271,AI Assist,2026-02-23
CUST-04272,WhatsApp,2026-01-26
CUST-04273,Call Routing,2026-01-05
CUST-04274,AI Voice Agent,2026-03-02
CUST-04274,Analytics,2026-02-23
CUST-04274,AI Assist,2026-02-23
CUST-04275,AI Voice Agent,2026-02-09
CUST-04275,WhatsApp,2026-02-16
CUST-04275,Analytics,2026-03-16
CUST-04276,WhatsApp,2026-03-02
CUST-04276,Call Routing,2026-02-23
CUST-04277,WhatsApp,2026-03-02
CUST-04277,Call Routing,2026-03-09
CUST-04277,AI Assist,2026-02-16
CUST-04278,Analytics,2026-01-26
CUST-04278,Call Routing,2026-01-19
CUST-04279,AI Voice Agent,2026-03-02
CUST-04279,Analytics,2026-03-16
CUST-04279,Call Routing,2026-03-09
CUST-04279,Integrations,2026-03-16
CUST-04280,AI Voice Agent,2026-01-26
CUST-04280,AI Assist,2026-03-23
CUST-04281,WhatsApp,2026-01-26
CUST-04281,Call Routing,2026-03-09
CUST-04282,AI Voice Agent,2026-01-12
CUST-04282,Analytics,2026-02-16
CUST-04283,Analytics,2026-03-02
CUST-04284,WhatsApp,2026-02-16
CUST-04284,Call Routing,2026-01-19
CUST-04284,AI Assist,2026-01-12
CUST-04284,Integrations,2026-02-02
CUST-04285,Integrations,2026-01-12
CUST-04287,WhatsApp,2026-02-16
CUST-04287,Analytics,2026-01-26
CUST-04288,WhatsApp,2026-01-19
CUST-04288,Analytics,2026-02-02
CUST-04288,Call Routing,2026-01-19
CUST-04288,Integrations,2026-01-19
CUST-04289,AI Voice Agent,2026-01-26
CUST-04289,Analytics,2026-01-12
CUST-04289,Call Routing,2026-01-12
CUST-04289,AI Assist,2026-01-26
CUST-04289,Integrations,2026-01-26
CUST-04290,AI Voice Agent,2026-01-12
CUST-04290,Analytics,2026-01-19
CUST-04290,AI Assist,2026-01-19
CUST-04291,WhatsApp,2026-03-09
CUST-04291,Call Routing,2026-02-23
CUST-04292,WhatsApp,2026-02-09
CUST-04292,Integrations,2026-02-23
CUST-04294,WhatsApp,2026-01-26
CUST-04294,Analytics,2026-02-09
CUST-04295,Analytics,2026-01-05
CUST-04296,AI Voice Agent,2026-01-19
CUST-04296,WhatsApp,2026-01-12
CUST-04296,Call Routing,2026-01-05
CUST-04296,Integrations,2026-01-12
CUST-04297,Integrations,2026-01-05
CUST-04298,AI Voice Agent,2026-01-19
CUST-04298,WhatsApp,2026-01-19
CUST-04298,Analytics,2026-01-12
CUST-04298,AI Assist,2026-03-02
CUST-04299,AI Voice Agent,2026-03-09
CUST-04299,Call Routing,2026-03-16
CUST-04301,WhatsApp,2026-01-19
CUST-04301,Analytics,2026-01-05
CUST-04301,Call Routing,2026-01-12
CUST-04303,WhatsApp,2026-03-23
CUST-04303,Analytics,2026-03-09
CUST-04304,WhatsApp,2026-02-16
CUST-04304,Analytics,2026-01-26
CUST-04305,Analytics,2026-03-23
CUST-04306,AI Voice Agent,2026-01-26
CUST-04307,AI Assist,2026-02-23
CUST-04308,Analytics,2026-03-16
CUST-04308,Call Routing,2026-03-02
CUST-04309,WhatsApp,2026-01-12
CUST-04309,Integrations,2026-01-05
CUST-04310,Analytics,2026-01-05
CUST-04310,Call Routing,2026-01-05
CUST-04311,AI Voice Agent,2026-02-09
CUST-04311,WhatsApp,2026-03-16
CUST-04311,Analytics,2026-03-02
CUST-04311,AI Assist,2026-02-16
CUST-04311,Integrations,2026-01-19
CUST-04312,AI Voice Agent,2026-01-05
CUST-04312,WhatsApp,2026-03-02
CUST-04312,Analytics,2026-01-12
CUST-04313,AI Voice Agent,2026-01-19
CUST-04313,AI Assist,2026-01-05
CUST-04313,Integrations,2026-02-16
CUST-04314,AI Voice Agent,2026-01-19
CUST-04314,AI Assist,2026-01-12
CUST-04315,AI Voice Agent,2026-01-26
CUST-04315,WhatsApp,2026-02-09
CUST-04316,WhatsApp,2026-03-09
CUST-04317,AI Voice Agent,2026-01-05
CUST-04317,Analytics,2026-01-26
CUST-04317,AI Assist,2026-01-19
CUST-04317,Integrations,2026-01-26
CUST-04318,AI Voice Agent,2026-02-02
CUST-04319,AI Voice Agent,2026-01-05
CUST-04319,WhatsApp,2026-03-02
CUST-04319,Analytics,2026-02-09
CUST-04319,Call Routing,2026-01-05
CUST-04319,AI Assist,2026-01-26
CUST-04320,Analytics,2026-01-12
CUST-04321,WhatsApp,2026-01-26
CUST-04322,Call Routing,2026-03-09
CUST-04323,Analytics,2026-01-26
CUST-04323,Call Routing,2026-03-02
CUST-04323,AI Assist,2026-03-23
CUST-04324,WhatsApp,2026-02-02
CUST-04324,Analytics,2026-01-12
CUST-04325,AI Assist,2026-01-05
CUST-04326,WhatsApp,2026-01-26
CUST-04326,Analytics,2026-01-05
CUST-04327,AI Voice Agent,2026-02-09
CUST-04327,WhatsApp,2026-02-16
CUST-04327,AI Assist,2026-01-26
CUST-04327,Integrations,2026-02-02
CUST-04328,Call Routing,2026-02-23
CUST-04329,AI Voice Agent,2026-01-19
CUST-04329,Analytics,2026-02-16
CUST-04330,WhatsApp,2026-01-19
CUST-04331,AI Voice Agent,2026-01-05
CUST-04331,Call Routing,2026-02-02
CUST-04332,Analytics,2026-03-02
CUST-04332,Integrations,2026-02-16
CUST-04333,WhatsApp,2026-02-23
CUST-04334,WhatsApp,2026-01-26
CUST-04334,Analytics,2026-01-19
CUST-04335,AI Assist,2026-02-02
CUST-04336,AI Voice Agent,2026-03-02
CUST-04336,WhatsApp,2026-02-23
CUST-04336,Integrations,2026-03-16
CUST-04337,WhatsApp,2026-01-19
CUST-04337,Call Routing,2026-01-19
CUST-04337,Integrations,2026-01-19
CUST-04338,WhatsApp,2026-01-12
CUST-04338,AI Assist,2026-01-19
CUST-04339,AI Voice Agent,2026-03-09
CUST-04340,Analytics,2026-01-12
CUST-04340,Call Routing,2026-01-12
CUST-04342,AI Voice Agent,2026-01-12
CUST-04342,WhatsApp,2026-01-12
CUST-04342,Analytics,2026-02-09
CUST-04342,Call Routing,2026-01-19
CUST-04343,WhatsApp,2026-02-09
CUST-04343,Analytics,2026-01-12
CUST-04343,Call Routing,2026-02-09
CUST-04344,WhatsApp,2026-02-02
CUST-04344,Analytics,2026-02-02
CUST-04344,Integrations,2026-01-19
CUST-04345,Integrations,2026-01-19
CUST-04346,WhatsApp,2026-01-12
CUST-04346,Call Routing,2026-01-12
CUST-04346,AI Assist,2026-01-19
CUST-04347,WhatsApp,2026-03-16
CUST-04347,Analytics,2026-03-23
CUST-04347,AI Assist,2026-02-02
CUST-04348,WhatsApp,2026-01-12
CUST-04348,Integrations,2026-01-12
CUST-04349,WhatsApp,2026-01-19
CUST-04351,Analytics,2026-02-02
CUST-04352,AI Voice Agent,2026-01-19
CUST-04352,Analytics,2026-03-23
CUST-04352,Call Routing,2026-01-05
CUST-04352,AI Assist,2026-03-16
CUST-04353,AI Voice Agent,2026-02-23
CUST-04353,WhatsApp,2026-02-23
CUST-04354,WhatsApp,2026-01-26
CUST-04354,Analytics,2026-02-02
CUST-04355,Call Routing,2026-01-19
CUST-04357,Analytics,2026-01-05
CUST-04359,AI Voice Agent,2026-01-12
CUST-04359,WhatsApp,2026-02-02
CUST-04359,Call Routing,2026-02-09
CUST-04360,WhatsApp,2026-03-16
CUST-04361,Analytics,2026-01-26
CUST-04362,AI Voice Agent,2026-02-09
CUST-04362,WhatsApp,2026-01-05
CUST-04362,Call Routing,2026-03-02
CUST-04362,AI Assist,2026-02-09
CUST-04362,Integrations,2026-01-12
CUST-04363,AI Voice Agent,2026-01-12
CUST-04363,Call Routing,2026-03-16
CUST-04363,Integrations,2026-03-23
CUST-04364,WhatsApp,2026-02-16
CUST-04364,AI Assist,2026-02-16
CUST-04365,Analytics,2026-03-02
CUST-04365,Call Routing,2026-03-02
CUST-04367,WhatsApp,2026-03-09
CUST-04367,Analytics,2026-02-16
CUST-04368,AI Assist,2026-02-02
CUST-04368,Integrations,2026-02-23
CUST-04369,WhatsApp,2026-02-09
CUST-04369,Call Routing,2026-02-23
CUST-04370,WhatsApp,2026-03-23
CUST-04370,Analytics,2026-03-09
CUST-04370,Call Routing,2026-03-23
CUST-04371,WhatsApp,2026-01-05
CUST-04372,Analytics,2026-03-23
CUST-04373,WhatsApp,2026-01-26
CUST-04373,Call Routing,2026-01-19
CUST-04374,AI Voice Agent,2026-02-02
CUST-04374,WhatsApp,2026-01-12
CUST-04374,Analytics,2026-02-23
CUST-04375,WhatsApp,2026-02-09
CUST-04375,Analytics,2026-02-09
CUST-04375,Call Routing,2026-02-02
CUST-04376,Analytics,2026-02-09
CUST-04376,Call Routing,2026-01-19
CUST-04377,AI Assist,2026-02-16
CUST-04378,Analytics,2026-02-09
CUST-04378,Call Routing,2026-02-16
CUST-04378,AI Assist,2026-02-09
CUST-04379,WhatsApp,2026-02-09
CUST-04379,Call Routing,2026-02-02
CUST-04380,AI Voice Agent,2026-02-23
CUST-04380,WhatsApp,2026-03-09
CUST-04380,Analytics,2026-03-09
CUST-04381,AI Voice Agent,2026-02-23
CUST-04381,WhatsApp,2026-02-09
CUST-04382,WhatsApp,2026-03-16
CUST-04384,AI Voice Agent,2026-01-12
CUST-04384,AI Assist,2026-01-26
CUST-04385,AI Voice Agent,2026-03-16
CUST-04385,Analytics,2026-03-09
CUST-04385,AI Assist,2026-03-23
CUST-04386,WhatsApp,2026-03-23
CUST-04387,WhatsApp,2026-02-23
CUST-04387,AI Assist,2026-02-09
CUST-04388,WhatsApp,2026-01-05
CUST-04389,Analytics,2026-03-09
CUST-04389,Call Routing,2026-02-23
CUST-04390,Call Routing,2026-01-05
CUST-04391,AI Voice Agent,2026-02-23
CUST-04391,WhatsApp,2026-03-23
CUST-04391,Call Routing,2026-03-09
CUST-04392,AI Voice Agent,2026-01-05
CUST-04392,AI Assist,2026-02-09
CUST-04393,WhatsApp,2026-01-26
CUST-04393,Analytics,2026-01-19
CUST-04393,Integrations,2026-01-19
CUST-04394,Integrations,2026-01-12
CUST-04395,AI Voice Agent,2026-01-05
CUST-04395,WhatsApp,2026-03-09
CUST-04395,Analytics,2026-02-09
CUST-04396,Call Routing,2026-01-12
CUST-04397,WhatsApp,2026-02-23
CUST-04397,Analytics,2026-02-23
CUST-04398,WhatsApp,2026-01-12
CUST-04398,Analytics,2026-01-12
CUST-04398,Call Routing,2026-01-12
CUST-04399,AI Voice Agent,2026-01-26
CUST-04399,WhatsApp,2026-02-16
CUST-04399,Call Routing,2026-02-02
CUST-04400,WhatsApp,2026-02-16
CUST-04400,AI Assist,2026-02-09
CUST-04401,AI Assist,2026-01-12
CUST-04401,Integrations,2026-02-02
CUST-04402,AI Voice Agent,2026-02-02
CUST-04402,Analytics,2026-01-19
CUST-04402,Call Routing,2026-02-02
CUST-04403,AI Voice Agent,2026-02-02
CUST-04403,WhatsApp,2026-01-05
CUST-04403,AI Assist,2026-02-23
CUST-04403,Integrations,2026-02-02
CUST-04404,WhatsApp,2026-02-09
CUST-04404,Analytics,2026-03-23
CUST-04405,WhatsApp,2026-01-12
CUST-04405,Integrations,2026-02-09
CUST-04406,WhatsApp,2026-01-26
CUST-04406,Call Routing,2026-01-26
CUST-04407,WhatsApp,2026-03-16
CUST-04407,Integrations,2026-03-09
CUST-04408,WhatsApp,2026-01-26
CUST-04409,WhatsApp,2026-03-09
CUST-04409,Analytics,2026-02-16
CUST-04409,Call Routing,2026-03-09
CUST-04410,AI Voice Agent,2026-01-19
CUST-04410,WhatsApp,2026-01-05
CUST-04411,AI Voice Agent,2026-01-19
CUST-04411,WhatsApp,2026-02-09
CUST-04412,WhatsApp,2026-02-23
CUST-04412,Analytics,2026-02-16
CUST-04414,Analytics,2026-03-02
CUST-04415,WhatsApp,2026-02-09
CUST-04415,Analytics,2026-02-16
CUST-04416,AI Voice Agent,2026-02-02
CUST-04416,WhatsApp,2026-03-16
CUST-04416,Analytics,2026-03-02
CUST-04416,AI Assist,2026-03-23
CUST-04417,WhatsApp,2026-01-19
CUST-04417,Analytics,2026-02-09
CUST-04417,Integrations,2026-03-09
CUST-04418,WhatsApp,2026-02-09
CUST-04418,Analytics,2026-02-09
CUST-04418,Integrations,2026-02-16
CUST-04419,Analytics,2026-02-16
CUST-04419,Call Routing,2026-03-09
CUST-04419,AI Assist,2026-02-23
CUST-04420,WhatsApp,2026-03-02
CUST-04421,WhatsApp,2026-02-09
CUST-04421,Call Routing,2026-02-09
CUST-04421,AI Assist,2026-02-23
CUST-04422,WhatsApp,2026-03-09
CUST-04422,Call Routing,2026-03-23
CUST-04422,AI Assist,2026-01-12
CUST-04426,WhatsApp,2026-03-16
CUST-04426,Call Routing,2026-03-16
CUST-04426,AI Assist,2026-01-19
CUST-04426,Integrations,2026-02-02
CUST-04427,Analytics,2026-03-09
CUST-04428,WhatsApp,2026-01-12
CUST-04428,Call Routing,2026-02-09
CUST-04429,AI Voice Agent,2026-02-02
CUST-04429,WhatsApp,2026-01-05
CUST-04429,Analytics,2026-02-23
CUST-04429,AI Assist,2026-01-12
CUST-04429,Integrations,2026-02-16
CUST-04430,WhatsApp,2026-02-09
CUST-04430,Call Routing,2026-01-26
CUST-04431,AI Voice Agent,2026-02-09
CUST-04431,Call Routing,2026-02-16
CUST-04432,WhatsApp,2026-01-12
CUST-04432,Call Routing,2026-01-12
CUST-04433,WhatsApp,2026-02-16
CUST-04433,Integrations,2026-01-19
CUST-04434,Analytics,2026-03-16
CUST-04434,Call Routing,2026-03-02
CUST-04435,AI Voice Agent,2026-01-26
CUST-04435,WhatsApp,2026-01-26
CUST-04435,Analytics,2026-01-19
CUST-04435,Call Routing,2026-02-09
CUST-04435,AI Assist,2026-01-05
CUST-04435,Integrations,2026-01-05
CUST-04436,WhatsApp,2026-03-16
CUST-04436,Analytics,2026-02-16
CUST-04437,WhatsApp,2026-02-09
CUST-04438,Analytics,2026-03-02
CUST-04438,Call Routing,2026-03-09
CUST-04439,Integrations,2026-03-02
CUST-04441,Analytics,2026-03-02
CUST-04441,Call Routing,2026-03-09
CUST-04442,WhatsApp,2026-02-02
CUST-04442,Analytics,2026-02-23
CUST-04442,Integrations,2026-01-12
CUST-04443,Analytics,2026-03-23
CUST-04443,Call Routing,2026-02-09
CUST-04443,Integrations,2026-01-05
CUST-04444,WhatsApp,2026-01-26
CUST-04445,AI Voice Agent,2026-02-02
CUST-04445,AI Assist,2026-02-09
CUST-04446,AI Voice Agent,2026-02-23
CUST-04446,WhatsApp,2026-03-09
CUST-04447,WhatsApp,2026-03-16
CUST-04447,Call Routing,2026-01-26
CUST-04448,Integrations,2026-01-12
CUST-04449,WhatsApp,2026-02-16
CUST-04449,Call Routing,2026-02-23
CUST-04449,Integrations,2026-03-02
CUST-04450,Integrations,2026-03-02
CUST-04452,AI Voice Agent,2026-02-09
CUST-04452,AI Assist,2026-02-16
CUST-04453,AI Voice Agent,2026-01-26
CUST-04453,WhatsApp,2026-02-23
CUST-04454,WhatsApp,2026-01-05
CUST-04454,AI Assist,2026-01-05
CUST-04455,WhatsApp,2026-01-26
CUST-04455,Analytics,2026-01-19
CUST-04455,Call Routing,2026-02-02
CUST-04456,WhatsApp,2026-03-16
CUST-04456,Integrations,2026-01-26
CUST-04457,AI Voice Agent,2026-01-12
CUST-04457,WhatsApp,2026-02-02
CUST-04457,Call Routing,2026-02-02
CUST-04458,AI Voice Agent,2026-02-02
CUST-04458,WhatsApp,2026-03-16
CUST-04459,Analytics,2026-01-19
CUST-04460,WhatsApp,2026-02-02
CUST-04460,Call Routing,2026-02-16
CUST-04461,AI Voice Agent,2026-01-12
CUST-04462,WhatsApp,2026-01-19
CUST-04462,Call Routing,2026-01-05
CUST-04462,AI Assist,2026-01-05
CUST-04463,Call Routing,2026-01-12
CUST-04464,AI Voice Agent,2026-03-23
CUST-04464,WhatsApp,2026-02-23
CUST-04464,Call Routing,2026-03-02
CUST-04465,Analytics,2026-03-09
CUST-04466,WhatsApp,2026-02-16
CUST-04466,Call Routing,2026-03-09
CUST-04468,AI Voice Agent,2026-01-12
CUST-04468,Analytics,2026-02-02
CUST-04468,AI Assist,2026-02-02
CUST-04469,Analytics,2026-01-05
CUST-04469,AI Assist,2026-01-05
CUST-04469,Integrations,2026-01-05
CUST-04470,Analytics,2026-03-09
CUST-04470,Call Routing,2026-03-09
CUST-04471,WhatsApp,2026-02-23
CUST-04471,Call Routing,2026-01-05
CUST-04471,Integrations,2026-01-12
CUST-04472,WhatsApp,2026-02-09
CUST-04472,Analytics,2026-02-09
CUST-04472,Call Routing,2026-02-09
CUST-04473,AI Voice Agent,2026-01-26
CUST-04473,WhatsApp,2026-01-05
CUST-04473,Analytics,2026-01-19
CUST-04473,Integrations,2026-01-05
CUST-04474,WhatsApp,2026-01-05
CUST-04474,Call Routing,2026-01-26
CUST-04475,Analytics,2026-01-26
CUST-04476,WhatsApp,2026-02-02
CUST-04476,Analytics,2026-01-12
CUST-04476,AI Assist,2026-01-19
CUST-04477,AI Voice Agent,2026-02-02
CUST-04477,Call Routing,2026-02-16
CUST-04478,Analytics,2026-03-02
CUST-04478,AI Assist,2026-03-02
CUST-04479,WhatsApp,2026-03-23
CUST-04479,Analytics,2026-03-23
CUST-04479,AI Assist,2026-03-16
CUST-04480,WhatsApp,2026-01-12
CUST-04480,Analytics,2026-02-09
CUST-04480,Call Routing,2026-03-16
CUST-04480,Integrations,2026-01-19
CUST-04481,WhatsApp,2026-02-02
CUST-04481,Integrations,2026-02-09
CUST-04482,AI Voice Agent,2026-01-19
CUST-04482,Call Routing,2026-02-02
CUST-04482,Integrations,2026-02-23
CUST-04483,WhatsApp,2026-01-12
CUST-04483,Analytics,2026-01-19
CUST-04484,AI Voice Agent,2026-01-26
CUST-04484,WhatsApp,2026-02-23
CUST-04484,Call Routing,2026-02-02
CUST-04485,Analytics,2026-03-16
CUST-04485,Call Routing,2026-03-23
CUST-04485,AI Assist,2026-02-23
CUST-04487,WhatsApp,2026-03-16
CUST-04488,Integrations,2026-02-02
CUST-04489,WhatsApp,2026-02-09
CUST-04489,Analytics,2026-03-23
CUST-04489,Call Routing,2026-02-23
CUST-04489,AI Assist,2026-03-02
CUST-04490,AI Voice Agent,2026-02-09
CUST-04490,WhatsApp,2026-02-23
CUST-04490,Analytics,2026-03-09
CUST-04491,AI Voice Agent,2026-01-19
CUST-04491,WhatsApp,2026-01-19
CUST-04492,WhatsApp,2026-02-09
CUST-04492,Analytics,2026-02-23
CUST-04492,Call Routing,2026-02-02
CUST-04493,AI Voice Agent,2026-01-26
CUST-04493,AI Assist,2026-01-19
CUST-04494,WhatsApp,2026-03-16
CUST-04494,Analytics,2026-01-19
CUST-04494,Call Routing,2026-01-19
CUST-04495,AI Voice Agent,2026-01-19
CUST-04495,WhatsApp,2026-01-05
CUST-04495,Analytics,2026-03-16
CUST-04496,AI Voice Agent,2026-02-02
CUST-04496,WhatsApp,2026-01-05
CUST-04496,Analytics,2026-03-09
CUST-04497,AI Voice Agent,2026-03-09
CUST-04497,AI Assist,2026-03-23
CUST-04498,WhatsApp,2026-01-26
CUST-04498,Analytics,2026-01-19
CUST-04498,Integrations,2026-02-02
CUST-04500,Integrations,2026-03-02
CUST-04501,WhatsApp,2026-02-23
CUST-04501,Analytics,2026-03-02
CUST-04501,Call Routing,2026-02-02
CUST-04501,Integrations,2026-03-09
CUST-04502,Analytics,2026-02-02
CUST-04502,AI Assist,2026-02-23
CUST-04503,AI Voice Agent,2026-02-09
CUST-04504,AI Assist,2026-01-05
CUST-04507,WhatsApp,2026-01-12
CUST-04507,Analytics,2026-01-12
CUST-04507,AI Assist,2026-02-09
CUST-04508,Call Routing,2026-03-16
CUST-04508,AI Assist,2026-03-02
CUST-04509,AI Voice Agent,2026-01-12
CUST-04509,AI Assist,2026-03-02
CUST-04510,AI Voice Agent,2026-02-09
CUST-04510,WhatsApp,2026-02-16
CUST-04510,AI Assist,2026-02-23
CUST-04511,WhatsApp,2026-03-02
CUST-04511,AI Assist,2026-03-02
CUST-04511,Integrations,2026-03-02
CUST-04512,WhatsApp,2026-01-26
CUST-04513,WhatsApp,2026-03-02
CUST-04513,AI Assist,2026-03-09
CUST-04514,WhatsApp,2026-03-23
CUST-04514,Analytics,2026-01-26
CUST-04514,Integrations,2026-03-02
CUST-04515,Analytics,2026-03-02
CUST-04516,WhatsApp,2026-01-05
CUST-04517,WhatsApp,2026-03-09
CUST-04517,Call Routing,2026-02-23
CUST-04517,AI Assist,2026-03-23
CUST-04517,Integrations,2026-02-23
CUST-04518,Analytics,2026-02-02
CUST-04518,Integrations,2026-01-26
CUST-04519,Analytics,2026-02-02
CUST-04520,Call Routing,2026-01-05
CUST-04521,AI Voice Agent,2026-01-26
CUST-04521,WhatsApp,2026-03-02
CUST-04521,Analytics,2026-02-16
CUST-04521,AI Assist,2026-01-05
CUST-04523,Analytics,2026-01-19
CUST-04523,Call Routing,2026-02-16
CUST-04524,WhatsApp,2026-02-09
CUST-04524,Analytics,2026-02-23
CUST-04524,Call Routing,2026-02-16
CUST-04524,Integrations,2026-03-09
CUST-04525,AI Voice Agent,2026-02-23
CUST-04525,AI Assist,2026-03-09
CUST-04526,AI Voice Agent,2026-01-12
CUST-04526,Analytics,2026-02-09
CUST-04526,AI Assist,2026-02-09
CUST-04527,WhatsApp,2026-01-19
CUST-04528,AI Voice Agent,2026-01-26
CUST-04528,WhatsApp,2026-01-12
CUST-04529,AI Voice Agent,2026-01-05
CUST-04529,Analytics,2026-01-19
CUST-04529,Call Routing,2026-02-16
CUST-04530,Analytics,2026-03-09
CUST-04531,AI Voice Agent,2026-01-05
CUST-04531,Analytics,2026-01-05
CUST-04531,AI Assist,2026-02-16
CUST-04532,WhatsApp,2026-03-16
CUST-04532,Analytics,2026-03-02
CUST-04532,AI Assist,2026-03-23
CUST-04533,Analytics,2026-03-23
CUST-04534,AI Voice Agent,2026-01-26
CUST-04534,WhatsApp,2026-02-02
CUST-04534,Call Routing,2026-02-02
CUST-04534,AI Assist,2026-01-26
CUST-04534,Integrations,2026-02-09
CUST-04535,Call Routing,2026-03-09
CUST-04536,WhatsApp,2026-03-09
CUST-04536,Call Routing,2026-03-09
CUST-04536,AI Assist,2026-03-02
CUST-04537,Analytics,2026-03-02
CUST-04537,AI Assist,2026-02-23
CUST-04537,Integrations,2026-01-12
CUST-04538,AI Voice Agent,2026-01-19
CUST-04538,Analytics,2026-02-02
CUST-04538,Call Routing,2026-03-23
CUST-04539,Call Routing,2026-02-09
CUST-04539,Integrations,2026-02-09
CUST-04540,Analytics,2026-03-02
CUST-04540,Call Routing,2026-03-09
CUST-04541,WhatsApp,2026-01-12
CUST-04541,Analytics,2026-03-23
CUST-04541,Call Routing,2026-02-23
CUST-04542,AI Voice Agent,2026-02-16
CUST-04542,WhatsApp,2026-03-23
CUST-04542,Analytics,2026-02-02
CUST-04542,AI Assist,2026-03-23
CUST-04543,WhatsApp,2026-02-02
CUST-04543,AI Assist,2026-01-26
CUST-04544,WhatsApp,2026-01-19
CUST-04544,Analytics,2026-01-19
CUST-04545,WhatsApp,2026-03-09
CUST-04545,Analytics,2026-03-09
CUST-04545,Call Routing,2026-03-16
CUST-04546,AI Voice Agent,2026-01-12
CUST-04547,AI Voice Agent,2026-02-09
CUST-04547,Analytics,2026-02-02
CUST-04547,AI Assist,2026-03-02
CUST-04548,Analytics,2026-03-09
CUST-04549,WhatsApp,2026-02-23
CUST-04550,Call Routing,2026-01-12
CUST-04551,WhatsApp,2026-03-02
CUST-04552,AI Voice Agent,2026-02-09
CUST-04552,WhatsApp,2026-03-09
CUST-04552,Analytics,2026-02-16
CUST-04552,AI Assist,2026-02-23
CUST-04552,Integrations,2026-01-19
CUST-04553,Analytics,2026-02-02
CUST-04553,Call Routing,2026-02-23
CUST-04554,AI Voice Agent,2026-01-19
CUST-04554,Call Routing,2026-01-26
CUST-04555,Analytics,2026-02-02
CUST-04555,Call Routing,2026-03-02
CUST-04556,Call Routing,2026-03-02
CUST-04557,AI Voice Agent,2026-02-02
CUST-04557,Call Routing,2026-01-26
CUST-04558,AI Voice Agent,2026-02-09
CUST-04558,Analytics,2026-02-16
CUST-04559,Call Routing,2026-01-19
CUST-04559,Integrations,2026-01-12
CUST-04560,AI Voice Agent,2026-02-09
CUST-04560,WhatsApp,2026-02-16
CUST-04560,Call Routing,2026-02-02
CUST-04561,WhatsApp,2026-02-09
CUST-04562,AI Voice Agent,2026-01-05
CUST-04562,WhatsApp,2026-01-26
CUST-04562,AI Assist,2026-01-19
CUST-04563,WhatsApp,2026-03-02
CUST-04563,Analytics,2026-03-16
CUST-04563,AI Assist,2026-01-12
CUST-04564,WhatsApp,2026-01-12
CUST-04564,Analytics,2026-03-09
CUST-04565,AI Voice Agent,2026-01-12
CUST-04565,WhatsApp,2026-02-02
CUST-04565,Call Routing,2026-02-02
CUST-04565,AI Assist,2026-01-19
CUST-04567,AI Voice Agent,2026-03-23
CUST-04567,Analytics,2026-03-09
CUST-04567,Call Routing,2026-03-09
CUST-04567,AI Assist,2026-03-23
CUST-04567,Integrations,2026-03-09
CUST-04568,AI Voice Agent,2026-01-05
CUST-04568,Analytics,2026-03-16
CUST-04568,Call Routing,2026-01-05
CUST-04569,WhatsApp,2026-01-19
CUST-04569,Analytics,2026-02-23
CUST-04569,AI Assist,2026-02-23
CUST-04569,Integrations,2026-02-09
CUST-04570,AI Voice Agent,2026-02-09
CUST-04570,WhatsApp,2026-03-23
CUST-04571,AI Assist,2026-01-05
CUST-04572,Analytics,2026-01-12
CUST-04572,Call Routing,2026-01-12
CUST-04575,WhatsApp,2026-02-23
CUST-04575,Call Routing,2026-02-23
CUST-04576,AI Assist,2026-02-16
CUST-04576,Integrations,2026-01-19
CUST-04577,AI Voice Agent,2026-01-19
CUST-04577,Integrations,2026-01-12
CUST-04578,Analytics,2026-01-12
CUST-04578,Call Routing,2026-01-19
CUST-04579,WhatsApp,2026-01-05
CUST-04579,Call Routing,2026-02-23
CUST-04580,AI Voice Agent,2026-03-23
CUST-04580,WhatsApp,2026-02-23
CUST-04580,Call Routing,2026-03-09
CUST-04580,Integrations,2026-03-16
CUST-04581,WhatsApp,2026-02-23
CUST-04581,AI Assist,2026-03-09
CUST-04582,AI Voice Agent,2026-02-16
CUST-04582,Analytics,2026-01-26
CUST-04583,AI Voice Agent,2026-01-26
CUST-04583,WhatsApp,2026-02-16
CUST-04583,Analytics,2026-02-02
CUST-04583,AI Assist,2026-01-19
CUST-04584,AI Voice Agent,2026-03-02
CUST-04584,Analytics,2026-03-09
CUST-04585,AI Voice Agent,2026-01-12
CUST-04585,AI Assist,2026-01-19
CUST-04586,Analytics,2026-02-16
CUST-04587,WhatsApp,2026-01-19
CUST-04587,Analytics,2026-03-02
CUST-04589,Analytics,2026-01-05
CUST-04589,Call Routing,2026-01-05
CUST-04590,Analytics,2026-03-02
CUST-04590,Call Routing,2026-01-26
CUST-04590,Integrations,2026-03-09
CUST-04591,WhatsApp,2026-01-19
CUST-04592,WhatsApp,2026-01-12
CUST-04592,Analytics,2026-01-12
CUST-04593,AI Voice Agent,2026-01-05
CUST-04593,Analytics,2026-03-02
CUST-04593,Integrations,2026-01-19
CUST-04594,WhatsApp,2026-02-02
CUST-04594,Analytics,2026-02-16
CUST-04595,AI Voice Agent,2026-03-02
CUST-04596,Call Routing,2026-01-19
CUST-04597,Call Routing,2026-03-09
CUST-04599,WhatsApp,2026-03-16
CUST-04599,Call Routing,2026-01-26
CUST-04599,AI Assist,2026-02-16
CUST-04600,AI Voice Agent,2026-01-19
CUST-04600,WhatsApp,2026-03-16
CUST-04600,Analytics,2026-03-02
CUST-04600,AI Assist,2026-01-26
CUST-04601,AI Voice Agent,2026-01-19
CUST-04601,WhatsApp,2026-01-05
CUST-04601,AI Assist,2026-03-16
CUST-04602,Analytics,2026-03-02
CUST-04602,Call Routing,2026-02-09
CUST-04603,AI Voice Agent,2026-02-16
CUST-04604,Analytics,2026-01-19
CUST-04604,Integrations,2026-01-12
CUST-04605,WhatsApp,2026-01-12
CUST-04605,Analytics,2026-01-26
CUST-04605,Integrations,2026-02-02
CUST-04606,WhatsApp,2026-01-05
CUST-04606,Analytics,2026-03-02
CUST-04607,AI Voice Agent,2026-01-19
CUST-04607,WhatsApp,2026-01-12
CUST-04607,Call Routing,2026-02-16
CUST-04608,Integrations,2026-01-26
CUST-04609,AI Voice Agent,2026-03-23
CUST-04610,Call Routing,2026-01-05
CUST-04611,WhatsApp,2026-01-19
CUST-04611,AI Assist,2026-01-12
CUST-04612,AI Voice Agent,2026-03-09
CUST-04612,Integrations,2026-03-02
CUST-04613,AI Assist,2026-01-19
CUST-04614,Analytics,2026-03-16
CUST-04614,Call Routing,2026-03-09
CUST-04614,Integrations,2026-03-16
CUST-04615,AI Voice Agent,2026-01-12
CUST-04615,WhatsApp,2026-01-12
CUST-04615,AI Assist,2026-03-02
CUST-04616,WhatsApp,2026-01-26
CUST-04616,Analytics,2026-01-26
CUST-04616,Call Routing,2026-01-12
CUST-04616,AI Assist,2026-01-05
CUST-04616,Integrations,2026-01-05
CUST-04617,Analytics,2026-01-19
CUST-04617,Call Routing,2026-01-26
CUST-04618,WhatsApp,2026-01-12
CUST-04619,AI Voice Agent,2026-01-12
CUST-04620,Analytics,2026-02-02
CUST-04620,Call Routing,2026-01-05
CUST-04620,Integrations,2026-01-05
CUST-04621,Call Routing,2026-01-05
CUST-04622,AI Voice Agent,2026-01-26
CUST-04623,WhatsApp,2026-01-05
CUST-04624,WhatsApp,2026-01-12
CUST-04624,Analytics,2026-02-09
CUST-04625,WhatsApp,2026-03-02
CUST-04625,Analytics,2026-03-09
CUST-04625,Call Routing,2026-02-09
CUST-04626,AI Voice Agent,2026-01-12
CUST-04626,WhatsApp,2026-03-02
CUST-04627,WhatsApp,2026-03-16
CUST-04628,WhatsApp,2026-01-12
CUST-04628,Call Routing,2026-01-05
CUST-04629,WhatsApp,2026-02-09
CUST-04630,Call Routing,2026-02-23
CUST-04631,Call Routing,2026-03-23
CUST-04632,WhatsApp,2026-02-02
CUST-04632,Analytics,2026-03-02
CUST-04632,Call Routing,2026-02-09
CUST-04633,Analytics,2026-01-19
CUST-04634,AI Voice Agent,2026-01-26
CUST-04634,Call Routing,2026-03-09
CUST-04634,Integrations,2026-03-23
CUST-04635,Analytics,2026-01-05
CUST-04635,AI Assist,2026-01-05
CUST-04636,WhatsApp,2026-02-09
CUST-04636,Call Routing,2026-03-09
CUST-04636,AI Assist,2026-01-05
CUST-04636,Integrations,2026-02-23
CUST-04637,WhatsApp,2026-02-23
CUST-04637,Call Routing,2026-03-16
CUST-04638,AI Voice Agent,2026-02-09
CUST-04638,WhatsApp,2026-02-02
CUST-04638,Integrations,2026-02-09
CUST-04639,WhatsApp,2026-01-26
CUST-04640,WhatsApp,2026-01-26
CUST-04640,Call Routing,2026-01-26
CUST-04640,Integrations,2026-01-26
CUST-04641,WhatsApp,2026-01-05
CUST-04641,Analytics,2026-02-16
CUST-04643,AI Voice Agent,2026-01-19
CUST-04643,WhatsApp,2026-03-16
CUST-04643,Call Routing,2026-02-02
CUST-04643,AI Assist,2026-03-23
CUST-04644,AI Voice Agent,2026-01-12
CUST-04644,Call Routing,2026-01-05
CUST-04644,AI Assist,2026-01-05
CUST-04648,WhatsApp,2026-01-12
CUST-04648,Analytics,2026-01-26
CUST-04648,Call Routing,2026-01-26
CUST-04649,WhatsApp,2026-03-02
CUST-04649,Call Routing,2026-02-23
CUST-04651,AI Voice Agent,2026-01-05
CUST-04651,WhatsApp,2026-02-02
CUST-04651,Call Routing,2026-02-09
CUST-04652,WhatsApp,2026-02-16
CUST-04652,Analytics,2026-02-09
CUST-04652,AI Assist,2026-01-05
CUST-04653,WhatsApp,2026-01-12
CUST-04653,Integrations,2026-02-09
CUST-04654,WhatsApp,2026-02-02
CUST-04654,Call Routing,2026-01-19
CUST-04655,WhatsApp,2026-03-16
CUST-04655,Analytics,2026-01-12
CUST-04655,Call Routing,2026-02-23
CUST-04656,WhatsApp,2026-01-26
CUST-04656,AI Assist,2026-02-23
CUST-04657,Call Routing,2026-03-16
CUST-04657,Integrations,2026-03-16
CUST-04658,WhatsApp,2026-02-09
CUST-04658,Analytics,2026-01-05
CUST-04659,WhatsApp,2026-02-16
CUST-04659,Call Routing,2026-01-19
CUST-04659,Integrations,2026-01-05
CUST-04660,AI Voice Agent,2026-01-26
CUST-04660,WhatsApp,2026-01-12
CUST-04660,Integrations,2026-02-02
CUST-04661,WhatsApp,2026-01-12
CUST-04662,Analytics,2026-01-05
CUST-04662,Call Routing,2026-01-05
CUST-04663,WhatsApp,2026-01-26
CUST-04663,Analytics,2026-03-02
CUST-04663,Call Routing,2026-02-23
CUST-04664,WhatsApp,2026-02-23
CUST-04664,Call Routing,2026-01-05
CUST-04664,AI Assist,2026-02-09
CUST-04664,Integrations,2026-02-23
CUST-04665,AI Voice Agent,2026-02-09
CUST-04665,WhatsApp,2026-02-16
CUST-04666,WhatsApp,2026-01-12
CUST-04667,WhatsApp,2026-03-02
CUST-04667,Analytics,2026-01-12
CUST-04667,Call Routing,2026-01-05
CUST-04669,AI Assist,2026-03-16
CUST-04670,Call Routing,2026-01-12
CUST-04671,WhatsApp,2026-02-16
CUST-04671,Analytics,2026-03-02
CUST-04672,Analytics,2026-02-23
CUST-04672,Call Routing,2026-03-16
CUST-04673,WhatsApp,2026-01-12
CUST-04673,Analytics,2026-01-12
CUST-04675,Analytics,2026-01-12
CUST-04676,WhatsApp,2026-02-09
CUST-04677,AI Voice Agent,2026-03-23
CUST-04678,Integrations,2026-03-02
CUST-04679,Analytics,2026-03-09
CUST-04679,Call Routing,2026-03-02
CUST-04679,AI Assist,2026-02-23
CUST-04680,WhatsApp,2026-02-02
CUST-04681,Analytics,2026-01-19
CUST-04681,AI Assist,2026-03-02
CUST-04682,WhatsApp,2026-01-12
CUST-04682,Analytics,2026-01-26
CUST-04682,AI Assist,2026-01-19
CUST-04682,Integrations,2026-01-12
CUST-04684,AI Voice Agent,2026-01-26
CUST-04684,Integrations,2026-03-02
CUST-04685,WhatsApp,2026-01-05
CUST-04685,AI Assist,2026-01-05
CUST-04686,WhatsApp,2026-02-23
CUST-04687,Analytics,2026-02-16
CUST-04687,Integrations,2026-02-23
CUST-04688,AI Voice Agent,2026-01-26
CUST-04688,Call Routing,2026-03-09
CUST-04688,Integrations,2026-03-16
CUST-04690,WhatsApp,2026-03-02
CUST-04690,Analytics,2026-03-02
CUST-04690,Call Routing,2026-03-09
CUST-04691,AI Voice Agent,2026-03-02
CUST-04691,AI Assist,2026-03-16
CUST-04691,Integrations,2026-03-23
CUST-04692,WhatsApp,2026-03-09
CUST-04692,Call Routing,2026-03-02
CUST-04693,AI Voice Agent,2026-02-02
CUST-04693,WhatsApp,2026-01-12
CUST-04693,Analytics,2026-01-12
CUST-04693,Call Routing,2026-01-12
CUST-04694,AI Voice Agent,2026-01-19
CUST-04694,Analytics,2026-01-12
CUST-04694,AI Assist,2026-01-12
CUST-04695,AI Assist,2026-03-16
CUST-04696,WhatsApp,2026-02-02
CUST-04696,Call Routing,2026-02-02
CUST-04697,AI Voice Agent,2026-03-09
CUST-04697,WhatsApp,2026-03-02
CUST-04697,Analytics,2026-02-16
CUST-04698,WhatsApp,2026-01-05
CUST-04699,Call Routing,2026-01-05
CUST-04699,Integrations,2026-01-05
CUST-04700,AI Voice Agent,2026-02-02
CUST-04700,WhatsApp,2026-01-19
CUST-04700,Call Routing,2026-01-12
CUST-04701,WhatsApp,2026-02-02
CUST-04701,Call Routing,2026-03-09
CUST-04702,Analytics,2026-01-05
CUST-04702,AI Assist,2026-03-16
CUST-04703,AI Voice Agent,2026-01-12
CUST-04703,WhatsApp,2026-03-09
CUST-04703,Analytics,2026-02-23
CUST-04703,Call Routing,2026-03-09
CUST-04703,AI Assist,2026-03-16
CUST-04703,Integrations,2026-01-12
CUST-04704,WhatsApp,2026-01-05
CUST-04705,AI Voice Agent,2026-02-09
CUST-04705,WhatsApp,2026-01-12
CUST-04706,Analytics,2026-01-05
CUST-04706,Call Routing,2026-02-16
CUST-04707,Analytics,2026-03-09
CUST-04708,AI Voice Agent,2026-03-02
CUST-04708,Analytics,2026-03-23
CUST-04709,Analytics,2026-02-09
CUST-04710,WhatsApp,2026-02-09
CUST-04710,AI Assist,2026-02-16
CUST-04711,AI Voice Agent,2026-01-12
CUST-04711,Analytics,2026-01-26
CUST-04711,AI Assist,2026-03-02
CUST-04712,AI Voice Agent,2026-01-19
CUST-04712,WhatsApp,2026-01-26
CUST-04712,Analytics,2026-03-02
CUST-04712,Call Routing,2026-01-19
CUST-04713,WhatsApp,2026-02-09
CUST-04714,AI Voice Agent,2026-01-26
CUST-04716,WhatsApp,2026-01-12
CUST-04716,Analytics,2026-01-26
CUST-04718,WhatsApp,2026-03-02
CUST-04718,Analytics,2026-03-09
CUST-04718,Call Routing,2026-03-23
CUST-04719,AI Voice Agent,2026-02-02
CUST-04719,Analytics,2026-03-09
CUST-04720,Integrations,2026-02-16
CUST-04721,AI Voice Agent,2026-01-05
CUST-04721,WhatsApp,2026-01-12
CUST-04722,WhatsApp,2026-02-23
CUST-04722,Analytics,2026-02-02
CUST-04724,WhatsApp,2026-01-05
CUST-04724,Analytics,2026-01-05
CUST-04725,WhatsApp,2026-01-05
CUST-04725,Analytics,2026-03-16
CUST-04725,Call Routing,2026-03-16
CUST-04725,AI Assist,2026-03-23
CUST-04726,WhatsApp,2026-03-09
CUST-04726,Analytics,2026-03-16
CUST-04727,WhatsApp,2026-01-12
CUST-04728,AI Voice Agent,2026-03-16
CUST-04729,AI Voice Agent,2026-01-05
CUST-04730,AI Voice Agent,2026-02-09
CUST-04730,WhatsApp,2026-01-05
CUST-04730,Call Routing,2026-03-16
CUST-04730,AI Assist,2026-01-05
CUST-04731,AI Voice Agent,2026-03-02
CUST-04732,AI Voice Agent,2026-02-02
CUST-04732,WhatsApp,2026-03-02
CUST-04733,Call Routing,2026-02-02
CUST-04733,AI Assist,2026-03-23
CUST-04734,WhatsApp,2026-02-09
CUST-04734,Call Routing,2026-02-09
CUST-04735,Call Routing,2026-03-09
CUST-04735,Integrations,2026-02-09
CUST-04736,Analytics,2026-02-09
CUST-04736,Integrations,2026-03-02
CUST-04737,WhatsApp,2026-02-23
CUST-04737,Analytics,2026-02-23
CUST-04737,Call Routing,2026-02-23
CUST-04738,WhatsApp,2026-03-02
CUST-04738,Analytics,2026-03-16
CUST-04739,Call Routing,2026-02-02
CUST-04739,AI Assist,2026-02-02
CUST-04740,AI Voice Agent,2026-01-19
CUST-04742,WhatsApp,2026-01-05
CUST-04742,Call Routing,2026-01-05
CUST-04744,WhatsApp,2026-01-12
CUST-04744,AI Assist,2026-01-19
CUST-04745,WhatsApp,2026-02-09
CUST-04745,Call Routing,2026-03-16
CUST-04745,Integrations,2026-02-02
CUST-04746,AI Voice Agent,2026-02-02
CUST-04746,Call Routing,2026-03-09
CUST-04747,WhatsApp,2026-03-02
CUST-04747,Analytics,2026-03-02
CUST-04747,Call Routing,2026-03-02
CUST-04747,AI Assist,2026-03-02
CUST-04747,Integrations,2026-03-02
CUST-04748,WhatsApp,2026-03-09
CUST-04748,Analytics,2026-01-19
CUST-04748,Integrations,2026-03-23
CUST-04749,Analytics,2026-02-09
CUST-04749,AI Assist,2026-01-26
CUST-04750,WhatsApp,2026-03-23
CUST-04750,Analytics,2026-03-02
CUST-04750,Call Routing,2026-03-16
CUST-04750,Integrations,2026-03-09
CUST-04751,Call Routing,2026-02-23
CUST-04752,WhatsApp,2026-01-05
CUST-04752,Analytics,2026-01-19
CUST-04753,WhatsApp,2026-03-23
CUST-04753,Analytics,2026-01-26
CUST-04755,WhatsApp,2026-03-16
CUST-04755,Analytics,2026-03-02
CUST-04755,Call Routing,2026-03-09
CUST-04756,WhatsApp,2026-02-16
CUST-04756,Call Routing,2026-03-02
CUST-04756,AI Assist,2026-02-16
CUST-04758,AI Voice Agent,2026-02-23
CUST-04758,Call Routing,2026-03-16
CUST-04758,AI Assist,2026-03-16
CUST-04759,WhatsApp,2026-01-19
CUST-04759,Analytics,2026-01-12
CUST-04759,AI Assist,2026-01-12
CUST-04760,Integrations,2026-01-19
CUST-04761,WhatsApp,2026-01-19
CUST-04762,AI Voice Agent,2026-02-09
CUST-04762,WhatsApp,2026-02-09
CUST-04762,Call Routing,2026-02-02
CUST-04762,AI Assist,2026-03-02
CUST-04762,Integrations,2026-03-23
CUST-04763,AI Voice Agent,2026-01-26
CUST-04763,WhatsApp,2026-03-02
CUST-04763,Analytics,2026-02-16
CUST-04764,Analytics,2026-03-09
CUST-04764,Call Routing,2026-02-02
CUST-04765,WhatsApp,2026-01-26
CUST-04765,Call Routing,2026-03-23
CUST-04766,Analytics,2026-01-05
CUST-04766,Call Routing,2026-01-26
CUST-04767,WhatsApp,2026-01-05
CUST-04767,Call Routing,2026-01-05
CUST-04767,Integrations,2026-01-05
CUST-04768,AI Assist,2026-01-12
CUST-04769,AI Assist,2026-01-19
CUST-04769,Integrations,2026-01-12
CUST-04771,WhatsApp,2026-02-09
CUST-04771,Call Routing,2026-03-16
CUST-04771,Integrations,2026-01-05
CUST-04772,Call Routing,2026-03-02
CUST-04773,Analytics,2026-02-02
CUST-04774,WhatsApp,2026-03-16
CUST-04774,Call Routing,2026-02-09
CUST-04775,AI Voice Agent,2026-02-02
CUST-04775,WhatsApp,2026-02-09
CUST-04776,Analytics,2026-02-16
CUST-04776,Call Routing,2026-01-26
CUST-04777,Analytics,2026-01-19
CUST-04778,AI Voice Agent,2026-01-19
CUST-04778,Analytics,2026-02-16
CUST-04778,AI Assist,2026-02-02
CUST-04779,WhatsApp,2026-03-09
CUST-04780,Analytics,2026-03-16
CUST-04780,Integrations,2026-02-02
CUST-04781,AI Voice Agent,2026-01-19
CUST-04783,WhatsApp,2026-03-09
CUST-04784,AI Voice Agent,2026-01-19
CUST-04785,Analytics,2026-03-02
CUST-04785,Call Routing,2026-03-02
CUST-04785,Integrations,2026-03-02
CUST-04786,AI Voice Agent,2026-01-05
CUST-04786,AI Assist,2026-02-02
CUST-04787,WhatsApp,2026-01-05
CUST-04787,Analytics,2026-03-16
CUST-04788,Analytics,2026-03-02
CUST-04788,Call Routing,2026-02-16
CUST-04788,AI Assist,2026-02-23
CUST-04789,Analytics,2026-01-12
CUST-04790,WhatsApp,2026-02-16
CUST-04790,Analytics,2026-01-19
CUST-04791,AI Voice Agent,2026-02-09
CUST-04791,Analytics,2026-03-09
CUST-04791,AI Assist,2026-01-05
CUST-04792,AI Voice Agent,2026-02-02
CUST-04792,Analytics,2026-01-26
CUST-04792,Integrations,2026-02-23
CUST-04793,Analytics,2026-01-05
CUST-04793,Call Routing,2026-03-09
CUST-04794,AI Voice Agent,2026-03-02
CUST-04794,WhatsApp,2026-03-02
CUST-04794,Analytics,2026-03-09
CUST-04795,Analytics,2026-02-23
CUST-04796,AI Voice Agent,2026-02-09
CUST-04796,WhatsApp,2026-01-05
CUST-04796,Analytics,2026-01-05
CUST-04796,Call Routing,2026-03-02
CUST-04796,Integrations,2026-01-12
CUST-04797,Call Routing,2026-02-02
CUST-04798,AI Voice Agent,2026-03-09
CUST-04798,WhatsApp,2026-03-09
CUST-04798,Analytics,2026-03-09
CUST-04798,Call Routing,2026-03-09
CUST-04798,Integrations,2026-03-16
CUST-04799,WhatsApp,2026-02-09
CUST-04799,Analytics,2026-02-09
CUST-04800,WhatsApp,2026-03-16
CUST-04801,AI Voice Agent,2026-01-26
CUST-04801,Call Routing,2026-03-02
CUST-04802,WhatsApp,2026-03-23
CUST-04802,Analytics,2026-02-02
CUST-04802,Call Routing,2026-02-16
CUST-04803,WhatsApp,2026-02-02
CUST-04803,AI Assist,2026-01-26
CUST-04804,WhatsApp,2026-01-05
CUST-04805,WhatsApp,2026-01-12
CUST-04807,AI Voice Agent,2026-02-02
CUST-04807,AI Assist,2026-01-12
CUST-04808,WhatsApp,2026-01-12
CUST-04808,Analytics,2026-01-05
CUST-04808,Call Routing,2026-01-26
CUST-04808,Integrations,2026-01-05
CUST-04809,WhatsApp,2026-01-12
CUST-04809,Analytics,2026-01-12
CUST-04809,Call Routing,2026-01-12
CUST-04810,Analytics,2026-03-09
CUST-04810,Call Routing,2026-01-12
CUST-04811,WhatsApp,2026-03-23
CUST-04811,Integrations,2026-03-09
CUST-04812,Analytics,2026-01-05
CUST-04813,WhatsApp,2026-01-05
CUST-04813,AI Assist,2026-03-16
CUST-04814,WhatsApp,2026-02-02
CUST-04814,Analytics,2026-03-02
CUST-04814,AI Assist,2026-02-16
CUST-04816,Call Routing,2026-01-05
CUST-04817,AI Voice Agent,2026-03-16
CUST-04817,AI Assist,2026-03-09
CUST-04821,AI Voice Agent,2026-02-09
CUST-04821,AI Assist,2026-01-26
CUST-04822,WhatsApp,2026-01-12
CUST-04823,WhatsApp,2026-03-09
CUST-04824,Call Routing,2026-02-23
CUST-04825,Analytics,2026-01-26
CUST-04825,Call Routing,2026-02-09
CUST-04826,AI Voice Agent,2026-02-16
CUST-04826,WhatsApp,2026-03-02
CUST-04826,Call Routing,2026-03-09
CUST-04826,Integrations,2026-02-16
CUST-04827,AI Voice Agent,2026-03-02
CUST-04827,Analytics,2026-02-16
CUST-04827,Call Routing,2026-03-02
CUST-04828,Integrations,2026-02-02
CUST-04829,AI Voice Agent,2026-01-26
CUST-04829,WhatsApp,2026-02-09
CUST-04829,Analytics,2026-03-02
CUST-04829,AI Assist,2026-02-09
CUST-04830,AI Voice Agent,2026-01-26
CUST-04830,WhatsApp,2026-01-19
CUST-04830,Analytics,2026-01-19
CUST-04831,WhatsApp,2026-02-02
CUST-04831,Analytics,2026-01-26
CUST-04832,AI Voice Agent,2026-02-16
CUST-04833,WhatsApp,2026-01-05
CUST-04833,Call Routing,2026-01-12
CUST-04835,AI Voice Agent,2026-02-16
CUST-04836,AI Voice Agent,2026-01-12
CUST-04836,AI Assist,2026-01-26
CUST-04838,Analytics,2026-01-12
CUST-04838,Call Routing,2026-02-23
CUST-04839,AI Voice Agent,2026-03-02
CUST-04839,Analytics,2026-03-02
CUST-04840,AI Voice Agent,2026-01-26
CUST-04840,Analytics,2026-02-02
CUST-04840,AI Assist,2026-01-12
CUST-04841,WhatsApp,2026-02-02
CUST-04841,Call Routing,2026-02-02
CUST-04842,AI Voice Agent,2026-01-19
CUST-04842,WhatsApp,2026-01-26
CUST-04842,Analytics,2026-02-23
CUST-04842,Call Routing,2026-01-26
CUST-04842,AI Assist,2026-02-02
CUST-04843,AI Voice Agent,2026-03-02
CUST-04843,WhatsApp,2026-03-02
CUST-04843,Analytics,2026-03-02
CUST-04843,Call Routing,2026-03-23
CUST-04843,AI Assist,2026-03-02
CUST-04844,AI Voice Agent,2026-03-02
CUST-04844,WhatsApp,2026-02-23
CUST-04845,WhatsApp,2026-03-02
CUST-04846,AI Voice Agent,2026-03-02
CUST-04846,WhatsApp,2026-02-16
CUST-04846,Analytics,2026-02-23
CUST-04847,Analytics,2026-03-16
CUST-04847,Call Routing,2026-03-16
CUST-04848,AI Voice Agent,2026-02-09
CUST-04848,Analytics,2026-03-16
CUST-04848,AI Assist,2026-02-02
CUST-04849,WhatsApp,2026-01-12
CUST-04849,Analytics,2026-01-19
CUST-04849,Call Routing,2026-01-12
CUST-04849,Integrations,2026-01-12
CUST-04850,AI Voice Agent,2026-02-16
CUST-04850,WhatsApp,2026-03-09
CUST-04850,Analytics,2026-02-16
CUST-04850,Call Routing,2026-02-23
CUST-04851,AI Voice Agent,2026-01-26
CUST-04851,WhatsApp,2026-01-12
CUST-04851,Analytics,2026-03-23
CUST-04851,Integrations,2026-03-16
CUST-04852,WhatsApp,2026-03-09
CUST-04852,Analytics,2026-03-09
CUST-04853,WhatsApp,2026-01-19
CUST-04854,AI Voice Agent,2026-01-05
CUST-04854,WhatsApp,2026-02-23
CUST-04856,WhatsApp,2026-03-02
CUST-04856,AI Assist,2026-03-02
CUST-04856,Integrations,2026-03-09
CUST-04857,WhatsApp,2026-01-12
CUST-04858,Analytics,2026-03-09
CUST-04859,WhatsApp,2026-03-09
CUST-04860,AI Assist,2026-03-02
CUST-04861,Call Routing,2026-02-23
CUST-04861,AI Assist,2026-02-23
CUST-04862,WhatsApp,2026-02-16
CUST-04864,AI Voice Agent,2026-02-02
CUST-04864,WhatsApp,2026-01-26
CUST-04866,WhatsApp,2026-01-19
CUST-04867,WhatsApp,2026-01-19
CUST-04867,Analytics,2026-02-02
CUST-04868,Call Routing,2026-02-23
CUST-04869,WhatsApp,2026-02-23
CUST-04869,Call Routing,2026-03-02
CUST-04870,AI Voice Agent,2026-01-12
CUST-04870,WhatsApp,2026-02-02
CUST-04870,Analytics,2026-01-12
CUST-04871,WhatsApp,2026-02-02
CUST-04871,Integrations,2026-03-16
CUST-04872,WhatsApp,2026-01-12
CUST-04872,Analytics,2026-01-12
CUST-04873,WhatsApp,2026-02-09
CUST-04874,WhatsApp,2026-01-19
CUST-04874,Analytics,2026-01-19
CUST-04874,Call Routing,2026-01-19
CUST-04875,Call Routing,2026-03-09
CUST-04876,Analytics,2026-02-09
CUST-04876,Call Routing,2026-01-19
CUST-04876,AI Assist,2026-03-09
CUST-04877,AI Assist,2026-01-05
CUST-04878,WhatsApp,2026-01-26
CUST-04878,AI Assist,2026-03-09
CUST-04879,WhatsApp,2026-02-16
CUST-04879,Analytics,2026-02-09
CUST-04880,AI Voice Agent,2026-01-12
CUST-04880,WhatsApp,2026-02-09
CUST-04880,Analytics,2026-01-26
CUST-04880,AI Assist,2026-02-02
CUST-04881,WhatsApp,2026-03-09
CUST-04881,Analytics,2026-03-02
CUST-04881,Call Routing,2026-03-02
CUST-04882,AI Voice Agent,2026-01-05
CUST-04882,WhatsApp,2026-01-26
CUST-04882,AI Assist,2026-01-12
CUST-04883,WhatsApp,2026-01-12
CUST-04884,Integrations,2026-02-09
CUST-04885,WhatsApp,2026-02-16
CUST-04885,Analytics,2026-02-16
CUST-04886,WhatsApp,2026-01-12
CUST-04886,Analytics,2026-01-12
CUST-04887,AI Assist,2026-02-23
CUST-04888,Analytics,2026-02-23
CUST-04888,Integrations,2026-02-16
CUST-04889,Analytics,2026-03-16
CUST-04889,Integrations,2026-03-02
CUST-04890,Analytics,2026-02-09
CUST-04890,Integrations,2026-01-19
CUST-04891,WhatsApp,2026-02-02
CUST-04892,WhatsApp,2026-03-02
CUST-04892,Integrations,2026-02-16
CUST-04893,WhatsApp,2026-03-02
CUST-04893,Analytics,2026-03-02
CUST-04893,Call Routing,2026-03-02
CUST-04893,AI Assist,2026-03-02
CUST-04894,AI Voice Agent,2026-02-23
CUST-04894,WhatsApp,2026-02-23
CUST-04894,AI Assist,2026-03-16
CUST-04895,AI Voice Agent,2026-01-26
CUST-04895,Analytics,2026-01-19
CUST-04896,WhatsApp,2026-01-26
CUST-04896,Analytics,2026-01-26
CUST-04897,Analytics,2026-02-16
CUST-04898,Call Routing,2026-03-02
CUST-04899,AI Voice Agent,2026-02-09
CUST-04899,WhatsApp,2026-01-19
CUST-04899,AI Assist,2026-01-19
CUST-04900,AI Assist,2026-01-26
CUST-04900,Integrations,2026-01-26
CUST-04901,AI Voice Agent,2026-01-26
CUST-04901,Analytics,2026-02-16
CUST-04901,Call Routing,2026-02-23
CUST-04902,AI Voice Agent,2026-02-02
CUST-04902,WhatsApp,2026-01-26
CUST-04902,Integrations,2026-02-09
CUST-04903,WhatsApp,2026-02-23
CUST-04903,Analytics,2026-02-23
CUST-04903,Call Routing,2026-02-23
CUST-04904,Call Routing,2026-02-09
CUST-04904,Integrations,2026-02-16
CUST-04905,WhatsApp,2026-03-23
CUST-04905,Call Routing,2026-02-02
CUST-04905,AI Assist,2026-02-02
CUST-04906,WhatsApp,2026-03-23
CUST-04907,AI Assist,2026-01-12
CUST-04908,WhatsApp,2026-02-09
CUST-04908,Analytics,2026-01-12
CUST-04909,Analytics,2026-01-12
CUST-04909,Call Routing,2026-01-05
CUST-04910,WhatsApp,2026-02-02
CUST-04910,AI Assist,2026-01-05
CUST-04912,Integrations,2026-01-05
CUST-04914,WhatsApp,2026-02-16
CUST-04914,Integrations,2026-02-23
CUST-04915,Call Routing,2026-02-16
CUST-04916,AI Voice Agent,2026-01-26
CUST-04916,WhatsApp,2026-03-16
CUST-04916,Call Routing,2026-03-09
CUST-04917,WhatsApp,2026-01-12
CUST-04917,Analytics,2026-02-16
CUST-04918,WhatsApp,2026-02-23
CUST-04918,Analytics,2026-03-23
CUST-04918,Call Routing,2026-03-09
CUST-04918,Integrations,2026-02-02
CUST-04919,WhatsApp,2026-01-12
CUST-04919,Analytics,2026-01-05
CUST-04919,Call Routing,2026-01-05
CUST-04919,AI Assist,2026-01-05
CUST-04919,Integrations,2026-01-12
CUST-04920,AI Voice Agent,2026-01-12
CUST-04920,Integrations,2026-01-19
CUST-04921,WhatsApp,2026-02-16
CUST-04921,Analytics,2026-02-23
CUST-04921,Call Routing,2026-02-23
CUST-04921,Integrations,2026-03-09
CUST-04922,AI Voice Agent,2026-01-26
CUST-04922,WhatsApp,2026-01-12
CUST-04923,AI Voice Agent,2026-01-12
CUST-04923,WhatsApp,2026-02-16
CUST-04923,Analytics,2026-02-16
CUST-04923,AI Assist,2026-01-12
CUST-04925,AI Voice Agent,2026-01-12
CUST-04925,Integrations,2026-02-09
CUST-04926,Call Routing,2026-01-26
CUST-04927,Analytics,2026-02-16
CUST-04927,Call Routing,2026-03-16
CUST-04927,AI Assist,2026-03-02
CUST-04927,Integrations,2026-02-23
CUST-04928,WhatsApp,2026-01-26
CUST-04928,Analytics,2026-01-19
CUST-04928,Integrations,2026-03-09
CUST-04930,WhatsApp,2026-03-16
CUST-04930,Call Routing,2026-02-16
CUST-04931,WhatsApp,2026-01-26
CUST-04932,Analytics,2026-02-16
CUST-04933,WhatsApp,2026-03-09
CUST-04933,Analytics,2026-02-16
CUST-04933,Integrations,2026-02-23
CUST-04934,WhatsApp,2026-01-05
CUST-04934,Analytics,2026-01-19
CUST-04935,Analytics,2026-02-16
CUST-04936,AI Voice Agent,2026-02-02
CUST-04936,WhatsApp,2026-01-05
CUST-04936,Analytics,2026-02-02
CUST-04936,Call Routing,2026-03-16
CUST-04937,WhatsApp,2026-02-16
CUST-04938,Analytics,2026-01-12
CUST-04938,Call Routing,2026-01-19
CUST-04939,AI Voice Agent,2026-02-16
CUST-04939,Analytics,2026-02-09
CUST-04939,AI Assist,2026-02-02
CUST-04940,Analytics,2026-03-16
CUST-04941,AI Voice Agent,2026-03-09
CUST-04942,WhatsApp,2026-01-26
CUST-04943,WhatsApp,2026-02-02
CUST-04944,AI Voice Agent,2026-02-02
CUST-04944,WhatsApp,2026-02-09
CUST-04944,Analytics,2026-02-23
CUST-04944,Call Routing,2026-01-19
CUST-04944,AI Assist,2026-01-26
CUST-04944,Integrations,2026-01-19
CUST-04945,WhatsApp,2026-01-26
CUST-04945,Analytics,2026-01-05
CUST-04946,WhatsApp,2026-01-12
CUST-04946,Analytics,2026-01-05
CUST-04947,WhatsApp,2026-03-02
CUST-04947,Analytics,2026-02-09
CUST-04947,Call Routing,2026-02-23
CUST-04947,Integrations,2026-01-19
CUST-04948,AI Assist,2026-03-09
CUST-04949,WhatsApp,2026-01-12
CUST-04950,Call Routing,2026-02-16
CUST-04951,Analytics,2026-03-23
CUST-04952,WhatsApp,2026-01-19
CUST-04952,Analytics,2026-01-19
CUST-04953,Analytics,2026-02-23
CUST-04954,Call Routing,2026-02-02
CUST-04954,Integrations,2026-01-05
CUST-04955,WhatsApp,2026-02-16
CUST-04955,Integrations,2026-02-16
CUST-04956,Analytics,2026-03-09
CUST-04956,Call Routing,2026-01-12
CUST-04957,WhatsApp,2026-01-19
CUST-04957,Analytics,2026-02-09
CUST-04958,AI Voice Agent,2026-02-23
CUST-04958,WhatsApp,2026-03-02
CUST-04958,Analytics,2026-02-23
CUST-04958,AI Assist,2026-02-23
CUST-04960,Analytics,2026-02-23
CUST-04960,AI Assist,2026-03-16
CUST-04961,WhatsApp,2026-01-26
CUST-04961,AI Assist,2026-03-02
CUST-04962,AI Voice Agent,2026-02-02
CUST-04962,WhatsApp,2026-01-05
CUST-04962,Call Routing,2026-02-02
CUST-04962,Integrations,2026-01-19
CUST-04963,AI Voice Agent,2026-01-05
CUST-04963,WhatsApp,2026-03-23
CUST-04963,Analytics,2026-01-26
CUST-04964,Analytics,2026-01-05
CUST-04964,Call Routing,2026-01-05
CUST-04965,AI Assist,2026-01-26
CUST-04966,WhatsApp,2026-01-19
CUST-04966,Call Routing,2026-01-26
CUST-04967,AI Voice Agent,2026-02-09
CUST-04967,WhatsApp,2026-03-16
CUST-04968,AI Voice Agent,2026-02-09
CUST-04968,WhatsApp,2026-01-12
CUST-04968,AI Assist,2026-02-16
CUST-04969,AI Voice Agent,2026-01-12
CUST-04969,WhatsApp,2026-01-19
CUST-04970,AI Voice Agent,2026-01-26
CUST-04970,WhatsApp,2026-03-16
CUST-04971,Call Routing,2026-03-02
CUST-04972,Call Routing,2026-02-23
CUST-04973,AI Voice Agent,2026-01-05
CUST-04973,WhatsApp,2026-02-09
CUST-04973,Call Routing,2026-02-23
CUST-04973,AI Assist,2026-03-16
CUST-04974,Call Routing,2026-03-02
CUST-04975,WhatsApp,2026-01-26
CUST-04975,Analytics,2026-02-09
CUST-04975,Call Routing,2026-01-12
CUST-04976,Analytics,2026-02-02
CUST-04976,AI Assist,2026-02-02
CUST-04977,AI Voice Agent,2026-01-12
CUST-04977,Integrations,2026-03-02
CUST-04978,WhatsApp,2026-03-16
CUST-04978,Integrations,2026-03-02
CUST-04979,WhatsApp,2026-01-05
CUST-04979,Call Routing,2026-01-05
CUST-04979,Integrations,2026-01-05
CUST-04980,WhatsApp,2026-03-23
CUST-04980,Integrations,2026-02-23
CUST-04981,Integrations,2026-03-09
CUST-04982,AI Voice Agent,2026-01-12
CUST-04982,Call Routing,2026-01-26
CUST-04983,AI Voice Agent,2026-01-26
CUST-04983,Analytics,2026-01-05
CUST-04984,Analytics,2026-02-16
CUST-04985,AI Voice Agent,2026-01-12
CUST-04985,WhatsApp,2026-01-19
CUST-04985,Analytics,2026-03-16
CUST-04987,AI Assist,2026-02-02
CUST-04988,AI Voice Agent,2026-02-09
CUST-04988,WhatsApp,2026-01-05
CUST-04988,Analytics,2026-02-16
CUST-04988,Call Routing,2026-01-19
CUST-04989,AI Voice Agent,2026-03-02
CUST-04989,WhatsApp,2026-03-02
CUST-04990,AI Assist,2026-03-02
CUST-04991,WhatsApp,2026-03-09
CUST-04992,Analytics,2026-03-23
CUST-04992,Call Routing,2026-03-16
CUST-04993,AI Voice Agent,2026-01-12
CUST-04993,WhatsApp,2026-01-12
CUST-04993,Analytics,2026-01-12
CUST-04993,AI Assist,2026-01-19
CUST-04994,AI Voice Agent,2026-02-02
CUST-04994,Analytics,2026-02-02
CUST-04994,Integrations,2026-03-09
CUST-04995,AI Voice Agent,2026-01-12
CUST-04995,Analytics,2026-01-12
CUST-04995,AI Assist,2026-01-12
CUST-04996,WhatsApp,2026-03-09
CUST-04997,Analytics,2026-01-26
CUST-04997,Integrations,2026-02-09
CUST-04998,WhatsApp,2026-03-23
CUST-04999,WhatsApp,2026-02-02
CUST-04999,Analytics,2026-01-12
CUST-04999,Call Routing,2026-01-26
CUST-05000,AI Voice Agent,2026-01-12
CUST-05000,WhatsApp,2026-03-23
CUST-05000,Call Routing,2026-03-09
